


INSERT INTO ORG_COMPANY(ID,NAME,STATUS,SCOPE_ID) VALUES(1,'哈尔滨天翔软件有限公司',1,'1');



INSERT INTO ORG_DEPARTMENT(ID,NAME,STATUS,SCOPE_ID) VALUES(1,'市场部',1,'1');
INSERT INTO ORG_DEPARTMENT(ID,NAME,STATUS,SCOPE_ID) VALUES(2,'财务部',1,'1');
INSERT INTO ORG_DEPARTMENT(ID,NAME,STATUS,SCOPE_ID) VALUES(3,'人事部',1,'1');
INSERT INTO ORG_DEPARTMENT(ID,NAME,STATUS,SCOPE_ID) VALUES(4,'研发部',1,'1');



INSERT INTO ORG_GROUP(ID,NAME,STATUS,SCOPE_ID) VALUES(1,'平台组',1,'1');
INSERT INTO ORG_GROUP(ID,NAME,STATUS,SCOPE_ID) VALUES(2,'OA组',1,'1');



INSERT INTO ORG_POSITION_TYPE(ID,NAME,SCOPE_ID) VALUES(1,'研发','1');
INSERT INTO ORG_POSITION_TYPE(ID,NAME,SCOPE_ID) VALUES(2,'产品','1');



INSERT INTO ORG_POSITION(ID,NAME,TYPE_ID,SCOPE_ID) VALUES(1,'rd',1,'1');
INSERT INTO ORG_POSITION(ID,NAME,TYPE_ID,SCOPE_ID) VALUES(2,'pm',2,'1');


INSERT INTO ORG_POSITION_TYPE(ID,NAME,SCOPE_ID) VALUES(3,'管理','1');

UPDATE ORG_POSITION SET NAME='总经理',TYPE_ID=3 where id=1;
UPDATE ORG_POSITION SET NAME='部门经理',TYPE_ID=3 where id=2;
INSERT INTO ORG_POSITION(ID,NAME,TYPE_ID,SCOPE_ID) VALUES(3,'研发工程师',1,'1');
INSERT INTO ORG_POSITION(ID,NAME,TYPE_ID,SCOPE_ID) VALUES(4,'商务主管',2,'1');

INSERT INTO JOB_GRADE(ID,NAME,SCOPE_ID) VALUES(1,'A','1');
INSERT INTO JOB_GRADE(ID,NAME,SCOPE_ID) VALUES(2,'B','1');

INSERT INTO JOB_LEVEL(ID,NAME,GRADE_ID,SCOPE_ID) VALUES(1,'1',1,'1');
INSERT INTO JOB_LEVEL(ID,NAME,GRADE_ID,SCOPE_ID) VALUES(2,'2',2,'1');

INSERT INTO JOB_TYPE(ID,NAME,SCOPE_ID) VALUES(1,'决策管理类','1');
INSERT INTO JOB_TYPE(ID,NAME,SCOPE_ID) VALUES(2,'技术类','2');

INSERT INTO JOB_TITLE(ID,NAME,SCOPE_ID) VALUES(1,'总经理','1');
INSERT INTO JOB_TITLE(ID,NAME,SCOPE_ID) VALUES(2,'部门经理','1');

INSERT INTO JOB_INFO(ID,LEVEL_ID,TYPE_ID,TITLE_ID,SCOPE_ID) VALUES(1,1,1,1,'1');
INSERT INTO JOB_INFO(ID,LEVEL_ID,TYPE_ID,TITLE_ID,SCOPE_ID) VALUES(2,2,2,2,'1');

INSERT INTO JOB_USER(ID,USER_REF,JOB_INFO_ID,SCOPE_ID) VALUES(1,'5',1,'1');
INSERT INTO JOB_USER(ID,USER_REF,JOB_INFO_ID,SCOPE_ID) VALUES(2,'3',2,'1');
INSERT INTO JOB_USER(ID,USER_REF,JOB_INFO_ID,SCOPE_ID) VALUES(3,'4',2,'1');

