/* ==========================================================================================  */
/* =============================  IB_CONF_COMPONENT 业务模块组件管理表    =============================  */
/* ==========================================================================================  */
INSERT INTO IB_CONF_COMPONENT(ID,PACKAGENAME,MODULENAME,PARENTID,TYPEID) VALUES('productmanage0000','productmanage','产品管理','0','sModule');
INSERT INTO IB_CONF_COMPONENT(ID,PACKAGENAME,MODULENAME,PARENTID,TYPEID) VALUES('productmanage0001','productmanage','表存储设计器','productmanage0000','Table');
INSERT INTO IB_CONF_COMPONENT(ID,PACKAGENAME,MODULENAME,PARENTID,TYPEID) VALUES('productmanage0002','productmanage','表单设计器','productmanage0000','Form');
INSERT INTO IB_CONF_COMPONENT(ID,PACKAGENAME,MODULENAME,PARENTID,TYPEID) VALUES('productmanage0003','productmanage','流程表设计器','productmanage0000','BpmTable');
INSERT INTO IB_CONF_COMPONENT(ID,PACKAGENAME,MODULENAME,PARENTID,TYPEID) VALUES('productmanage0004','productmanage','流程表单设计器','productmanage0000','BpmForm');
INSERT INTO IB_CONF_COMPONENT(ID,PACKAGENAME,MODULENAME,PARENTID,TYPEID) VALUES('productmanage0005','productmanage','流程设计器','productmanage0000','Bpm');
/* ================= 菜单管理表  ==================   */
INSERT INTO IB_MENU(ID,MENUNAME,MENULEVEL,MENUURL,MENUIFRAME,MENUORDER,PARENTID) VALUES('productmanageOne','产品管理','1','#','URL','5','0');
INSERT INTO IB_MENU(ID,MENUNAME,MENULEVEL,MENUURL,MENUIFRAME,MENUORDER,PARENTID) VALUES('productmanageTwo1','原料信息','2','#','URL','1','productmanageOne');
INSERT INTO IB_MENU(ID,MENUNAME,MENULEVEL,MENUURL,MENUIFRAME,MENUORDER,PARENTID) VALUES('productmanageTwo2','原料管理','2','#','URL','1','productmanageOne');
INSERT INTO IB_MENU(ID,MENUNAME,MENULEVEL,MENUURL,MENUIFRAME,MENUORDER,PARENTID) VALUES('productmanageTwo3','产品信息','2','#','URL','1','productmanageOne');
INSERT INTO IB_MENU(ID,MENUNAME,MENULEVEL,MENUURL,MENUIFRAME,MENUORDER,PARENTID) VALUES('productmanageTwo4','产品管理','2','#','URL','1','productmanageOne');
INSERT INTO IB_MENU(ID,MENUNAME,MENULEVEL,MENUURL,MENUIFRAME,MENUORDER,PARENTID) VALUES('productmanageThree11','原料分类','3','/materials_type/materials_type-list.do','URL','1','productmanageTwo1');
INSERT INTO IB_MENU(ID,MENUNAME,MENULEVEL,MENUURL,MENUIFRAME,MENUORDER,PARENTID) VALUES('productmanageThree101','原料分类(树)','3','/materialsTypeTree/tree-list.do','URL','1','productmanageTwo1');
INSERT INTO IB_MENU(ID,MENUNAME,MENULEVEL,MENUURL,MENUIFRAME,MENUORDER,PARENTID) VALUES('productmanageThree12','原料管理','3','/materials/materials-list.do','URL','2','productmanageTwo1');
INSERT INTO IB_MENU(ID,MENUNAME,MENULEVEL,MENUURL,MENUIFRAME,MENUORDER,PARENTID) VALUES('productmanageThree21','原料入库流程','3','/material_in/material_in-list.do?flowType=0&flowId=materialin001','URL','1','productmanageTwo2');
INSERT INTO IB_MENU(ID,MENUNAME,MENULEVEL,MENUURL,MENUIFRAME,MENUORDER,PARENTID) VALUES('productmanageThree22','(领料)原料出库','3','/material_out/material_out-list.do?flowType=0&flowId=materialOut001','URL','2','productmanageTwo2');
INSERT INTO IB_MENU(ID,MENUNAME,MENULEVEL,MENUURL,MENUIFRAME,MENUORDER,PARENTID) VALUES('productmanageThree23','原料库存管理','3','/warehouse_materials/warehouse_materials-list.do','URL','3','productmanageTwo2');
INSERT INTO IB_MENU(ID,MENUNAME,MENULEVEL,MENUURL,MENUIFRAME,MENUORDER,PARENTID) VALUES('productmanageThree31','仓库信息','3','/warehouse/warehouse-list.do','URL','1','productmanageTwo3');
INSERT INTO IB_MENU(ID,MENUNAME,MENULEVEL,MENUURL,MENUIFRAME,MENUORDER,PARENTID) VALUES('productmanageThree32','产品分类管理','3','/productTypeTree/tree-list.do','URL','2','productmanageTwo3');
INSERT INTO IB_MENU(ID,MENUNAME,MENULEVEL,MENUURL,MENUIFRAME,MENUORDER,PARENTID) VALUES('productmanageThree33','产品管理','3','/product/product-list.do','URL','3','productmanageTwo3');
INSERT INTO IB_MENU(ID,MENUNAME,MENULEVEL,MENUURL,MENUIFRAME,MENUORDER,PARENTID) VALUES('productmanageThree41','产品入库流程','3','/product_in/product_in-list.do?flowType=0&flowId=productIn001','URL','1','productmanageTwo4');
INSERT INTO IB_MENU(ID,MENUNAME,MENULEVEL,MENUURL,MENUIFRAME,MENUORDER,PARENTID) VALUES('productmanageThree42','项目出库流程','3','/project_out/project_out-list.do?flowType=0&flowId=productOut001','URL','2','productmanageTwo4');
INSERT INTO IB_MENU(ID,MENUNAME,MENULEVEL,MENUURL,MENUIFRAME,MENUORDER,PARENTID) VALUES('productmanageThree43','产品库存管理','3','/warehouse_product/warehouse_product-list.do','URL','3','productmanageTwo4');
/*===============   菜单和角色模板关联表  =============================*/
INSERT INTO IB_MENU_ROLE_DEF(MENU_ID,ROLE_DEF_ID) VALUES('productmanageOne','2');
INSERT INTO IB_MENU_ROLE_DEF(MENU_ID,ROLE_DEF_ID) VALUES('productmanageTwo1','2');
INSERT INTO IB_MENU_ROLE_DEF(MENU_ID,ROLE_DEF_ID) VALUES('productmanageTwo2','2');
INSERT INTO IB_MENU_ROLE_DEF(MENU_ID,ROLE_DEF_ID) VALUES('productmanageTwo3','2');
INSERT INTO IB_MENU_ROLE_DEF(MENU_ID,ROLE_DEF_ID) VALUES('productmanageTwo4','2');
INSERT INTO IB_MENU_ROLE_DEF(MENU_ID,ROLE_DEF_ID) VALUES('productmanageThree11','2');
INSERT INTO IB_MENU_ROLE_DEF(MENU_ID,ROLE_DEF_ID) VALUES('productmanageThree101','2');
INSERT INTO IB_MENU_ROLE_DEF(MENU_ID,ROLE_DEF_ID) VALUES('productmanageThree12','2');
INSERT INTO IB_MENU_ROLE_DEF(MENU_ID,ROLE_DEF_ID) VALUES('productmanageThree21','2');
INSERT INTO IB_MENU_ROLE_DEF(MENU_ID,ROLE_DEF_ID) VALUES('productmanageThree22','2');
INSERT INTO IB_MENU_ROLE_DEF(MENU_ID,ROLE_DEF_ID) VALUES('productmanageThree23','2');
INSERT INTO IB_MENU_ROLE_DEF(MENU_ID,ROLE_DEF_ID) VALUES('productmanageThree31','2');
INSERT INTO IB_MENU_ROLE_DEF(MENU_ID,ROLE_DEF_ID) VALUES('productmanageThree32','2');
INSERT INTO IB_MENU_ROLE_DEF(MENU_ID,ROLE_DEF_ID) VALUES('productmanageThree33','2');
INSERT INTO IB_MENU_ROLE_DEF(MENU_ID,ROLE_DEF_ID) VALUES('productmanageThree41','2');
INSERT INTO IB_MENU_ROLE_DEF(MENU_ID,ROLE_DEF_ID) VALUES('productmanageThree42','2');
INSERT INTO IB_MENU_ROLE_DEF(MENU_ID,ROLE_DEF_ID) VALUES('productmanageThree43','2');

/* ================================================================================   */
/* ===================================    仓库信息表          =================================   */
/* ================================================================================   */
/* ================= 业务表结构管理表 ==================   */
insert  into ib_conf_table(ID,PACKAGENAME,TABLENAME,TABLENAMECOMMENT,TABLETYPE,PARENTTABLEID,ISBPMTABLE) values ('ib_warehouse001','productmanage','IB_WAREHOUSE','仓库信息','1',NULL,2);
/* ================= 业务表字段结构管理表 ==================   */
insert  into ib_conf_table_columns(tableName,columnValue,columnName,columnType,columnSize,isNull,defaultValue,columnNo) values ('IB_WAREHOUSE','ID','UUID主键','VARCHAR','64','否',NULL,91);
insert  into ib_conf_table_columns(tableName,columnValue,columnName,columnType,columnSize,isNull,defaultValue,columnNo) values ('IB_WAREHOUSE','WAREHOUSENO','仓库编号','VARCHAR','64','是','',1);
insert  into ib_conf_table_columns(tableName,columnValue,columnName,columnType,columnSize,isNull,defaultValue,columnNo) values ('IB_WAREHOUSE','WAREHOUSENAME','仓库名称','VARCHAR','128','是','',2);
insert  into ib_conf_table_columns(tableName,columnValue,columnName,columnType,columnSize,isNull,defaultValue,columnNo) values ('IB_WAREHOUSE','WAREHOUSELOCATION','仓库位置','VARCHAR','128','是','',3);
/* ================= 表单管理表 ==================   */
insert  into ib_conf_form(ID,PACKAGENAME,FORMNAME,FORMTITLE,FORMURL,ISEDIT,ISADD,ISDELETE,ISQUERY,ISEXCELEXPORT,ISIMPORTEXPORT,ISBPMFORM) values ('productmanage-warehouse001','productmanage','warehouse','仓库管理','/warehouse/warehouse-list.do',1,1,1,1,2,2,2);
/* ================= 表单对应数据表管理表 ==================   */
insert  into ib_conf_form_table(PACKAGENAME,FORMNAME,TABLENAME,TABLETYPE) values ('productmanage','warehouse','IB_WAREHOUSE','main');
/* ================= 表单对应字段管理表 ==================   */
insert  into ib_conf_form_table_colums(PACKAGENAME,FORMNAME,FORMCOLUMN,FORMCOLUMNTITLE,TABLECOLUMN,TABLENAME,COLUMNNO,FCTYPE,FCWIDTH,FCHEIGHT,FCDISPLAY,FCEDIT,FCQUERY,FCMUST,FCDEFAULT,CONFSELECTINFO) values ('productmanage','warehouse','IB_WAREHOUSE.WAREHOUSENO','仓库编号','WAREHOUSENO','IB_WAREHOUSE',1,'1','','','1','1','2','1','','');
insert  into ib_conf_form_table_colums(PACKAGENAME,FORMNAME,FORMCOLUMN,FORMCOLUMNTITLE,TABLECOLUMN,TABLENAME,COLUMNNO,FCTYPE,FCWIDTH,FCHEIGHT,FCDISPLAY,FCEDIT,FCQUERY,FCMUST,FCDEFAULT,CONFSELECTINFO) values ('productmanage','warehouse','IB_WAREHOUSE.WAREHOUSENAME','仓库名称','WAREHOUSENAME','IB_WAREHOUSE',2,'1','','','1','1','1','1','','');
insert  into ib_conf_form_table_colums(PACKAGENAME,FORMNAME,FORMCOLUMN,FORMCOLUMNTITLE,TABLECOLUMN,TABLENAME,COLUMNNO,FCTYPE,FCWIDTH,FCHEIGHT,FCDISPLAY,FCEDIT,FCQUERY,FCMUST,FCDEFAULT,CONFSELECTINFO) values ('productmanage','warehouse','IB_WAREHOUSE.WAREHOUSELOCATION','仓库位置','WAREHOUSELOCATION','IB_WAREHOUSE',3,'2','','','1','1','2','1','','');
/* ================= 仓库数据 ==================   */
INSERT INTO ib_warehouse(ID,WAREHOUSENO,WAREHOUSENAME,WAREHOUSELOCATION) VALUES ('100001','100001','黄河路仓库','哈尔滨市南岗区黄河路100号');
INSERT INTO ib_warehouse(ID,WAREHOUSENO,WAREHOUSENAME,WAREHOUSELOCATION) VALUES ('100002','100002','长江路仓库','哈尔滨市南岗区长江路200号');

/* ================================================================================   */
/* ===================================    原料分类信息表  =================================   */
/* ================================================================================   */
/* ================= 业务表结构管理表 ==================   */
insert  into ib_conf_table(ID,PACKAGENAME,TABLENAME,TABLENAMECOMMENT,TABLETYPE,PARENTTABLEID,ISBPMTABLE) values ('IB_MATERIALS_TYPE001','productmanage','IB_MATERIALS_TYPE','原料分类表','1',NULL,2);
/* ================= 业务表字段结构管理表 ==================   */
insert  into ib_conf_table_columns(tableName,columnValue,columnName,columnType,columnSize,isNull,defaultValue,columnNo) values ('IB_MATERIALS_TYPE','ID','UUID主键','VARCHAR','64','否',NULL,91);
insert  into ib_conf_table_columns(tableName,columnValue,columnName,columnType,columnSize,isNull,defaultValue,columnNo) values ('IB_MATERIALS_TYPE','TYPENO','分类编号','VARCHAR','64','是',NULL,1);
insert  into ib_conf_table_columns(tableName,columnValue,columnName,columnType,columnSize,isNull,defaultValue,columnNo) values ('IB_MATERIALS_TYPE','TYPENAME','分类名称','DATETIME','128','是',NULL,2);
insert  into ib_conf_table_columns(tableName,columnValue,columnName,columnType,columnSize,isNull,defaultValue,columnNo) values ('IB_MATERIALS_TYPE','PARENTID','父节点ID','VARCHAR','64','是',NULL,3);
insert  into ib_conf_table_columns(tableName,columnValue,columnName,columnType,columnSize,isNull,defaultValue,columnNo) values ('IB_MATERIALS_TYPE','ISLEAF','是否叶子节点','DATETIME','8','是',NULL,4);
/* ================= 表单管理表 ==================   */
insert  into ib_conf_form(ID,PACKAGENAME,FORMNAME,FORMTITLE,FORMURL,ISEDIT,ISADD,ISDELETE,ISQUERY,ISEXCELEXPORT,ISIMPORTEXPORT,ISBPMFORM) values ('productmanage-materialsType001','productmanage','materialsType','原料分类管理',NULL,1,1,1,1,2,2,2);
/* ================= 表单对应数据表管理表 ==================   */
insert  into ib_conf_form_table(PACKAGENAME,FORMNAME,TABLENAME,TABLETYPE) values ('productmanage','materialsType','IB_MATERIALS_TYPE','main');
/* ================= 表单对应字段管理表 ==================   */
insert  into ib_conf_form_table_colums(PACKAGENAME,FORMNAME,FORMCOLUMN,FORMCOLUMNTITLE,TABLECOLUMN,TABLENAME,COLUMNNO,FCTYPE,FCWIDTH,FCHEIGHT,FCDISPLAY,FCEDIT,FCQUERY,FCMUST,FCDEFAULT,CONFSELECTINFO) values ('productmanage','materialsType','IB_MATERIALS_TYPE.ISLEAF','是否叶子节点','ISLEAF','IB_MATERIALS_TYPE',4,'8','','','1','1','1','2','','');
insert  into ib_conf_form_table_colums(PACKAGENAME,FORMNAME,FORMCOLUMN,FORMCOLUMNTITLE,TABLECOLUMN,TABLENAME,COLUMNNO,FCTYPE,FCWIDTH,FCHEIGHT,FCDISPLAY,FCEDIT,FCQUERY,FCMUST,FCDEFAULT,CONFSELECTINFO) values ('productmanage','materialsType','IB_MATERIALS_TYPE.PARENTID','父节点','PARENTID','IB_MATERIALS_TYPE',3,'7','','','1','1','1','2','','{\"sql\":\"select id vKey, typeName vValue from IB_MATERIALS_TYPE where isleaf =\'true\' \"}');
insert  into ib_conf_form_table_colums(PACKAGENAME,FORMNAME,FORMCOLUMN,FORMCOLUMNTITLE,TABLECOLUMN,TABLENAME,COLUMNNO,FCTYPE,FCWIDTH,FCHEIGHT,FCDISPLAY,FCEDIT,FCQUERY,FCMUST,FCDEFAULT,CONFSELECTINFO) values ('productmanage','materialsType','IB_MATERIALS_TYPE.TYPENAME','原料分类名称','TYPENAME','IB_MATERIALS_TYPE',2,'1','','','1','1','1','1','','');
insert  into ib_conf_form_table_colums(PACKAGENAME,FORMNAME,FORMCOLUMN,FORMCOLUMNTITLE,TABLECOLUMN,TABLENAME,COLUMNNO,FCTYPE,FCWIDTH,FCHEIGHT,FCDISPLAY,FCEDIT,FCQUERY,FCMUST,FCDEFAULT,CONFSELECTINFO) values ('productmanage','materialsType','IB_MATERIALS_TYPE.TYPENO','原料分类编号','TYPENO','IB_MATERIALS_TYPE',1,'1','','','1','1','1','2','','');
/* ================= 数据插入 ==================   */
insert into ib_materials_type(ID,TYPENO,TYPENAME,PARENTID,ISLEAF) values ('10001101',NULL,'有机合成','10001','false');
insert into ib_materials_type(ID,TYPENO,TYPENAME,PARENTID,ISLEAF) values ('1000010101',NULL,'抗生素','1000010','false');
insert into ib_materials_type(ID,TYPENO,TYPENAME,PARENTID,ISLEAF) values ('1000011',NULL,'植物化学类','10000','true');
insert into ib_materials_type(ID,TYPENO,TYPENAME,PARENTID,ISLEAF) values ('10000',NULL,'天然化学','0','true');
insert into ib_materials_type(ID,TYPENO,TYPENAME,PARENTID,ISLEAF) values ('1000010',NULL,'生物化学类','10000','true');
insert into ib_materials_type(ID,TYPENO,TYPENAME,PARENTID,ISLEAF) values ('10001102',NULL,'无机合成','10001','false');
insert into ib_materials_type(ID,TYPENO,TYPENAME,PARENTID,ISLEAF) values ('1000011101',NULL,'植物类','1000011','false');
insert into ib_materials_type(ID,TYPENO,TYPENAME,PARENTID,ISLEAF) values ('10001',NULL,'化学合成类','0','true');

/* ================================================================================   */
/* ====================================   原料表   ====================================   */
/* ================================================================================   */
/* ================= 业务表结构管理表 ==================   */
insert  into ib_conf_table(ID,PACKAGENAME,TABLENAME,TABLENAMECOMMENT,TABLETYPE,PARENTTABLEID,ISBPMTABLE) values ('ib_materials001','productmanage','IB_MATERIALS','原料表','1',NULL,2);
/* ================= 业务表字段结构管理表 ==================   */
insert  into ib_conf_table_columns(tableName,columnValue,columnName,columnType,columnSize,isNull,defaultValue,columnNo) values ('IB_MATERIALS','ID','UUID主键','VARCHAR','64','否',NULL,91);
insert  into ib_conf_table_columns(tableName,columnValue,columnName,columnType,columnSize,isNull,defaultValue,columnNo) values ('IB_MATERIALS','MATERIALNO','原料编号','VARCHAR','64','是',NULL,1);
insert  into ib_conf_table_columns(tableName,columnValue,columnName,columnType,columnSize,isNull,defaultValue,columnNo) values ('IB_MATERIALS','MATERIALNAME','原料名称','DATETIME','128','是',NULL,2);
insert  into ib_conf_table_columns(tableName,columnValue,columnName,columnType,columnSize,isNull,defaultValue,columnNo) values ('IB_MATERIALS','MATERIALPRICE','价格','NUMBER','12,2','是',NULL,3);
insert  into ib_conf_table_columns(tableName,columnValue,columnName,columnType,columnSize,isNull,defaultValue,columnNo) values ('IB_MATERIALS','MATERIALTYPENO','分类编号','DATETIME','64','是',NULL,4);
insert  into ib_conf_table_columns(tableName,columnValue,columnName,columnType,columnSize,isNull,defaultValue,columnNo) values ('IB_MATERIALS','MATERIALUNIT','单位','VARCHAR','8','是',NULL,5);
insert  into ib_conf_table_columns(tableName,columnValue,columnName,columnType,columnSize,isNull,defaultValue,columnNo) values ('IB_MATERIALS','MODEL','规格型号','VARCHAR','64','是',NULL,6);
/* ================= 表单管理表 ==================   */
insert  into ib_conf_form(ID,PACKAGENAME,FORMNAME,FORMTITLE,FORMURL,ISEDIT,ISADD,ISDELETE,ISQUERY,ISEXCELEXPORT,ISIMPORTEXPORT,ISBPMFORM) values ('productmanage-materials001','productmanage','materials','原料管理','/materials/materials-list.do',1,1,1,1,2,2,2);
/* ================= 表单对应数据表管理表 ==================   */
insert  into ib_conf_form_table(PACKAGENAME,FORMNAME,TABLENAME,TABLETYPE) values ('productmanage','materials','IB_MATERIALS','main');
/* ================= 表单对应字段管理表 ==================   */
insert into ib_conf_form_table_colums(PACKAGENAME,FORMNAME,FORMCOLUMN,FORMCOLUMNTITLE,TABLECOLUMN,TABLENAME,COLUMNNO,FCTYPE,FCWIDTH,FCHEIGHT,FCDISPLAY,FCEDIT,FCQUERY,FCMUST,FCDEFAULT,CONFSELECTINFO) values ('productmanage','materials','IB_MATERIALS.MATERIALNAME','原料名称','MATERIALNAME','IB_MATERIALS',3,'1','','','1','1','1','1','','');
insert into ib_conf_form_table_colums(PACKAGENAME,FORMNAME,FORMCOLUMN,FORMCOLUMNTITLE,TABLECOLUMN,TABLENAME,COLUMNNO,FCTYPE,FCWIDTH,FCHEIGHT,FCDISPLAY,FCEDIT,FCQUERY,FCMUST,FCDEFAULT,CONFSELECTINFO) values ('productmanage','materials','IB_MATERIALS.MATERIALNO','原料编号','MATERIALNO','IB_MATERIALS',2,'1','','','1','1','2','1','','');
insert into ib_conf_form_table_colums(PACKAGENAME,FORMNAME,FORMCOLUMN,FORMCOLUMNTITLE,TABLECOLUMN,TABLENAME,COLUMNNO,FCTYPE,FCWIDTH,FCHEIGHT,FCDISPLAY,FCEDIT,FCQUERY,FCMUST,FCDEFAULT,CONFSELECTINFO) values ('productmanage','materials','IB_MATERIALS.MATERIALPRICE','价格','MATERIALPRICE','IB_MATERIALS',3,'5','','','1','1','2','2','','');
insert into ib_conf_form_table_colums(PACKAGENAME,FORMNAME,FORMCOLUMN,FORMCOLUMNTITLE,TABLECOLUMN,TABLENAME,COLUMNNO,FCTYPE,FCWIDTH,FCHEIGHT,FCDISPLAY,FCEDIT,FCQUERY,FCMUST,FCDEFAULT,CONFSELECTINFO) values ('productmanage','materials','IB_MATERIALS.MATERIALTYPENO','原料分类','MATERIALTYPENO','IB_MATERIALS',1,'7','','','1','1','1','1','','{\"sql\":\"select id vKey, typeName vValue from IB_MATERIALS_TYPE where isleaf =\'false\'  \"} ');
insert into ib_conf_form_table_colums(PACKAGENAME,FORMNAME,FORMCOLUMN,FORMCOLUMNTITLE,TABLECOLUMN,TABLENAME,COLUMNNO,FCTYPE,FCWIDTH,FCHEIGHT,FCDISPLAY,FCEDIT,FCQUERY,FCMUST,FCDEFAULT,CONFSELECTINFO) values ('productmanage','materials','IB_MATERIALS.MATERIALUNIT','单位','MATERIALUNIT','IB_MATERIALS',5,'1','','','1','1','2','2','','');
insert into ib_conf_form_table_colums(PACKAGENAME,FORMNAME,FORMCOLUMN,FORMCOLUMNTITLE,TABLECOLUMN,TABLENAME,COLUMNNO,FCTYPE,FCWIDTH,FCHEIGHT,FCDISPLAY,FCEDIT,FCQUERY,FCMUST,FCDEFAULT,CONFSELECTINFO) values ('productmanage','materials','IB_MATERIALS.MODEL','规格型号','MODEL','IB_MATERIALS',6,'1','','','1','1','2','2','','');
/* ================= 插入数据 ==================   */
insert into ib_materials(ID,materialTypeNo,materialNo,materialName,model,materialPrice,materialUnit) values ('9000010001','1000010101','10001','脂肪酸','Xp-21',100.00,'公斤');
insert into ib_materials(ID,materialTypeNo,materialNo,materialName,model,materialPrice,materialUnit) values ('9000010002','1000011101','10002','三羧酸','Sjs-121',25.00,'吨');
/* ================================================================================   */
/* ==================================    原料库存管理表      =================================   */
/* ================================================================================   */
/* ================= 业务表结构管理表 ==================   */
insert  into ib_conf_table(ID,PACKAGENAME,TABLENAME,TABLENAMECOMMENT,TABLETYPE,PARENTTABLEID,ISBPMTABLE) values ('ib_warehouse_materials001','productmanage','IB_WAREHOUSE_MATERIALS','原料库存管理表','1',NULL,2);
/* ================= 业务表字段结构管理表 ==================   */
insert into ib_conf_table_columns(tableName,columnValue,columnName,columnType,columnSize,isNull,defaultValue,columnNo) values ('IB_WAREHOUSE_MATERIALS','ID','UUID主键','VARCHAR','64','否',NULL,91);
insert into ib_conf_table_columns(tableName,columnValue,columnName,columnType,columnSize,isNull,defaultValue,columnNo) values ('IB_WAREHOUSE_MATERIALS','MATERIALTYPENO','原料分类编号','VARCHAR','64','是','',1);
insert into ib_conf_table_columns(tableName,columnValue,columnName,columnType,columnSize,isNull,defaultValue,columnNo) values ('IB_WAREHOUSE_MATERIALS','MATERIALNO','原料编号','VARCHAR','64','是','',2);
insert into ib_conf_table_columns(tableName,columnValue,columnName,columnType,columnSize,isNull,defaultValue,columnNo) values ('IB_WAREHOUSE_MATERIALS','MATERIALNAME','原料名称','VARCHAR','128','是','',3);
insert into ib_conf_table_columns(tableName,columnValue,columnName,columnType,columnSize,isNull,defaultValue,columnNo) values ('IB_WAREHOUSE_MATERIALS','MATERIALMODEL','规格型号','VARCHAR','64','是','',4);
insert into ib_conf_table_columns(tableName,columnValue,columnName,columnType,columnSize,isNull,defaultValue,columnNo) values ('IB_WAREHOUSE_MATERIALS','MATERIALPRICE','价格','NUMBER','12,2','是','',5);
insert into ib_conf_table_columns(tableName,columnValue,columnName,columnType,columnSize,isNull,defaultValue,columnNo) values ('IB_WAREHOUSE_MATERIALS','MATERIALUNIT','单位','VARCHAR','8','是','',6);
insert into ib_conf_table_columns(tableName,columnValue,columnName,columnType,columnSize,isNull,defaultValue,columnNo) values ('IB_WAREHOUSE_MATERIALS','MATERIALNUM','数量','NUMBER','10','是','',7);
insert into ib_conf_table_columns(tableName,columnValue,columnName,columnType,columnSize,isNull,defaultValue,columnNo) values ('IB_WAREHOUSE_MATERIALS','WAREHOUSENO','仓库编号','VARCHAR','64','是','',8);
insert into ib_conf_table_columns(tableName,columnValue,columnName,columnType,columnSize,isNull,defaultValue,columnNo) values ('IB_WAREHOUSE_MATERIALS','WAREHOUSENAME','仓库名称','VARCHAR','128','是','',9);
/* ================= 表单管理表 ==================   */
insert  into ib_conf_form(ID,PACKAGENAME,FORMNAME,FORMTITLE,FORMURL,ISEDIT,ISADD,ISDELETE,ISQUERY,ISEXCELEXPORT,ISIMPORTEXPORT,ISBPMFORM) values ('productmanage-warehouseMaterials001','productmanage','warehouseMaterials','原料库存管理','/warehouse_materials/warehouse_materials-list.do',1,1,1,1,1,2,2);
/* ================= 表单对应数据表管理表 ==================   */
insert  into ib_conf_form_table(PACKAGENAME,FORMNAME,TABLENAME,TABLETYPE) values ('productmanage','warehouseMaterials','IB_WAREHOUSE_MATERIALS','main');
/* ================= 表单对应字段管理表 ==================   */
insert into ib_conf_form_table_colums(PACKAGENAME,FORMNAME,FORMCOLUMN,FORMCOLUMNTITLE,TABLECOLUMN,TABLENAME,COLUMNNO,FCTYPE,FCWIDTH,FCHEIGHT,FCDISPLAY,FCEDIT,FCQUERY,FCMUST,FCDEFAULT,CONFSELECTINFO) values ('productmanage','warehouseMaterials','IB_WAREHOUSE_MATERIALS.MATERIALTYPENO','原料分类编号','MATERIALTYPENO','IB_WAREHOUSE_MATERIALS',1,'1',NULL,NULL,'1','1','2',NULL,NULL,NULL);
insert into ib_conf_form_table_colums(PACKAGENAME,FORMNAME,FORMCOLUMN,FORMCOLUMNTITLE,TABLECOLUMN,TABLENAME,COLUMNNO,FCTYPE,FCWIDTH,FCHEIGHT,FCDISPLAY,FCEDIT,FCQUERY,FCMUST,FCDEFAULT,CONFSELECTINFO) values ('productmanage','warehouseMaterials','IB_WAREHOUSE_MATERIALS.MATERIALNO','原料编号','MATERIALNO','IB_WAREHOUSE_MATERIALS',2,'1',NULL,NULL,'1','1','2',NULL,NULL,NULL);
insert into ib_conf_form_table_colums(PACKAGENAME,FORMNAME,FORMCOLUMN,FORMCOLUMNTITLE,TABLECOLUMN,TABLENAME,COLUMNNO,FCTYPE,FCWIDTH,FCHEIGHT,FCDISPLAY,FCEDIT,FCQUERY,FCMUST,FCDEFAULT,CONFSELECTINFO) values ('productmanage','warehouseMaterials','IB_WAREHOUSE_MATERIALS.MATERIALNAME','原料名称','MATERIALNAME','IB_WAREHOUSE_MATERIALS',3,'1',NULL,NULL,'1','1','1',NULL,NULL,NULL);
insert into ib_conf_form_table_colums(PACKAGENAME,FORMNAME,FORMCOLUMN,FORMCOLUMNTITLE,TABLECOLUMN,TABLENAME,COLUMNNO,FCTYPE,FCWIDTH,FCHEIGHT,FCDISPLAY,FCEDIT,FCQUERY,FCMUST,FCDEFAULT,CONFSELECTINFO) values ('productmanage','warehouseMaterials','IB_WAREHOUSE_MATERIALS.MATERIALMODEL','规格型号','MATERIALMODEL','IB_WAREHOUSE_MATERIALS',4,'1',NULL,NULL,'1','1','2',NULL,NULL,NULL);
insert into ib_conf_form_table_colums(PACKAGENAME,FORMNAME,FORMCOLUMN,FORMCOLUMNTITLE,TABLECOLUMN,TABLENAME,COLUMNNO,FCTYPE,FCWIDTH,FCHEIGHT,FCDISPLAY,FCEDIT,FCQUERY,FCMUST,FCDEFAULT,CONFSELECTINFO) values ('productmanage','warehouseMaterials','IB_WAREHOUSE_MATERIALS.MATERIALPRICE','价格','MATERIALPRICE','IB_WAREHOUSE_MATERIALS',5,'1',NULL,NULL,'1','1','2',NULL,NULL,NULL);
insert into ib_conf_form_table_colums(PACKAGENAME,FORMNAME,FORMCOLUMN,FORMCOLUMNTITLE,TABLECOLUMN,TABLENAME,COLUMNNO,FCTYPE,FCWIDTH,FCHEIGHT,FCDISPLAY,FCEDIT,FCQUERY,FCMUST,FCDEFAULT,CONFSELECTINFO) values ('productmanage','warehouseMaterials','IB_WAREHOUSE_MATERIALS.MATERIALUNIT','单位','MATERIALUNIT','IB_WAREHOUSE_MATERIALS',6,'1',NULL,NULL,'1','1','2',NULL,NULL,NULL);
insert into ib_conf_form_table_colums(PACKAGENAME,FORMNAME,FORMCOLUMN,FORMCOLUMNTITLE,TABLECOLUMN,TABLENAME,COLUMNNO,FCTYPE,FCWIDTH,FCHEIGHT,FCDISPLAY,FCEDIT,FCQUERY,FCMUST,FCDEFAULT,CONFSELECTINFO) values ('productmanage','warehouseMaterials','IB_WAREHOUSE_MATERIALS.MATERIALNUM','数量','MATERIALNUM','IB_WAREHOUSE_MATERIALS',7,'1',NULL,NULL,'1','1','2',NULL,NULL,NULL);
insert into ib_conf_form_table_colums(PACKAGENAME,FORMNAME,FORMCOLUMN,FORMCOLUMNTITLE,TABLECOLUMN,TABLENAME,COLUMNNO,FCTYPE,FCWIDTH,FCHEIGHT,FCDISPLAY,FCEDIT,FCQUERY,FCMUST,FCDEFAULT,CONFSELECTINFO) values ('productmanage','warehouseMaterials','IB_WAREHOUSE_MATERIALS.WAREHOUSENO','仓库编号','WAREHOUSENO','IB_WAREHOUSE_MATERIALS',8,'1',NULL,NULL,'1','1','2',NULL,NULL,NULL);
insert into ib_conf_form_table_colums(PACKAGENAME,FORMNAME,FORMCOLUMN,FORMCOLUMNTITLE,TABLECOLUMN,TABLENAME,COLUMNNO,FCTYPE,FCWIDTH,FCHEIGHT,FCDISPLAY,FCEDIT,FCQUERY,FCMUST,FCDEFAULT,CONFSELECTINFO) values ('productmanage','warehouseMaterials','IB_WAREHOUSE_MATERIALS.WAREHOUSENAME','仓库名称','WAREHOUSENAME','IB_WAREHOUSE_MATERIALS',9,'1',NULL,NULL,'1','1','2',NULL,NULL,NULL);
/* ================================================================================   */
/* ===================================   产品分类表  ===================================   */
/* ================================================================================   */
/* ================= 业务表结构管理表 ==================   */
insert  into ib_conf_table(ID,PACKAGENAME,TABLENAME,TABLENAMECOMMENT,TABLETYPE,PARENTTABLEID,ISBPMTABLE) values ('ib_producttype001','productmanage','IB_PRODUCTTYPE','产品分类表','1',NULL,2);
/* ================= 业务表字段结构管理表 ==================   */
insert  into ib_conf_table_columns(tableName,columnValue,columnName,columnType,columnSize,isNull,defaultValue,columnNo) values ('IB_PRODUCTTYPE','ID','UUID主键','VARCHAR','64','否',NULL,91);
insert  into ib_conf_table_columns(tableName,columnValue,columnName,columnType,columnSize,isNull,defaultValue,columnNo) values ('IB_PRODUCTTYPE','TYPENO','分类编号','VARCHAR','64','是',NULL,1);
insert  into ib_conf_table_columns(tableName,columnValue,columnName,columnType,columnSize,isNull,defaultValue,columnNo) values ('IB_PRODUCTTYPE','TYPENAME','分类名称','VARCHAR','128','是',NULL,2);
insert  into ib_conf_table_columns(tableName,columnValue,columnName,columnType,columnSize,isNull,defaultValue,columnNo) values ('IB_PRODUCTTYPE','PARENTID','父节点ID','VARCHAR','64','是',NULL,3);
insert  into ib_conf_table_columns(tableName,columnValue,columnName,columnType,columnSize,isNull,defaultValue,columnNo) values ('IB_PRODUCTTYPE','ISLEAF','是否叶子节点','VARCHAR','8','是',NULL,4);
/* ================= 表单管理表 ==================   */
insert  into ib_conf_form(ID,PACKAGENAME,FORMNAME,FORMTITLE,FORMURL,ISEDIT,ISADD,ISDELETE,ISQUERY,ISEXCELEXPORT,ISIMPORTEXPORT,ISBPMFORM) values ('productmanage-productType001','productmanage','productType','产品分类管理','/producttype/producttype-list.do',1,1,1,1,2,2,2);
/* ================= 表单对应数据表管理表 ==================   */
insert  into ib_conf_form_table(PACKAGENAME,FORMNAME,TABLENAME,TABLETYPE) values ('productmanage','productType','IB_PRODUCTTYPE','main');
/* ================= 表单对应字段管理表 ==================   */
insert  into ib_conf_form_table_colums(PACKAGENAME,FORMNAME,FORMCOLUMN,FORMCOLUMNTITLE,TABLECOLUMN,TABLENAME,COLUMNNO,FCTYPE,FCWIDTH,FCHEIGHT,FCDISPLAY,FCEDIT,FCQUERY,FCMUST,FCDEFAULT,CONFSELECTINFO) values ('productmanage','productType','IB_PRODUCTTYPE.ISLEAF','产品分类表.是否叶子节点','ISLEAF','IB_PRODUCTTYPE',4,'8','','','1','1','2','','',NULL);
insert  into ib_conf_form_table_colums(PACKAGENAME,FORMNAME,FORMCOLUMN,FORMCOLUMNTITLE,TABLECOLUMN,TABLENAME,COLUMNNO,FCTYPE,FCWIDTH,FCHEIGHT,FCDISPLAY,FCEDIT,FCQUERY,FCMUST,FCDEFAULT,CONFSELECTINFO) values ('productmanage','productType','IB_PRODUCTTYPE.PARENTID','父节点ID','PARENTID','IB_PRODUCTTYPE',3,'7','','','1','1','2','','','{\"sql\":\"select id vKey, typeName vValue from IB_PRODUCTTYPE where isleaf=\'true\' \"} ');
insert  into ib_conf_form_table_colums(PACKAGENAME,FORMNAME,FORMCOLUMN,FORMCOLUMNTITLE,TABLECOLUMN,TABLENAME,COLUMNNO,FCTYPE,FCWIDTH,FCHEIGHT,FCDISPLAY,FCEDIT,FCQUERY,FCMUST,FCDEFAULT,CONFSELECTINFO) values ('productmanage','productType','IB_PRODUCTTYPE.TYPENAME','产品分类名称','TYPENAME','IB_PRODUCTTYPE',2,'1','','','1','1','1','','',NULL);
insert  into ib_conf_form_table_colums(PACKAGENAME,FORMNAME,FORMCOLUMN,FORMCOLUMNTITLE,TABLECOLUMN,TABLENAME,COLUMNNO,FCTYPE,FCWIDTH,FCHEIGHT,FCDISPLAY,FCEDIT,FCQUERY,FCMUST,FCDEFAULT,CONFSELECTINFO) values ('productmanage','productType','IB_PRODUCTTYPE.TYPENO','分类编号','TYPENO','IB_PRODUCTTYPE',1,'1','','','1','1','2','','',NULL);
/* ================= 插入数据 ==================   */
insert into ib_producttype(ID,TYPENO,TYPENAME,PARENTID,ISLEAF) values ('10000',NULL,'产品类型1','0','true');
insert into ib_producttype(ID,TYPENO,TYPENAME,PARENTID,ISLEAF) values ('1000010',NULL,'针剂类','10000','true');
insert into ib_producttype(ID,TYPENO,TYPENAME,PARENTID,ISLEAF) values ('1000020',NULL,'中药类','10000','true');
insert into ib_producttype(ID,TYPENO,TYPENAME,PARENTID,ISLEAF) values ('100002010',NULL,'口服类','1000020','false');
insert into ib_producttype(ID,TYPENO,TYPENAME,PARENTID,ISLEAF) values ('100001010',NULL,'合成类','1000010','false');

/* ================================================================================   */
/* ====================================   产品表   ====================================   */
/* ================================================================================   */
/* ================= 业务表结构管理表 ==================   */
insert  into ib_conf_table(ID,PACKAGENAME,TABLENAME,TABLENAMECOMMENT,TABLETYPE,PARENTTABLEID,ISBPMTABLE) values ('ib_product001','productmanage','IB_PRODUCT','产品管理表','1',NULL,2);
/* ================= 业务表字段结构管理表 ==================   */
insert  into ib_conf_table_columns(tableName,columnValue,columnName,columnType,columnSize,isNull,defaultValue,columnNo) values ('IB_PRODUCT','ID','UUID主键','VARCHAR','64','否',NULL,91);
insert  into ib_conf_table_columns(tableName,columnValue,columnName,columnType,columnSize,isNull,defaultValue,columnNo) values ('IB_PRODUCT','PRODUCTTYPE','产品类型','VARCHAR','64','是',NULL,1);
insert  into ib_conf_table_columns(tableName,columnValue,columnName,columnType,columnSize,isNull,defaultValue,columnNo) values ('IB_PRODUCT','PRODUCTFLOWID','产品件号','VARCHAR','64','是',NULL,2);
insert  into ib_conf_table_columns(tableName,columnValue,columnName,columnType,columnSize,isNull,defaultValue,columnNo) values ('IB_PRODUCT','PRODUCTNO','产品编号','VARCHAR','64','是',NULL,3);
insert  into ib_conf_table_columns(tableName,columnValue,columnName,columnType,columnSize,isNull,defaultValue,columnNo) values ('IB_PRODUCT','PRODUCTNAME','产品名','VARCHAR','128','是',NULL,4);
insert  into ib_conf_table_columns(tableName,columnValue,columnName,columnType,columnSize,isNull,defaultValue,columnNo) values ('IB_PRODUCT','PRODUCTMODEL','规格型号','VARCHAR','64','是',NULL,5);
insert  into ib_conf_table_columns(tableName,columnValue,columnName,columnType,columnSize,isNull,defaultValue,columnNo) values ('IB_PRODUCT','PRODUCTUNIT','单位','VARCHAR','8','是',NULL,6);
insert  into ib_conf_table_columns(tableName,columnValue,columnName,columnType,columnSize,isNull,defaultValue,columnNo) values ('IB_PRODUCT','UNITPRICE','单价','NUMBER','12,2','是',NULL,7);
/* ================= 表单管理表 ==================   */
insert  into ib_conf_form(ID,PACKAGENAME,FORMNAME,FORMTITLE,FORMURL,ISEDIT,ISADD,ISDELETE,ISQUERY,ISEXCELEXPORT,ISIMPORTEXPORT,ISBPMFORM) values ('productmanage-product001','productmanage','product','产品管理','/product/product-list.do',1,1,1,1,2,2,2);
/* ================= 表单对应数据表管理表 ==================   */
insert  into ib_conf_form_table(PACKAGENAME,FORMNAME,TABLENAME,TABLETYPE) values ('productmanage','product','IB_PRODUCT','main');
/* ================= 表单对应字段管理表 ==================   */
insert  into ib_conf_form_table_colums(PACKAGENAME,FORMNAME,FORMCOLUMN,FORMCOLUMNTITLE,TABLECOLUMN,TABLENAME,COLUMNNO,FCTYPE,FCWIDTH,FCHEIGHT,FCDISPLAY,FCEDIT,FCQUERY,FCMUST,FCDEFAULT,CONFSELECTINFO) values ('productmanage','product','IB_PRODUCT.AMOUNT','金额','AMOUNT','IB_PRODUCT',8,'5','','','1','1','2','','',NULL);
insert  into ib_conf_form_table_colums(PACKAGENAME,FORMNAME,FORMCOLUMN,FORMCOLUMNTITLE,TABLECOLUMN,TABLENAME,COLUMNNO,FCTYPE,FCWIDTH,FCHEIGHT,FCDISPLAY,FCEDIT,FCQUERY,FCMUST,FCDEFAULT,CONFSELECTINFO) values ('productmanage','product','IB_PRODUCT.PRODUCTFLOWID','产品件号','PRODUCTFLOWID','IB_PRODUCT',2,'1','','','1','1','2','','',NULL);
insert  into ib_conf_form_table_colums(PACKAGENAME,FORMNAME,FORMCOLUMN,FORMCOLUMNTITLE,TABLECOLUMN,TABLENAME,COLUMNNO,FCTYPE,FCWIDTH,FCHEIGHT,FCDISPLAY,FCEDIT,FCQUERY,FCMUST,FCDEFAULT,CONFSELECTINFO) values ('productmanage','product','IB_PRODUCT.PRODUCTMODEL','规格型号','PRODUCTMODEL','IB_PRODUCT',5,'1','','','1','1','2','','',NULL);
insert  into ib_conf_form_table_colums(PACKAGENAME,FORMNAME,FORMCOLUMN,FORMCOLUMNTITLE,TABLECOLUMN,TABLENAME,COLUMNNO,FCTYPE,FCWIDTH,FCHEIGHT,FCDISPLAY,FCEDIT,FCQUERY,FCMUST,FCDEFAULT,CONFSELECTINFO) values ('productmanage','product','IB_PRODUCT.PRODUCTNAME','产品名','PRODUCTNAME','IB_PRODUCT',4,'1','','','1','1','1','','',NULL);
insert  into ib_conf_form_table_colums(PACKAGENAME,FORMNAME,FORMCOLUMN,FORMCOLUMNTITLE,TABLECOLUMN,TABLENAME,COLUMNNO,FCTYPE,FCWIDTH,FCHEIGHT,FCDISPLAY,FCEDIT,FCQUERY,FCMUST,FCDEFAULT,CONFSELECTINFO) values ('productmanage','product','IB_PRODUCT.PRODUCTNO','产品编号','PRODUCTNO','IB_PRODUCT',3,'1','','','1','1','2','','',NULL);
insert  into ib_conf_form_table_colums(PACKAGENAME,FORMNAME,FORMCOLUMN,FORMCOLUMNTITLE,TABLECOLUMN,TABLENAME,COLUMNNO,FCTYPE,FCWIDTH,FCHEIGHT,FCDISPLAY,FCEDIT,FCQUERY,FCMUST,FCDEFAULT,CONFSELECTINFO) values ('productmanage','product','IB_PRODUCT.PRODUCTTYPE','产品类型','PRODUCTTYPE','IB_PRODUCT',1,'7','','','1','1','2','','','{\"sql\":\"select id vKey, typeName vValue from IB_PRODUCTTYPE where isleaf=\'false\' \"} ');
insert  into ib_conf_form_table_colums(PACKAGENAME,FORMNAME,FORMCOLUMN,FORMCOLUMNTITLE,TABLECOLUMN,TABLENAME,COLUMNNO,FCTYPE,FCWIDTH,FCHEIGHT,FCDISPLAY,FCEDIT,FCQUERY,FCMUST,FCDEFAULT,CONFSELECTINFO) values ('productmanage','product','IB_PRODUCT.PRODUCTUNIT','单位','PRODUCTUNIT','IB_PRODUCT',6,'1','','','1','1','2','','',NULL);
insert  into ib_conf_form_table_colums(PACKAGENAME,FORMNAME,FORMCOLUMN,FORMCOLUMNTITLE,TABLECOLUMN,TABLENAME,COLUMNNO,FCTYPE,FCWIDTH,FCHEIGHT,FCDISPLAY,FCEDIT,FCQUERY,FCMUST,FCDEFAULT,CONFSELECTINFO) values ('productmanage','product','IB_PRODUCT.UNITPRICE','单价','UNITPRICE','IB_PRODUCT',7,'5','','','1','1','2','','',NULL);

/* ================================================================================   */
/* ====================================   原料入库表   ====================================   */
/* ================================================================================   */
/* ================= 业务表结构管理表 ==================   */
insert  into ib_conf_table(ID,PACKAGENAME,TABLENAME,TABLENAMECOMMENT,TABLETYPE,PARENTTABLEID,ISBPMTABLE) values ('ib_material_in001','productmanage','IB_MATERIAL_IN','原料入库表','1',NULL,1);
insert  into ib_conf_table(ID,PACKAGENAME,TABLENAME,TABLENAMECOMMENT,TABLETYPE,PARENTTABLEID,ISBPMTABLE) values ('ib_material_in_s001','productmanage','IB_MATERIAL_IN_S','原料入库信息子表','2',NULL,1);
/* ================= 业务表字段结构管理表 ==================   */
/*============== 原料入库表 ===============*/
insert into ib_conf_table_columns(tableName,columnValue,columnName,columnType,columnSize,isNull,defaultValue,columnNo) values ('IB_MATERIAL_IN','ID','UUID主键','VARCHAR','64','否',NULL,91);
insert into ib_conf_table_columns(tableName,columnValue,columnName,columnType,columnSize,isNull,defaultValue,columnNo) values ('IB_MATERIAL_IN','EXECUTIONID','流程执行实例ID','VARCHAR','64','是',NULL,92);
insert into ib_conf_table_columns(tableName,columnValue,columnName,columnType,columnSize,isNull,defaultValue,columnNo) values ('IB_MATERIAL_IN','CREATEDATEBPM','流程创建时间','DATETIME','','是',NULL,93);
insert into ib_conf_table_columns(tableName,columnValue,columnName,columnType,columnSize,isNull,defaultValue,columnNo) values ('IB_MATERIAL_IN','NODENAME','流程节点名','VARCHAR','128','是',NULL,94);
insert into ib_conf_table_columns(tableName,columnValue,columnName,columnType,columnSize,isNull,defaultValue,columnNo) values ('IB_MATERIAL_IN','ASSIGNEEUSER','负责人','VARCHAR','64','是',NULL,95);
insert into ib_conf_table_columns(tableName,columnValue,columnName,columnType,columnSize,isNull,defaultValue,columnNo) values ('IB_MATERIAL_IN','DONEFLAG','流程结束标记','INTEGER','4','是',NULL,96);
insert into ib_conf_table_columns(tableName,columnValue,columnName,columnType,columnSize,isNull,defaultValue,columnNo) values ('IB_MATERIAL_IN','TASKTITLE','流程实例标题','VARCHAR','256','是',NULL,97);
insert into ib_conf_table_columns(tableName,columnValue,columnName,columnType,columnSize,isNull,defaultValue,columnNo) values ('IB_MATERIAL_IN','EVENTDATE','入库日期','DATE','0','是','',1);
insert into ib_conf_table_columns(tableName,columnValue,columnName,columnType,columnSize,isNull,defaultValue,columnNo) values ('IB_MATERIAL_IN','SUPPLIERSNAME','供应商名称','VARCHAR','64','是','',2);
insert into ib_conf_table_columns(tableName,columnValue,columnName,columnType,columnSize,isNull,defaultValue,columnNo) values ('IB_MATERIAL_IN','WAREHOUSENO','仓库编号','VARCHAR','64','是','',3);
insert into ib_conf_table_columns(tableName,columnValue,columnName,columnType,columnSize,isNull,defaultValue,columnNo) values ('IB_MATERIAL_IN','WAREHOUSENAME','仓库名称','VARCHAR','128','是','',4);
insert into ib_conf_table_columns(tableName,columnValue,columnName,columnType,columnSize,isNull,defaultValue,columnNo) values ('IB_MATERIAL_IN','TOTALNUM','总数量','NUMBER','10','是','',5);
insert into ib_conf_table_columns(tableName,columnValue,columnName,columnType,columnSize,isNull,defaultValue,columnNo) values ('IB_MATERIAL_IN','AMOUNT','合计金额','NUMBER','12,2','是','',6);
insert into ib_conf_table_columns(tableName,columnValue,columnName,columnType,columnSize,isNull,defaultValue,columnNo) values ('IB_MATERIAL_IN','AMOUNTBIG','合计金额大写','VARCHAR','64','是','',7);
insert into ib_conf_table_columns(tableName,columnValue,columnName,columnType,columnSize,isNull,defaultValue,columnNo) values ('IB_MATERIAL_IN','REMARK','备注','VARCHAR','512','是','',8);
insert into ib_conf_table_columns(tableName,columnValue,columnName,columnType,columnSize,isNull,defaultValue,columnNo) values ('IB_MATERIAL_IN','@USERNAME','负责人名','VARCHAR','128','是',NULL,9);
/*============== 原料入库信息子表 ===============*/
insert into ib_conf_table_columns(tableName,columnValue,columnName,columnType,columnSize,isNull,defaultValue,columnNo) values ('IB_MATERIAL_IN_S','ID','UUID主键','VARCHAR','64','否',NULL,91);
insert into ib_conf_table_columns(tableName,columnValue,columnName,columnType,columnSize,isNull,defaultValue,columnNo) values ('IB_MATERIAL_IN_S','PARENTID','主表UUID','VARCHAR','64','否',NULL,92);
insert into ib_conf_table_columns(tableName,columnValue,columnName,columnType,columnSize,isNull,defaultValue,columnNo) values ('IB_MATERIAL_IN_S','MATERIALNO','原料编号','VARCHAR','64','是','',1);
insert into ib_conf_table_columns(tableName,columnValue,columnName,columnType,columnSize,isNull,defaultValue,columnNo) values ('IB_MATERIAL_IN_S','MATERIALNAME','原料名称','VARCHAR','128','是','',2);
insert into ib_conf_table_columns(tableName,columnValue,columnName,columnType,columnSize,isNull,defaultValue,columnNo) values ('IB_MATERIAL_IN_S','MATERIALMODEL','原料规格型号','VARCHAR','64','是','',3);
insert into ib_conf_table_columns(tableName,columnValue,columnName,columnType,columnSize,isNull,defaultValue,columnNo) values ('IB_MATERIAL_IN_S','MATERIALUNIT','单位','VARCHAR','16','是','',4);
insert into ib_conf_table_columns(tableName,columnValue,columnName,columnType,columnSize,isNull,defaultValue,columnNo) values ('IB_MATERIAL_IN_S','MATERIALNUM','数量','NUMBER','10','是','',5);
insert into ib_conf_table_columns(tableName,columnValue,columnName,columnType,columnSize,isNull,defaultValue,columnNo) values ('IB_MATERIAL_IN_S','AMOUNT','金额','NUMBER','12,2','是','',6);
insert into ib_conf_table_columns(tableName,columnValue,columnName,columnType,columnSize,isNull,defaultValue,columnNo) values ('IB_MATERIAL_IN_S','MANUFACTURENAME','制造商','VARCHAR','64','是','',7);
insert into ib_conf_table_columns(tableName,columnValue,columnName,columnType,columnSize,isNull,defaultValue,columnNo) values ('IB_MATERIAL_IN_S','REMARK','备注','VARCHAR','512','是','',8);
/* ================= 表单管理表 ==================   */
insert  into ib_conf_form(ID,PACKAGENAME,FORMNAME,FORMTITLE,FORMURL,ISEDIT,ISADD,ISDELETE,ISQUERY,ISEXCELEXPORT,ISIMPORTEXPORT,ISBPMFORM) values ('productmanage-materialin001','productmanage','materialin','原料入库流程','/material_in/material_in-list.do',1,1,1,2,2,2,1);
/* ================= 表单对应数据表管理表 ==================   */
insert  into ib_conf_form_table(PACKAGENAME,FORMNAME,TABLENAME,TABLETYPE) values ('productmanage','materialin','IB_MATERIAL_IN','main');
insert  into ib_conf_form_table(PACKAGENAME,FORMNAME,TABLENAME,TABLETYPE) values ('productmanage','materialin','IB_MATERIAL_IN_S','sub');
/* ================= 表单对应字段管理表 ==================   */
/*======= 表单字段 ==========*/
insert into ib_conf_form_table_colums(PACKAGENAME,FORMNAME,FORMCOLUMN,FORMCOLUMNTITLE,TABLECOLUMN, TABLENAME,COLUMNNO,FCTYPE,FCWIDTH,FCHEIGHT,FCDISPLAY,FCEDIT,FCQUERY,FCMUST,FCDEFAULT, CONFSELECTINFO) values ('productmanage','materialin','IB_MATERIAL_IN.EVENTDATE','入库日期','EVENTDATE','IB_MATERIAL_IN',1,'3','','','1','2','2','1','@currentDate','');
insert into ib_conf_form_table_colums(PACKAGENAME,FORMNAME,FORMCOLUMN,FORMCOLUMNTITLE,TABLECOLUMN, TABLENAME,COLUMNNO,FCTYPE,FCWIDTH,FCHEIGHT,FCDISPLAY,FCEDIT,FCQUERY,FCMUST,FCDEFAULT, CONFSELECTINFO) values ('productmanage','materialin','IB_MATERIAL_IN.SUPPLIERSNAME','供应商名称','SUPPLIERSNAME','IB_MATERIAL_IN',2,'7','','','1','1','2','2','','{"sql":"select id vKey, UNITNAME vValue from IB_SUPPLIER "} ');
insert into ib_conf_form_table_colums(PACKAGENAME,FORMNAME,FORMCOLUMN,FORMCOLUMNTITLE,TABLECOLUMN, TABLENAME,COLUMNNO,FCTYPE,FCWIDTH,FCHEIGHT,FCDISPLAY,FCEDIT,FCQUERY,FCMUST,FCDEFAULT, CONFSELECTINFO) values ('productmanage','materialin','IB_MATERIAL_IN.WAREHOUSENO','仓库编号','WAREHOUSENO','IB_MATERIAL_IN',3,'7','','','1','1','2','1','','{"sql":"select id vKey, WAREHOUSENAME vValue from IB_WAREHOUSE "} ');
insert into ib_conf_form_table_colums(PACKAGENAME,FORMNAME,FORMCOLUMN,FORMCOLUMNTITLE,TABLECOLUMN, TABLENAME,COLUMNNO,FCTYPE,FCWIDTH,FCHEIGHT,FCDISPLAY,FCEDIT,FCQUERY,FCMUST,FCDEFAULT, CONFSELECTINFO) values ('productmanage','materialin','IB_MATERIAL_IN.WAREHOUSENAME','仓库名称','WAREHOUSENAME','IB_MATERIAL_IN',4,'1','','','1','1','2','','','');
insert into ib_conf_form_table_colums(PACKAGENAME,FORMNAME,FORMCOLUMN,FORMCOLUMNTITLE,TABLECOLUMN, TABLENAME,COLUMNNO,FCTYPE,FCWIDTH,FCHEIGHT,FCDISPLAY,FCEDIT,FCQUERY,FCMUST,FCDEFAULT, CONFSELECTINFO) values ('productmanage','materialin','IB_MATERIAL_IN.TOTALNUM','总数量','TOTALNUM','IB_MATERIAL_IN',5,'5','','','1','1','2','1','','');
insert into ib_conf_form_table_colums(PACKAGENAME,FORMNAME,FORMCOLUMN,FORMCOLUMNTITLE,TABLECOLUMN, TABLENAME,COLUMNNO,FCTYPE,FCWIDTH,FCHEIGHT,FCDISPLAY,FCEDIT,FCQUERY,FCMUST,FCDEFAULT, CONFSELECTINFO) values ('productmanage','materialin','IB_MATERIAL_IN.AMOUNT','合计金额','AMOUNT','IB_MATERIAL_IN',6,'5','','','1','1','2','1','','');
insert into ib_conf_form_table_colums(PACKAGENAME,FORMNAME,FORMCOLUMN,FORMCOLUMNTITLE,TABLECOLUMN, TABLENAME,COLUMNNO,FCTYPE,FCWIDTH,FCHEIGHT,FCDISPLAY,FCEDIT,FCQUERY,FCMUST,FCDEFAULT, CONFSELECTINFO) values ('productmanage','materialin','IB_MATERIAL_IN.AMOUNTBIG','合计金额大写','AMOUNTBIG','IB_MATERIAL_IN',7,'1','','','1','1','2','','','');
insert into ib_conf_form_table_colums(PACKAGENAME,FORMNAME,FORMCOLUMN,FORMCOLUMNTITLE,TABLECOLUMN, TABLENAME,COLUMNNO,FCTYPE,FCWIDTH,FCHEIGHT,FCDISPLAY,FCEDIT,FCQUERY,FCMUST,FCDEFAULT, CONFSELECTINFO) values ('productmanage','materialin','IB_MATERIAL_IN.REMARK','备注','REMARK','IB_MATERIAL_IN',8,'2','','','1','1','2','2','','');
insert into ib_conf_form_table_colums(PACKAGENAME,FORMNAME,FORMCOLUMN,FORMCOLUMNTITLE,TABLECOLUMN, TABLENAME,COLUMNNO,FCTYPE,FCWIDTH,FCHEIGHT,FCDISPLAY,FCEDIT,FCQUERY,FCMUST,FCDEFAULT, CONFSELECTINFO) values ('productmanage','materialin','IB_MATERIAL_IN_S.MATERIALNO','原料编号','MATERIALNO','IB_MATERIAL_IN_S',1,'10','','','1','1','2','1','','');
insert into ib_conf_form_table_colums(PACKAGENAME,FORMNAME,FORMCOLUMN,FORMCOLUMNTITLE,TABLECOLUMN, TABLENAME,COLUMNNO,FCTYPE,FCWIDTH,FCHEIGHT,FCDISPLAY,FCEDIT,FCQUERY,FCMUST,FCDEFAULT, CONFSELECTINFO) values ('productmanage','materialin','IB_MATERIAL_IN_S.MATERIALNAME','原料名称','MATERIALNAME','IB_MATERIAL_IN_S',2,'1','','','1','1','2','','','');
insert into ib_conf_form_table_colums(PACKAGENAME,FORMNAME,FORMCOLUMN,FORMCOLUMNTITLE,TABLECOLUMN, TABLENAME,COLUMNNO,FCTYPE,FCWIDTH,FCHEIGHT,FCDISPLAY,FCEDIT,FCQUERY,FCMUST,FCDEFAULT, CONFSELECTINFO) values ('productmanage','materialin','IB_MATERIAL_IN_S.MATERIALMODEL','原料规格型号','MATERIALMODEL','IB_MATERIAL_IN_S',3,'1','','','1','1','2','','','');
insert into ib_conf_form_table_colums(PACKAGENAME,FORMNAME,FORMCOLUMN,FORMCOLUMNTITLE,TABLECOLUMN, TABLENAME,COLUMNNO,FCTYPE,FCWIDTH,FCHEIGHT,FCDISPLAY,FCEDIT,FCQUERY,FCMUST,FCDEFAULT, CONFSELECTINFO) values ('productmanage','materialin','IB_MATERIAL_IN_S.MATERIALUNIT','单位','MATERIALUNIT','IB_MATERIAL_IN_S',4,'1','','','1','1','2','','','');
insert into ib_conf_form_table_colums(PACKAGENAME,FORMNAME,FORMCOLUMN,FORMCOLUMNTITLE,TABLECOLUMN, TABLENAME,COLUMNNO,FCTYPE,FCWIDTH,FCHEIGHT,FCDISPLAY,FCEDIT,FCQUERY,FCMUST,FCDEFAULT, CONFSELECTINFO) values ('productmanage','materialin','IB_MATERIAL_IN_S.MATERIALNUM','数量','MATERIALNUM','IB_MATERIAL_IN_S',5,'5','','','1','1','2','1','','');
insert into ib_conf_form_table_colums(PACKAGENAME,FORMNAME,FORMCOLUMN,FORMCOLUMNTITLE,TABLECOLUMN, TABLENAME,COLUMNNO,FCTYPE,FCWIDTH,FCHEIGHT,FCDISPLAY,FCEDIT,FCQUERY,FCMUST,FCDEFAULT, CONFSELECTINFO) values ('productmanage','materialin','IB_MATERIAL_IN_S.AMOUNT','金额','AMOUNT','IB_MATERIAL_IN_S',6,'5','','','1','1','2','1','','');
insert into ib_conf_form_table_colums(PACKAGENAME,FORMNAME,FORMCOLUMN,FORMCOLUMNTITLE,TABLECOLUMN, TABLENAME,COLUMNNO,FCTYPE,FCWIDTH,FCHEIGHT,FCDISPLAY,FCEDIT,FCQUERY,FCMUST,FCDEFAULT, CONFSELECTINFO) values ('productmanage','materialin','IB_MATERIAL_IN_S.MANUFACTURENAME','制造商','MANUFACTURENAME','IB_MATERIAL_IN_S',7,'1','','','1','1','2','2','','');
insert into ib_conf_form_table_colums(PACKAGENAME,FORMNAME,FORMCOLUMN,FORMCOLUMNTITLE,TABLECOLUMN, TABLENAME,COLUMNNO,FCTYPE,FCWIDTH,FCHEIGHT,FCDISPLAY,FCEDIT,FCQUERY,FCMUST,FCDEFAULT, CONFSELECTINFO) values ('productmanage','materialin','IB_MATERIAL_IN_S.REMARK','备注','REMARK','IB_MATERIAL_IN_S',8,'2','','','1','1','2','1','','');
/* ============================= 流程管理表 =============================   */
INSERT INTO IB_BPM_PROCESS(ID,PACKAGENAME,FLOWNAME,FLOWTITLE,VERSIONID,FORMID,FLOWURL) VALUES('materialin001','productmanage','materialin','原料入库流程','bcb868a5-db45-454f-8a72-68093367010c','productmanage-materialin001','/material_in/material_in-list.do?flowType=0&flowId=materialin001');
/* ============================= 流程图管理表 =============================   */
insert into ib_conf_flow_chart(ID,FLOWID,ITEMID,NODEID,CONTEXT) values ('06ab634d-b9f8-4316-8531-1813530ecbe5','materialin001','3a916bdd-f8e0-4021-b586-e7415be2d966',NULL,'{\"id\":\"3a916bdd-f8e0-4021-b586-e7415be2d966\",\"name\":\"线\",\"type\":\"Line\",\"title\":\"发起\",\"x\":\"0\",\"y\":\"40\",\"realPoints\":\"120,90,200,90\",\"startElmId\":\"9c3f1ba1-c5bd-42d8-be62-c041793d6bb1\",\"endElmId\":\"4e21a11c-db68-45cf-aa2f-2428487fb8a2\"}');
insert into ib_conf_flow_chart(ID,FLOWID,ITEMID,NODEID,CONTEXT) values ('06f3697c-4a1d-41e5-b076-556047af244a','materialin001','4e21a11c-db68-45cf-aa2f-2428487fb8a2',NULL,'{\"id\":\"4e21a11c-db68-45cf-aa2f-2428487fb8a2\",\"name\":\"发起\",\"type\":\"TaskNode\",\"title\":\"发起\",\"x\":\"200\",\"y\":\"65\",\"width\":\"100\",\"height\":\"50\",\"headLineIds\":\"3a916bdd-f8e0-4021-b586-e7415be2d966\",\"afterLineIds\":\"68acb9ed-b620-47ad-9ea4-7179105a4aa6\"}');
insert into ib_conf_flow_chart(ID,FLOWID,ITEMID,NODEID,CONTEXT) values ('18b0b532-b79e-4c2e-a65d-f57091d64232','materialin001','68acb9ed-b620-47ad-9ea4-7179105a4aa6',NULL,'{\"id\":\"68acb9ed-b620-47ad-9ea4-7179105a4aa6\",\"name\":\"线\",\"type\":\"Line\",\"title\":\"审批\",\"x\":\"0\",\"y\":\"150\",\"realPoints\":\"250,115,250,200,400,200\",\"startElmId\":\"4e21a11c-db68-45cf-aa2f-2428487fb8a2\",\"endElmId\":\"f4224f84-0df8-425f-af69-34620fb53377\"}');
insert into ib_conf_flow_chart(ID,FLOWID,ITEMID,NODEID,CONTEXT) values ('1f5d84ef-6d6a-4144-afd0-5b21569a8588','materialin001','fa4237d4-93eb-4534-b94d-21d60eec970f',NULL,'{\"id\":\"fa4237d4-93eb-4534-b94d-21d60eec970f\",\"name\":\"线\",\"type\":\"Line\",\"title\":\"入库质检\",\"x\":\"0\",\"y\":\"260\",\"realPoints\":\"700,310,750,310,750,310\",\"startElmId\":\"4973687e-9ad3-4415-a6ba-ae21589fb599\",\"endElmId\":\"756b2f73-2539-4a0c-8ff9-eb21f626a2b1\"}');
insert into ib_conf_flow_chart(ID,FLOWID,ITEMID,NODEID,CONTEXT) values ('21594b6e-5db2-49a6-a107-67de01a1c902','materialin001','76388b75-b3ff-4be1-9b02-ba0d04fa5482',NULL,'{\"id\":\"76388b75-b3ff-4be1-9b02-ba0d04fa5482\",\"name\":\"泳道\",\"type\":\"Lane\",\"title\":\"审批\",\"x\":\"0\",\"y\":\"150\",\"width\":\"35\",\"height\":\"110\"}');
insert into ib_conf_flow_chart(ID,FLOWID,ITEMID,NODEID,CONTEXT) values ('22e00fcb-adfc-4b3f-8cab-d18bb6ee7a30','materialin001','935e844a-4377-498a-98bf-f3d6f2d22c52',NULL,'{\"id\":\"935e844a-4377-498a-98bf-f3d6f2d22c52\",\"name\":\"线\",\"type\":\"Line\",\"title\":\"入库质检\",\"x\":\"0\",\"y\":\"260\",\"realPoints\":\"450,225,450,310,600,310\",\"startElmId\":\"f4224f84-0df8-425f-af69-34620fb53377\",\"endElmId\":\"4973687e-9ad3-4415-a6ba-ae21589fb599\"}');
insert into ib_conf_flow_chart(ID,FLOWID,ITEMID,NODEID,CONTEXT) values ('25ead779-2010-42dc-a5d0-59c2f8bed31b','materialin001','f4224f84-0df8-425f-af69-34620fb53377',NULL,'{\"id\":\"f4224f84-0df8-425f-af69-34620fb53377\",\"name\":\"审批\",\"type\":\"TaskNode\",\"title\":\"审批\",\"x\":\"400\",\"y\":\"175\",\"width\":\"100\",\"height\":\"50\",\"headLineIds\":\"68acb9ed-b620-47ad-9ea4-7179105a4aa6\",\"afterLineIds\":\"935e844a-4377-498a-98bf-f3d6f2d22c52\"}');
insert into ib_conf_flow_chart(ID,FLOWID,ITEMID,NODEID,CONTEXT) values ('2d042d87-380f-441f-a18e-af75bf615d30','materialin001','9c3f1ba1-c5bd-42d8-be62-c041793d6bb1',NULL,'{\"id\":\"9c3f1ba1-c5bd-42d8-be62-c041793d6bb1\",\"name\":\"开始节点\",\"type\":\"StartNode\",\"title\":\"开始节点\",\"x\":\"70\",\"y\":\"65\",\"width\":\"50\",\"height\":\"50\",\"afterLineIds\":\"3a916bdd-f8e0-4021-b586-e7415be2d966\"}');
insert into ib_conf_flow_chart(ID,FLOWID,ITEMID,NODEID,CONTEXT) values ('595c0b02-88ca-4b79-97ca-558e9539f37f','materialin001','4973687e-9ad3-4415-a6ba-ae21589fb599',NULL,'{\"id\":\"4973687e-9ad3-4415-a6ba-ae21589fb599\",\"name\":\"入库质检\",\"type\":\"TaskNode\",\"title\":\"入库质检\",\"x\":\"600\",\"y\":\"285\",\"width\":\"100\",\"height\":\"50\",\"headLineIds\":\"935e844a-4377-498a-98bf-f3d6f2d22c52\",\"afterLineIds\":\"fa4237d4-93eb-4534-b94d-21d60eec970f\"}');
insert into ib_conf_flow_chart(ID,FLOWID,ITEMID,NODEID,CONTEXT) values ('91d88246-4949-422d-bebe-a6af02236a26','materialin001','2e47a7e0-51d4-412c-a189-2e739ea7229c',NULL,'{\"id\":\"2e47a7e0-51d4-412c-a189-2e739ea7229c\",\"name\":\"泳道\",\"type\":\"Lane\",\"title\":\"入库质检\",\"x\":\"0\",\"y\":\"260\",\"width\":\"35\",\"height\":\"110\"}');
insert into ib_conf_flow_chart(ID,FLOWID,ITEMID,NODEID,CONTEXT) values ('936ed6d4-e0a9-4a13-b036-57e009ee15fe','materialin001','756b2f73-2539-4a0c-8ff9-eb21f626a2b1',NULL,'{\"id\":\"756b2f73-2539-4a0c-8ff9-eb21f626a2b1\",\"name\":\"结束节点\",\"type\":\"EndNode\",\"title\":\"结束\",\"x\":\"750\",\"y\":\"285\",\"width\":\"50\",\"height\":\"50\",\"headLineIds\":\"fa4237d4-93eb-4534-b94d-21d60eec970f\"}');
insert into ib_conf_flow_chart(ID,FLOWID,ITEMID,NODEID,CONTEXT) values ('a1ea70ee-2f97-4923-a141-d8851f27d7f9','materialin001','bd5e352b-212c-4489-a700-b363d7acda0b',NULL,'{\"id\":\"bd5e352b-212c-4489-a700-b363d7acda0b\",\"name\":\"泳道\",\"type\":\"Lane\",\"title\":\"发起\",\"x\":\"0\",\"y\":\"40\",\"width\":\"35\",\"height\":\"110\"}');

/* ================================================================================   */
/* ==============================   (领料)原料出库表   ====================================   */
/* ================================================================================   */
/* ================= 业务表结构管理表 ==================   */
insert  into ib_conf_table(ID,PACKAGENAME,TABLENAME,TABLENAMECOMMENT,TABLETYPE,PARENTTABLEID,ISBPMTABLE) values ('ib_material_out001','productmanage','IB_MATERIAL_OUT','(领料)原料出库表','1',NULL,1);
insert  into ib_conf_table(ID,PACKAGENAME,TABLENAME,TABLENAMECOMMENT,TABLETYPE,PARENTTABLEID,ISBPMTABLE) values ('ib_material_out_s001','productmanage','IB_MATERIAL_OUT_S','原料出库信息子表','2',NULL,1);
/* ================= 业务表字段结构管理表 ==================   */
insert into ib_conf_table_columns(tableName,columnValue,columnName,columnType,columnSize,isNull,defaultValue,columnNo) values ('IB_MATERIAL_OUT','ID','UUID主键','VARCHAR','64','否',NULL,91);
insert into ib_conf_table_columns(tableName,columnValue,columnName,columnType,columnSize,isNull,defaultValue,columnNo) values ('IB_MATERIAL_OUT','EXECUTIONID','流程执行实例ID','VARCHAR','64','是',NULL,92);
insert into ib_conf_table_columns(tableName,columnValue,columnName,columnType,columnSize,isNull,defaultValue,columnNo) values ('IB_MATERIAL_OUT','CREATEDATEBPM','流程创建时间','DATETIME','','是',NULL,93);
insert into ib_conf_table_columns(tableName,columnValue,columnName,columnType,columnSize,isNull,defaultValue,columnNo) values ('IB_MATERIAL_OUT','NODENAME','流程节点名','VARCHAR','128','是',NULL,94);
insert into ib_conf_table_columns(tableName,columnValue,columnName,columnType,columnSize,isNull,defaultValue,columnNo) values ('IB_MATERIAL_OUT','@USERNAME','负责人名','VARCHAR','128','是',NULL,95);
insert into ib_conf_table_columns(tableName,columnValue,columnName,columnType,columnSize,isNull,defaultValue,columnNo) values ('IB_MATERIAL_OUT','ASSIGNEEUSER','负责人','VARCHAR','64','是',NULL,95);
insert into ib_conf_table_columns(tableName,columnValue,columnName,columnType,columnSize,isNull,defaultValue,columnNo) values ('IB_MATERIAL_OUT','DONEFLAG','流程结束标记','INTEGER','4','是',NULL,96);
insert into ib_conf_table_columns(tableName,columnValue,columnName,columnType,columnSize,isNull,defaultValue,columnNo) values ('IB_MATERIAL_OUT','TASKTITLE','流程实例标题','VARCHAR','256','是',NULL,97);
insert into ib_conf_table_columns(tableName,columnValue,columnName,columnType,columnSize,isNull,defaultValue,columnNo) values ('IB_MATERIAL_OUT','EVENTDATE','出库日期','DATE','0','是','',1);
insert into ib_conf_table_columns(tableName,columnValue,columnName,columnType,columnSize,isNull,defaultValue,columnNo) values ('IB_MATERIAL_OUT','BATCHNO','批次号','VARCHAR','8','是','',2);
insert into ib_conf_table_columns(tableName,columnValue,columnName,columnType,columnSize,isNull,defaultValue,columnNo) values ('IB_MATERIAL_OUT','WAREHOUSENO','仓库编号','VARCHAR','64','是','',3);
insert into ib_conf_table_columns(tableName,columnValue,columnName,columnType,columnSize,isNull,defaultValue,columnNo) values ('IB_MATERIAL_OUT','PRODUCTNO','产品编号','VARCHAR','64','是','',4);
insert into ib_conf_table_columns(tableName,columnValue,columnName,columnType,columnSize,isNull,defaultValue,columnNo) values ('IB_MATERIAL_OUT','PRODUCTNAME','产品名称','VARCHAR','256','是','',5);
insert into ib_conf_table_columns(tableName,columnValue,columnName,columnType,columnSize,isNull,defaultValue,columnNo) values ('IB_MATERIAL_OUT','MATERIALNUM','数量','NUMBER','10','是','',6);

insert into ib_conf_table_columns(tableName,columnValue,columnName,columnType,columnSize,isNull,defaultValue,columnNo) values ('IB_MATERIAL_OUT_S','ID','UUID主键','VARCHAR','64','否',NULL,91);
insert into ib_conf_table_columns(tableName,columnValue,columnName,columnType,columnSize,isNull,defaultValue,columnNo) values ('IB_MATERIAL_OUT_S','PARENTID','主表UUID','VARCHAR','64','否',NULL,92);
insert into ib_conf_table_columns(tableName,columnValue,columnName,columnType,columnSize,isNull,defaultValue,columnNo) values ('IB_MATERIAL_OUT_S','MATERIALNO','原料编号','VARCHAR','64','是','',1);
insert into ib_conf_table_columns(tableName,columnValue,columnName,columnType,columnSize,isNull,defaultValue,columnNo) values ('IB_MATERIAL_OUT_S','MATERIALNAME','原料名称','VARCHAR','128','是','',2);
insert into ib_conf_table_columns(tableName,columnValue,columnName,columnType,columnSize,isNull,defaultValue,columnNo) values ('IB_MATERIAL_OUT_S','MATERIALMODEL','原料规格型号','VARCHAR','64','是','',3);
insert into ib_conf_table_columns(tableName,columnValue,columnName,columnType,columnSize,isNull,defaultValue,columnNo) values ('IB_MATERIAL_OUT_S','MATERIALUNIT','单位','VARCHAR','16','是','',4);
insert into ib_conf_table_columns(tableName,columnValue,columnName,columnType,columnSize,isNull,defaultValue,columnNo) values ('IB_MATERIAL_OUT_S','MATERIALNUM','数量','NUMBER','10','是','',5);
insert into ib_conf_table_columns(tableName,columnValue,columnName,columnType,columnSize,isNull,defaultValue,columnNo) values ('IB_MATERIAL_OUT_S','MANUFACTURENAME','制造商','VARCHAR','64','是','',6);
insert into ib_conf_table_columns(tableName,columnValue,columnName,columnType,columnSize,isNull,defaultValue,columnNo) values ('IB_MATERIAL_OUT_S','REMARK','备注','VARCHAR','512','是','',7);
/* ================= 表单管理表 ==================   */
insert  into ib_conf_form(ID,PACKAGENAME,FORMNAME,FORMTITLE,FORMURL,ISEDIT,ISADD,ISDELETE,ISQUERY,ISEXCELEXPORT,ISIMPORTEXPORT,ISBPMFORM) values ('productmanage-materialOut001','productmanage','materialOut','(领料)原料出库信息','/material_out/material_out-list.do',1,1,1,2,2,2,1);
/* ================= 表单对应数据表管理表 ==================   */
insert  into ib_conf_form_table(PACKAGENAME,FORMNAME,TABLENAME,TABLETYPE) values ('productmanage','materialOut','IB_MATERIAL_OUT','main');
insert  into ib_conf_form_table(PACKAGENAME,FORMNAME,TABLENAME,TABLETYPE) values ('productmanage','materialOut','IB_MATERIAL_OUT_S','sub');
/* ================= 表单对应字段管理表 ==================   */
insert into ib_conf_form_table_colums(PACKAGENAME,FORMNAME,FORMCOLUMN,FORMCOLUMNTITLE,TABLECOLUMN,TABLENAME,COLUMNNO,FCTYPE,FCWIDTH,FCHEIGHT,FCDISPLAY,FCEDIT,FCQUERY,FCMUST,FCDEFAULT,CONFSELECTINFO) values ('productmanage','materialOut','IB_MATERIAL_OUT.BATCHNO','批次号','BATCHNO','IB_MATERIAL_OUT',2,'1','','','1','1','2','1','','');
insert into ib_conf_form_table_colums(PACKAGENAME,FORMNAME,FORMCOLUMN,FORMCOLUMNTITLE,TABLECOLUMN,TABLENAME,COLUMNNO,FCTYPE,FCWIDTH,FCHEIGHT,FCDISPLAY,FCEDIT,FCQUERY,FCMUST,FCDEFAULT,CONFSELECTINFO) values ('productmanage','materialOut','IB_MATERIAL_OUT.EVENTDATE','出库日期','EVENTDATE','IB_MATERIAL_OUT',1,'4','','','1','2','2','1','@currentDate','');
insert into ib_conf_form_table_colums(PACKAGENAME,FORMNAME,FORMCOLUMN,FORMCOLUMNTITLE,TABLECOLUMN,TABLENAME,COLUMNNO,FCTYPE,FCWIDTH,FCHEIGHT,FCDISPLAY,FCEDIT,FCQUERY,FCMUST,FCDEFAULT,CONFSELECTINFO) values ('productmanage','materialOut','IB_MATERIAL_OUT.MATERIALNUM','数量','MATERIALNUM','IB_MATERIAL_OUT',6,'5','','','1','1','2','1','','');
insert into ib_conf_form_table_colums(PACKAGENAME,FORMNAME,FORMCOLUMN,FORMCOLUMNTITLE,TABLECOLUMN,TABLENAME,COLUMNNO,FCTYPE,FCWIDTH,FCHEIGHT,FCDISPLAY,FCEDIT,FCQUERY,FCMUST,FCDEFAULT,CONFSELECTINFO) values ('productmanage','materialOut','IB_MATERIAL_OUT.PRODUCTNAME','(领料)原料出库表.产品名称','PRODUCTNAME','IB_MATERIAL_OUT',5,'1','','','2','1','2','1','','');
insert into ib_conf_form_table_colums(PACKAGENAME,FORMNAME,FORMCOLUMN,FORMCOLUMNTITLE,TABLECOLUMN,TABLENAME,COLUMNNO,FCTYPE,FCWIDTH,FCHEIGHT,FCDISPLAY,FCEDIT,FCQUERY,FCMUST,FCDEFAULT,CONFSELECTINFO) values ('productmanage','materialOut','IB_MATERIAL_OUT.PRODUCTNO','产品名','PRODUCTNO','IB_MATERIAL_OUT',4,'7','','','1','1','2','1','','{\"sql\":\"select id vKey, PRODUCTNAME vValue from IB_PRODUCT \"} ');
insert into ib_conf_form_table_colums(PACKAGENAME,FORMNAME,FORMCOLUMN,FORMCOLUMNTITLE,TABLECOLUMN,TABLENAME,COLUMNNO,FCTYPE,FCWIDTH,FCHEIGHT,FCDISPLAY,FCEDIT,FCQUERY,FCMUST,FCDEFAULT,CONFSELECTINFO) values ('productmanage','materialOut','IB_MATERIAL_OUT.WAREHOUSENO','仓库名','WAREHOUSENO','IB_MATERIAL_OUT',3,'7','','','1','1','2','1','','{\"sql\":\"select id vKey, WAREHOUSENAME vValue from IB_WAREHOUSE \"}');
insert into ib_conf_form_table_colums(PACKAGENAME,FORMNAME,FORMCOLUMN,FORMCOLUMNTITLE,TABLECOLUMN,TABLENAME,COLUMNNO,FCTYPE,FCWIDTH,FCHEIGHT,FCDISPLAY,FCEDIT,FCQUERY,FCMUST,FCDEFAULT,CONFSELECTINFO) values ('productmanage','materialOut','IB_MATERIAL_OUT_S.MANUFACTURENAME','制造商','MANUFACTURENAME','IB_MATERIAL_OUT_S',6,'1','','','1','1','2','1','','');
insert into ib_conf_form_table_colums(PACKAGENAME,FORMNAME,FORMCOLUMN,FORMCOLUMNTITLE,TABLECOLUMN,TABLENAME,COLUMNNO,FCTYPE,FCWIDTH,FCHEIGHT,FCDISPLAY,FCEDIT,FCQUERY,FCMUST,FCDEFAULT,CONFSELECTINFO) values ('productmanage','materialOut','IB_MATERIAL_OUT_S.MATERIALMODEL','原料规格型号','MATERIALMODEL','IB_MATERIAL_OUT_S',3,'1','','','1','1','2','1','','');
insert into ib_conf_form_table_colums(PACKAGENAME,FORMNAME,FORMCOLUMN,FORMCOLUMNTITLE,TABLECOLUMN,TABLENAME,COLUMNNO,FCTYPE,FCWIDTH,FCHEIGHT,FCDISPLAY,FCEDIT,FCQUERY,FCMUST,FCDEFAULT,CONFSELECTINFO) values ('productmanage','materialOut','IB_MATERIAL_OUT_S.MATERIALNAME','原料名称','MATERIALNAME','IB_MATERIAL_OUT_S',2,'1','','','1','1','2','1','','');
insert into ib_conf_form_table_colums(PACKAGENAME,FORMNAME,FORMCOLUMN,FORMCOLUMNTITLE,TABLECOLUMN,TABLENAME,COLUMNNO,FCTYPE,FCWIDTH,FCHEIGHT,FCDISPLAY,FCEDIT,FCQUERY,FCMUST,FCDEFAULT,CONFSELECTINFO) values ('productmanage','materialOut','IB_MATERIAL_OUT_S.MATERIALNO','原料编号','MATERIALNO','IB_MATERIAL_OUT_S',1,'1','','','1','1','2','1','','');
insert into ib_conf_form_table_colums(PACKAGENAME,FORMNAME,FORMCOLUMN,FORMCOLUMNTITLE,TABLECOLUMN,TABLENAME,COLUMNNO,FCTYPE,FCWIDTH,FCHEIGHT,FCDISPLAY,FCEDIT,FCQUERY,FCMUST,FCDEFAULT,CONFSELECTINFO) values ('productmanage','materialOut','IB_MATERIAL_OUT_S.MATERIALNUM','数量','MATERIALNUM','IB_MATERIAL_OUT_S',5,'5','','','1','1','2','1','','');
insert into ib_conf_form_table_colums(PACKAGENAME,FORMNAME,FORMCOLUMN,FORMCOLUMNTITLE,TABLECOLUMN,TABLENAME,COLUMNNO,FCTYPE,FCWIDTH,FCHEIGHT,FCDISPLAY,FCEDIT,FCQUERY,FCMUST,FCDEFAULT,CONFSELECTINFO) values ('productmanage','materialOut','IB_MATERIAL_OUT_S.MATERIALUNIT','单位','MATERIALUNIT','IB_MATERIAL_OUT_S',4,'1','','','1','1','2','1','','');
insert into ib_conf_form_table_colums(PACKAGENAME,FORMNAME,FORMCOLUMN,FORMCOLUMNTITLE,TABLECOLUMN,TABLENAME,COLUMNNO,FCTYPE,FCWIDTH,FCHEIGHT,FCDISPLAY,FCEDIT,FCQUERY,FCMUST,FCDEFAULT,CONFSELECTINFO) values ('productmanage','materialOut','IB_MATERIAL_OUT_S.REMARK','备注','REMARK','IB_MATERIAL_OUT_S',7,'2','','','1','1','2','2','','');
/* ============================= 流程管理表 =============================   */
INSERT INTO IB_BPM_PROCESS(ID,PACKAGENAME,FLOWNAME,FLOWTITLE,VERSIONID,FORMID,FLOWURL) VALUES('materialOut001','productmanage','materialOut','(领料)原料出库','45caccae-ede2-4fba-86b0-1217201c32b2','productmanage-materialOut001','/material_out/material_out-list.do?flowType=0&flowId=materialOut001');
/* ============================= 流程图管理表 =============================   */
insert into ib_conf_flow_chart(ID,FLOWID,ITEMID,NODEID,CONTEXT) values ('541c9173-7ca0-427c-91e6-049892e33f12','materialOut001','5b3fd827-5900-4d2f-9cfa-6390a36a1378',NULL,'{\"id\":\"5b3fd827-5900-4d2f-9cfa-6390a36a1378\",\"name\":\"泳道\",\"type\":\"Lane\",\"title\":\"发起\",\"x\":\"0\",\"y\":\"40\",\"width\":\"35\",\"height\":\"110\"}');
insert into ib_conf_flow_chart(ID,FLOWID,ITEMID,NODEID,CONTEXT) values ('5c746681-005e-4e25-8718-bb3d3ef0585d','materialOut001','09e20832-cd75-4bcd-9e58-1155449e52f5',NULL,'{\"id\":\"09e20832-cd75-4bcd-9e58-1155449e52f5\",\"name\":\"开始节点\",\"type\":\"StartNode\",\"title\":\"开始节点\",\"x\":\"70\",\"y\":\"65\",\"width\":\"50\",\"height\":\"50\",\"afterLineIds\":\"9ea0ef66-273d-4e26-8a90-cb79d7e58f4f\"}');
insert into ib_conf_flow_chart(ID,FLOWID,ITEMID,NODEID,CONTEXT) values ('6795a8fa-cdaa-4e31-862d-534e006f0769','materialOut001','35956630-42f6-4614-915f-33e13dcf0408',NULL,'{\"id\":\"35956630-42f6-4614-915f-33e13dcf0408\",\"name\":\"审批\",\"type\":\"TaskNode\",\"title\":\"审批\",\"x\":\"400\",\"y\":\"175\",\"width\":\"100\",\"height\":\"50\",\"headLineIds\":\"b411d834-75d1-4afd-8657-07eed45b0838\",\"afterLineIds\":\"c4def968-4683-41d4-9d9c-45a2b09d57c7\"}');
insert into ib_conf_flow_chart(ID,FLOWID,ITEMID,NODEID,CONTEXT) values ('77a225bf-25ac-42c4-b6a8-0d5b75ca8705','materialOut001','f3eb7cc8-d108-4ca7-a0f8-a6de2078a01a',NULL,'{\"id\":\"f3eb7cc8-d108-4ca7-a0f8-a6de2078a01a\",\"name\":\"结束节点\",\"type\":\"EndNode\",\"title\":\"结束\",\"x\":\"550\",\"y\":\"175\",\"width\":\"50\",\"height\":\"50\",\"headLineIds\":\"c4def968-4683-41d4-9d9c-45a2b09d57c7\"}');
insert into ib_conf_flow_chart(ID,FLOWID,ITEMID,NODEID,CONTEXT) values ('83e4b6ce-2d91-4685-bb6b-37b61563518d','materialOut001','96d0afdb-8ab1-42bf-b422-9147a60e1479',NULL,'{\"id\":\"96d0afdb-8ab1-42bf-b422-9147a60e1479\",\"name\":\"泳道\",\"type\":\"Lane\",\"title\":\"审批\",\"x\":\"0\",\"y\":\"150\",\"width\":\"35\",\"height\":\"110\"}');
insert into ib_conf_flow_chart(ID,FLOWID,ITEMID,NODEID,CONTEXT) values ('9b92168a-c788-44d1-9400-ff71d3a6a12b','materialOut001','c722e60a-83e9-4d61-a44e-cebb9662c60c',NULL,'{\"id\":\"c722e60a-83e9-4d61-a44e-cebb9662c60c\",\"name\":\"发起\",\"type\":\"TaskNode\",\"title\":\"发起\",\"x\":\"200\",\"y\":\"65\",\"width\":\"100\",\"height\":\"50\",\"headLineIds\":\"9ea0ef66-273d-4e26-8a90-cb79d7e58f4f\",\"afterLineIds\":\"b411d834-75d1-4afd-8657-07eed45b0838\"}');
insert into ib_conf_flow_chart(ID,FLOWID,ITEMID,NODEID,CONTEXT) values ('a92c9c0e-aa6a-4964-8227-d6e843c84e9b','materialOut001','b411d834-75d1-4afd-8657-07eed45b0838',NULL,'{\"id\":\"b411d834-75d1-4afd-8657-07eed45b0838\",\"name\":\"线\",\"type\":\"Line\",\"title\":\"审批\",\"x\":\"0\",\"y\":\"150\",\"realPoints\":\"250,115,250,200,400,200\",\"startElmId\":\"c722e60a-83e9-4d61-a44e-cebb9662c60c\",\"endElmId\":\"35956630-42f6-4614-915f-33e13dcf0408\"}');
insert into ib_conf_flow_chart(ID,FLOWID,ITEMID,NODEID,CONTEXT) values ('b392fb95-697a-402c-b0fc-4d9c1874822c','materialOut001','9ea0ef66-273d-4e26-8a90-cb79d7e58f4f',NULL,'{\"id\":\"9ea0ef66-273d-4e26-8a90-cb79d7e58f4f\",\"name\":\"线\",\"type\":\"Line\",\"title\":\"发起\",\"x\":\"0\",\"y\":\"40\",\"realPoints\":\"120,90,200,90\",\"startElmId\":\"09e20832-cd75-4bcd-9e58-1155449e52f5\",\"endElmId\":\"c722e60a-83e9-4d61-a44e-cebb9662c60c\"}');
insert into ib_conf_flow_chart(ID,FLOWID,ITEMID,NODEID,CONTEXT) values ('b8b05d81-6d70-447f-a76a-b8f4c46c5f36','materialOut001','c4def968-4683-41d4-9d9c-45a2b09d57c7',NULL,'{\"id\":\"c4def968-4683-41d4-9d9c-45a2b09d57c7\",\"name\":\"线\",\"type\":\"Line\",\"title\":\"审批\",\"x\":\"0\",\"y\":\"150\",\"realPoints\":\"500,200,550,200,550,200\",\"startElmId\":\"35956630-42f6-4614-915f-33e13dcf0408\",\"endElmId\":\"f3eb7cc8-d108-4ca7-a0f8-a6de2078a01a\"}');

/* ================================================================================   */
/* ==================================    产品入库表      =================================   */
/* ================================================================================   */
/* ================= 业务表结构管理表 ==================   */
insert  into ib_conf_table(ID,PACKAGENAME,TABLENAME,TABLENAMECOMMENT,TABLETYPE,PARENTTABLEID,ISBPMTABLE) values ('ib_product_in001','productmanage','IB_PRODUCT_IN','产品入库表','1',NULL,1);
insert  into ib_conf_table(ID,PACKAGENAME,TABLENAME,TABLENAMECOMMENT,TABLETYPE,PARENTTABLEID,ISBPMTABLE) values ('ib_product_in_s001','productmanage','IB_PRODUCT_IN_S','产品入库子表','2',NULL,1);
/* ================= 业务表字段结构管理表 ==================   */
insert into ib_conf_table_columns(tableName,columnValue,columnName,columnType,columnSize,isNull,defaultValue,columnNo) values ('IB_PRODUCT_IN','ASSIGNEEUSER','负责人','VARCHAR','64','是','',95);
insert into ib_conf_table_columns(tableName,columnValue,columnName,columnType,columnSize,isNull,defaultValue,columnNo) values ('IB_PRODUCT_IN','CREATEDATEBPM','流程创建时间','DATETIME','','是','',93);
insert into ib_conf_table_columns(tableName,columnValue,columnName,columnType,columnSize,isNull,defaultValue,columnNo) values ('IB_PRODUCT_IN','DONEFLAG','流程结束标记','INTEGER','4','是','',96);
insert into ib_conf_table_columns(tableName,columnValue,columnName,columnType,columnSize,isNull,defaultValue,columnNo) values ('IB_PRODUCT_IN','EVENTDATE','入库日期','DATE','0','是','',1);
insert into ib_conf_table_columns(tableName,columnValue,columnName,columnType,columnSize,isNull,defaultValue,columnNo) values ('IB_PRODUCT_IN','EXECUTIONID','流程执行实例ID','VARCHAR','64','是','',92);
insert into ib_conf_table_columns(tableName,columnValue,columnName,columnType,columnSize,isNull,defaultValue,columnNo) values ('IB_PRODUCT_IN','ID','UUID主键','VARCHAR','64','否','',91);
insert into ib_conf_table_columns(tableName,columnValue,columnName,columnType,columnSize,isNull,defaultValue,columnNo) values ('IB_PRODUCT_IN','NODENAME','流程节点名','VARCHAR','128','是','',94);
insert into ib_conf_table_columns(tableName,columnValue,columnName,columnType,columnSize,isNull,defaultValue,columnNo) values ('IB_PRODUCT_IN','REMARK','备注','VARCHAR','512','是','',5);
insert into ib_conf_table_columns(tableName,columnValue,columnName,columnType,columnSize,isNull,defaultValue,columnNo) values ('IB_PRODUCT_IN','SUPPLIERSNAME','供应商名称','VARCHAR','50','是','',2);
insert into ib_conf_table_columns(tableName,columnValue,columnName,columnType,columnSize,isNull,defaultValue,columnNo) values ('IB_PRODUCT_IN','TASKTITLE','流程实例标题','VARCHAR','256','是','',97);
insert into ib_conf_table_columns(tableName,columnValue,columnName,columnType,columnSize,isNull,defaultValue,columnNo) values ('IB_PRODUCT_IN','@USERNAME','负责人名','VARCHAR','128','是','',95);
insert into ib_conf_table_columns(tableName,columnValue,columnName,columnType,columnSize,isNull,defaultValue,columnNo) values ('IB_PRODUCT_IN','WAREHOUSENAME','仓库名称','VARCHAR','64','是','',4);
insert into ib_conf_table_columns(tableName,columnValue,columnName,columnType,columnSize,isNull,defaultValue,columnNo) values ('IB_PRODUCT_IN','WAREHOUSENO','仓库编号','VARCHAR','64','是','',3);
insert into ib_conf_table_columns(tableName,columnValue,columnName,columnType,columnSize,isNull,defaultValue,columnNo) values ('IB_PRODUCT_IN_S','ID','UUID主键','VARCHAR','64','否','',91);
insert into ib_conf_table_columns(tableName,columnValue,columnName,columnType,columnSize,isNull,defaultValue,columnNo) values ('IB_PRODUCT_IN_S','PARENTID','主表编号','VARCHAR','64','是','',1);
insert into ib_conf_table_columns(tableName,columnValue,columnName,columnType,columnSize,isNull,defaultValue,columnNo) values ('IB_PRODUCT_IN_S','PRODUCTFLOWID','产品件号','VARCHAR','64','是','',5);
insert into ib_conf_table_columns(tableName,columnValue,columnName,columnType,columnSize,isNull,defaultValue,columnNo) values ('IB_PRODUCT_IN_S','PRODUCTMODEL','规格型号','VARCHAR','64','是','',8);
insert into ib_conf_table_columns(tableName,columnValue,columnName,columnType,columnSize,isNull,defaultValue,columnNo) values ('IB_PRODUCT_IN_S','PRODUCTNAME','产品名','VARCHAR','128','是','',7);
insert into ib_conf_table_columns(tableName,columnValue,columnName,columnType,columnSize,isNull,defaultValue,columnNo) values ('IB_PRODUCT_IN_S','PRODUCTNO','产品编号','VARCHAR','64','是','',6);
insert into ib_conf_table_columns(tableName,columnValue,columnName,columnType,columnSize,isNull,defaultValue,columnNo) values ('IB_PRODUCT_IN_S','PRODUCTNUM','数量合计','NUMBER','10','是','',11);
insert into ib_conf_table_columns(tableName,columnValue,columnName,columnType,columnSize,isNull,defaultValue,columnNo) values ('IB_PRODUCT_IN_S','PRODUCTTYPE','产品类型','VARCHAR','64','是','',4);
insert into ib_conf_table_columns(tableName,columnValue,columnName,columnType,columnSize,isNull,defaultValue,columnNo) values ('IB_PRODUCT_IN_S','PRODUCTUNIT','单位','VARCHAR','8','是','',9);
insert into ib_conf_table_columns(tableName,columnValue,columnName,columnType,columnSize,isNull,defaultValue,columnNo) values ('IB_PRODUCT_IN_S','UNITPRICE','单价','NUMBER','12,2','是','',10);
insert into ib_conf_table_columns(tableName,columnValue,columnName,columnType,columnSize,isNull,defaultValue,columnNo) values ('IB_PRODUCT_IN_S','WAREHOUSENAME','仓库名称','VARCHAR','64','是','',3);
insert into ib_conf_table_columns(tableName,columnValue,columnName,columnType,columnSize,isNull,defaultValue,columnNo) values ('IB_PRODUCT_IN_S','WAREHOUSENO','仓库编号','VARCHAR','64','是','',2);
/* ================= 表单管理表 ==================   */
insert  into ib_conf_form(ID,PACKAGENAME,FORMNAME,FORMTITLE,FORMURL,ISEDIT,ISADD,ISDELETE,ISQUERY,ISEXCELEXPORT,ISIMPORTEXPORT,ISBPMFORM) values ('productmanage-productIn001','productmanage','productIn','产品入库','/product_in/product_in-list.do',1,1,1,2,1,2,1);
/* ================= 表单对应数据表管理表 ==================   */
insert  into ib_conf_form_table(PACKAGENAME,FORMNAME,TABLENAME,TABLETYPE) values ('productmanage','productIn','IB_PRODUCT_IN','main');
insert  into ib_conf_form_table(PACKAGENAME,FORMNAME,TABLENAME,TABLETYPE) values ('productmanage','productIn','IB_PRODUCT_IN_S','sub');
/* ================= 表单对应字段管理表 ==================   */
insert into ib_conf_form_table_colums(PACKAGENAME,FORMNAME,FORMCOLUMN,FORMCOLUMNTITLE,TABLECOLUMN,TABLENAME,COLUMNNO,FCTYPE,FCWIDTH,FCHEIGHT,FCDISPLAY,FCEDIT,FCQUERY,FCMUST,FCDEFAULT,CONFSELECTINFO) values ('productmanage','productIn','IB_PRODUCT_IN.EVENTDATE','入库日期','EVENTDATE','IB_PRODUCT_IN',1,'4','','','1','2','2','1','@currentDate','');
insert into ib_conf_form_table_colums(PACKAGENAME,FORMNAME,FORMCOLUMN,FORMCOLUMNTITLE,TABLECOLUMN,TABLENAME,COLUMNNO,FCTYPE,FCWIDTH,FCHEIGHT,FCDISPLAY,FCEDIT,FCQUERY,FCMUST,FCDEFAULT,CONFSELECTINFO) values ('productmanage','productIn','IB_PRODUCT_IN.REMARK','备注','REMARK','IB_PRODUCT_IN',5,'2','','','1','1','2','2','','');
insert into ib_conf_form_table_colums(PACKAGENAME,FORMNAME,FORMCOLUMN,FORMCOLUMNTITLE,TABLECOLUMN,TABLENAME,COLUMNNO,FCTYPE,FCWIDTH,FCHEIGHT,FCDISPLAY,FCEDIT,FCQUERY,FCMUST,FCDEFAULT,CONFSELECTINFO) values ('productmanage','productIn','IB_PRODUCT_IN.SUPPLIERSNAME','供应商名称','SUPPLIERSNAME','IB_PRODUCT_IN',2,'1','','','1','1','2','1','','');
insert into ib_conf_form_table_colums(PACKAGENAME,FORMNAME,FORMCOLUMN,FORMCOLUMNTITLE,TABLECOLUMN,TABLENAME,COLUMNNO,FCTYPE,FCWIDTH,FCHEIGHT,FCDISPLAY,FCEDIT,FCQUERY,FCMUST,FCDEFAULT,CONFSELECTINFO) values ('productmanage','productIn','IB_PRODUCT_IN.WAREHOUSENAME','仓库名称','WAREHOUSENAME','IB_PRODUCT_IN',4,'1','','','1','1','2','1','','');
insert into ib_conf_form_table_colums(PACKAGENAME,FORMNAME,FORMCOLUMN,FORMCOLUMNTITLE,TABLECOLUMN,TABLENAME,COLUMNNO,FCTYPE,FCWIDTH,FCHEIGHT,FCDISPLAY,FCEDIT,FCQUERY,FCMUST,FCDEFAULT,CONFSELECTINFO) values ('productmanage','productIn','IB_PRODUCT_IN.WAREHOUSENO','仓库名','WAREHOUSENO','IB_PRODUCT_IN',3,'7','','','1','1','2','1','','{"sql":"select id vKey, WAREHOUSENAME vValue from IB_WAREHOUSE "}');
insert into ib_conf_form_table_colums(PACKAGENAME,FORMNAME,FORMCOLUMN,FORMCOLUMNTITLE,TABLECOLUMN,TABLENAME,COLUMNNO,FCTYPE,FCWIDTH,FCHEIGHT,FCDISPLAY,FCEDIT,FCQUERY,FCMUST,FCDEFAULT,CONFSELECTINFO) values ('productmanage','productIn','IB_PRODUCT_IN_S.PRODUCTFLOWID','产品件号','PRODUCTFLOWID','IB_PRODUCT_IN_S',5,'1','','','1','1','2','','','');
insert into ib_conf_form_table_colums(PACKAGENAME,FORMNAME,FORMCOLUMN,FORMCOLUMNTITLE,TABLECOLUMN,TABLENAME,COLUMNNO,FCTYPE,FCWIDTH,FCHEIGHT,FCDISPLAY,FCEDIT,FCQUERY,FCMUST,FCDEFAULT,CONFSELECTINFO) values ('productmanage','productIn','IB_PRODUCT_IN_S.PRODUCTMODEL','规格型号','PRODUCTMODEL','IB_PRODUCT_IN_S',8,'1','','','1','1','2','','','');
insert into ib_conf_form_table_colums(PACKAGENAME,FORMNAME,FORMCOLUMN,FORMCOLUMNTITLE,TABLECOLUMN,TABLENAME,COLUMNNO,FCTYPE,FCWIDTH,FCHEIGHT,FCDISPLAY,FCEDIT,FCQUERY,FCMUST,FCDEFAULT,CONFSELECTINFO) values ('productmanage','productIn','IB_PRODUCT_IN_S.PRODUCTNAME','产品名','PRODUCTNAME','IB_PRODUCT_IN_S',7,'1','','','1','1','2','','','');
insert into ib_conf_form_table_colums(PACKAGENAME,FORMNAME,FORMCOLUMN,FORMCOLUMNTITLE,TABLECOLUMN,TABLENAME,COLUMNNO,FCTYPE,FCWIDTH,FCHEIGHT,FCDISPLAY,FCEDIT,FCQUERY,FCMUST,FCDEFAULT,CONFSELECTINFO) values ('productmanage','productIn','IB_PRODUCT_IN_S.PRODUCTNO','产品编号','PRODUCTNO','IB_PRODUCT_IN_S',6,'1','','','1','1','2','','','');
insert into ib_conf_form_table_colums(PACKAGENAME,FORMNAME,FORMCOLUMN,FORMCOLUMNTITLE,TABLECOLUMN,TABLENAME,COLUMNNO,FCTYPE,FCWIDTH,FCHEIGHT,FCDISPLAY,FCEDIT,FCQUERY,FCMUST,FCDEFAULT,CONFSELECTINFO) values ('productmanage','productIn','IB_PRODUCT_IN_S.PRODUCTNUM','数量合计','PRODUCTNUM','IB_PRODUCT_IN_S',11,'1','','','1','1','2','','','');
insert into ib_conf_form_table_colums(PACKAGENAME,FORMNAME,FORMCOLUMN,FORMCOLUMNTITLE,TABLECOLUMN,TABLENAME,COLUMNNO,FCTYPE,FCWIDTH,FCHEIGHT,FCDISPLAY,FCEDIT,FCQUERY,FCMUST,FCDEFAULT,CONFSELECTINFO) values ('productmanage','productIn','IB_PRODUCT_IN_S.PRODUCTTYPE','产品类型','PRODUCTTYPE','IB_PRODUCT_IN_S',4,'1','','','1','1','2','','','');
insert into ib_conf_form_table_colums(PACKAGENAME,FORMNAME,FORMCOLUMN,FORMCOLUMNTITLE,TABLECOLUMN,TABLENAME,COLUMNNO,FCTYPE,FCWIDTH,FCHEIGHT,FCDISPLAY,FCEDIT,FCQUERY,FCMUST,FCDEFAULT,CONFSELECTINFO) values ('productmanage','productIn','IB_PRODUCT_IN_S.PRODUCTUNIT','单位','PRODUCTUNIT','IB_PRODUCT_IN_S',9,'1','','','1','1','2','','','');
insert into ib_conf_form_table_colums(PACKAGENAME,FORMNAME,FORMCOLUMN,FORMCOLUMNTITLE,TABLECOLUMN,TABLENAME,COLUMNNO,FCTYPE,FCWIDTH,FCHEIGHT,FCDISPLAY,FCEDIT,FCQUERY,FCMUST,FCDEFAULT,CONFSELECTINFO) values ('productmanage','productIn','IB_PRODUCT_IN_S.UNITPRICE','单价','UNITPRICE','IB_PRODUCT_IN_S',10,'5','','','1','1','2','1','','');
insert into ib_conf_form_table_colums(PACKAGENAME,FORMNAME,FORMCOLUMN,FORMCOLUMNTITLE,TABLECOLUMN,TABLENAME,COLUMNNO,FCTYPE,FCWIDTH,FCHEIGHT,FCDISPLAY,FCEDIT,FCQUERY,FCMUST,FCDEFAULT,CONFSELECTINFO) values ('productmanage','productIn','IB_PRODUCT_IN_S.WAREHOUSENAME','仓库名称','WAREHOUSENAME','IB_PRODUCT_IN_S',3,'1','','','1','1','2','','','');
insert into ib_conf_form_table_colums(PACKAGENAME,FORMNAME,FORMCOLUMN,FORMCOLUMNTITLE,TABLECOLUMN,TABLENAME,COLUMNNO,FCTYPE,FCWIDTH,FCHEIGHT,FCDISPLAY,FCEDIT,FCQUERY,FCMUST,FCDEFAULT,CONFSELECTINFO) values ('productmanage','productIn','IB_PRODUCT_IN_S.WAREHOUSENO','仓库编号','WAREHOUSENO','IB_PRODUCT_IN_S',2,'1','','','1','1','2','','','');
/* ============================= 流程管理表 =============================   */
INSERT INTO IB_BPM_PROCESS(ID,PACKAGENAME,FLOWNAME,FLOWTITLE,VERSIONID,FORMID,FLOWURL) VALUES('productIn001','productmanage','productIn','产品入库流程','b77edb56-477c-4b22-8233-713ed2cdc060','productmanage-productIn001','/product_in/product_in-list.do?flowType=0&flowId=productIn001');
/* ============================= 流程图管理表 =============================   */
insert into ib_conf_flow_chart(ID,FLOWID,ITEMID,NODEID,CONTEXT) values ('09601b26-4dc7-4459-b294-d5ecacb0772c','productIn001','1634fc40-0fe8-40a8-9174-fa9fb7bc8cad','','{\"id\":\"1634fc40-0fe8-40a8-9174-fa9fb7bc8cad\",\"name\":\"线\",\"type\":\"Line\",\"title\":\"审批\",\"x\":\"0\",\"y\":\"150\",\"realPoints\":\"500,200,550,200,550,200\",\"startElmId\":\"5d555cce-7a14-49ff-abea-40a752ab9833\",\"endElmId\":\"eae67fe0-322c-4de9-8c23-f8b8149ae264\"}');
insert into ib_conf_flow_chart(ID,FLOWID,ITEMID,NODEID,CONTEXT) values ('2e8dd6f7-b1e9-4a6a-9f31-077acec889b7','productIn001','7d6bed2c-991a-4058-957f-a16210545e98','','{\"id\":\"7d6bed2c-991a-4058-957f-a16210545e98\",\"name\":\"泳道\",\"type\":\"Lane\",\"title\":\"发起\",\"x\":\"0\",\"y\":\"40\",\"width\":\"35\",\"height\":\"110\"}');
insert into ib_conf_flow_chart(ID,FLOWID,ITEMID,NODEID,CONTEXT) values ('8305ca41-9ad9-4f4e-ae96-b77e74c8a597','productIn001','049df8be-184b-4eeb-b4d3-053a073d437c','','{\"id\":\"049df8be-184b-4eeb-b4d3-053a073d437c\",\"name\":\"开始节点\",\"type\":\"StartNode\",\"title\":\"开始节点\",\"x\":\"70\",\"y\":\"65\",\"width\":\"50\",\"height\":\"50\",\"afterLineIds\":\"9b9e04b3-5062-4253-b128-275caf2d7dea\"}');
insert into ib_conf_flow_chart(ID,FLOWID,ITEMID,NODEID,CONTEXT) values ('86baa10d-0d07-4ee6-a35a-b8928ac57338','productIn001','c714ffb6-bf1b-4b62-8f44-835aef875933','','{\"id\":\"c714ffb6-bf1b-4b62-8f44-835aef875933\",\"name\":\"泳道\",\"type\":\"Lane\",\"title\":\"审批\",\"x\":\"0\",\"y\":\"150\",\"width\":\"35\",\"height\":\"110\"}');
insert into ib_conf_flow_chart(ID,FLOWID,ITEMID,NODEID,CONTEXT) values ('a46bd1ff-1732-44b6-84bc-d2d40de4612a','productIn001','9b9e04b3-5062-4253-b128-275caf2d7dea','','{\"id\":\"9b9e04b3-5062-4253-b128-275caf2d7dea\",\"name\":\"线\",\"type\":\"Line\",\"title\":\"发起\",\"x\":\"0\",\"y\":\"40\",\"realPoints\":\"120,90,200,90\",\"startElmId\":\"049df8be-184b-4eeb-b4d3-053a073d437c\",\"endElmId\":\"099561ca-257e-4e6f-9408-ae24b5703899\"}');
insert into ib_conf_flow_chart(ID,FLOWID,ITEMID,NODEID,CONTEXT) values ('b64f3478-f02e-45ab-8f87-752dcab9df09','productIn001','099561ca-257e-4e6f-9408-ae24b5703899','','{\"id\":\"099561ca-257e-4e6f-9408-ae24b5703899\",\"name\":\"发起\",\"type\":\"TaskNode\",\"title\":\"发起\",\"x\":\"200\",\"y\":\"65\",\"width\":\"100\",\"height\":\"50\",\"headLineIds\":\"9b9e04b3-5062-4253-b128-275caf2d7dea\",\"afterLineIds\":\"3e31a451-0314-4935-8247-c83b2a14db7f\"}');
insert into ib_conf_flow_chart(ID,FLOWID,ITEMID,NODEID,CONTEXT) values ('b90bb778-3ff6-4fcc-9d42-24ae0d93d527','productIn001','5d555cce-7a14-49ff-abea-40a752ab9833','','{\"id\":\"5d555cce-7a14-49ff-abea-40a752ab9833\",\"name\":\"审批\",\"type\":\"TaskNode\",\"title\":\"审批\",\"x\":\"400\",\"y\":\"175\",\"width\":\"100\",\"height\":\"50\",\"headLineIds\":\"3e31a451-0314-4935-8247-c83b2a14db7f\",\"afterLineIds\":\"1634fc40-0fe8-40a8-9174-fa9fb7bc8cad\"}');
insert into ib_conf_flow_chart(ID,FLOWID,ITEMID,NODEID,CONTEXT) values ('c71e34cd-bacb-480b-bef7-7f64a452c4fe','productIn001','3e31a451-0314-4935-8247-c83b2a14db7f','','{\"id\":\"3e31a451-0314-4935-8247-c83b2a14db7f\",\"name\":\"线\",\"type\":\"Line\",\"title\":\"审批\",\"x\":\"0\",\"y\":\"150\",\"realPoints\":\"250,115,250,200,400,200\",\"startElmId\":\"099561ca-257e-4e6f-9408-ae24b5703899\",\"endElmId\":\"5d555cce-7a14-49ff-abea-40a752ab9833\"}');
insert into ib_conf_flow_chart(ID,FLOWID,ITEMID,NODEID,CONTEXT) values ('e99c2090-3b0d-4827-84a2-26abec691618','productIn001','eae67fe0-322c-4de9-8c23-f8b8149ae264','','{\"id\":\"eae67fe0-322c-4de9-8c23-f8b8149ae264\",\"name\":\"结束节点\",\"type\":\"EndNode\",\"title\":\"结束\",\"x\":\"550\",\"y\":\"175\",\"width\":\"50\",\"height\":\"50\",\"headLineIds\":\"1634fc40-0fe8-40a8-9174-fa9fb7bc8cad\"}');

/* ================================================================================   */
/* ==================================    项目出库表      =================================   */
/* ================================================================================   */
/* ================= 业务表结构管理表 ==================   */
insert  into ib_conf_table(ID,PACKAGENAME,TABLENAME,TABLENAMECOMMENT,TABLETYPE,PARENTTABLEID,ISBPMTABLE) values ('ib_project_out001','productmanage','IB_PROJECT_OUT','项目出库表','1',NULL,1);
insert  into ib_conf_table(ID,PACKAGENAME,TABLENAME,TABLENAMECOMMENT,TABLETYPE,PARENTTABLEID,ISBPMTABLE) values ('ib_product_out_s001','productmanage','IB_PRODUCT_OUT_S','产品出库信息子表','2',NULL,1);
/* ================= 业务表字段结构管理表 ==================   */
insert into ib_conf_table_columns(tableName,columnValue,columnName,columnType,columnSize,isNull,defaultValue,columnNo) values ('IB_PRODUCT_OUT_S','BATCHNO','批次','VARCHAR','32','是','','2');
insert into ib_conf_table_columns(tableName,columnValue,columnName,columnType,columnSize,isNull,defaultValue,columnNo) values ('IB_PRODUCT_OUT_S','DELIVERYDATE','发货日期','DATE','0','是','','10');
insert into ib_conf_table_columns(tableName,columnValue,columnName,columnType,columnSize,isNull,defaultValue,columnNo) values ('IB_PRODUCT_OUT_S','GOODSADDRESS','货物所在地','VARCHAR','64','是','','15');
insert into ib_conf_table_columns(tableName,columnValue,columnName,columnType,columnSize,isNull,defaultValue,columnNo) values ('IB_PRODUCT_OUT_S','ID','UUID主键','VARCHAR','64','否','','91');
insert into ib_conf_table_columns(tableName,columnValue,columnName,columnType,columnSize,isNull,defaultValue,columnNo) values ('IB_PRODUCT_OUT_S','MATERIALNUM','数量','NUMBER','10','是','','11');
insert into ib_conf_table_columns(tableName,columnValue,columnName,columnType,columnSize,isNull,defaultValue,columnNo) values ('IB_PRODUCT_OUT_S','MODELTYPE','规格型号','VARCHAR','128','是','','7');
insert into ib_conf_table_columns(tableName,columnValue,columnName,columnType,columnSize,isNull,defaultValue,columnNo) values ('IB_PRODUCT_OUT_S','OUTTYPE','发货类型','VARCHAR','32','是','','14');
insert into ib_conf_table_columns(tableName,columnValue,columnName,columnType,columnSize,isNull,defaultValue,columnNo) values ('IB_PRODUCT_OUT_S','PARENTID','主表编号','VARCHAR','64','是','','1');
insert into ib_conf_table_columns(tableName,columnValue,columnName,columnType,columnSize,isNull,defaultValue,columnNo) values ('IB_PRODUCT_OUT_S','PRICE','金额','DATE','10,2','是','','13');
insert into ib_conf_table_columns(tableName,columnValue,columnName,columnType,columnSize,isNull,defaultValue,columnNo) values ('IB_PRODUCT_OUT_S','PRODUCTFLOWID','产品件号','VARCHAR','64','是','','4');
insert into ib_conf_table_columns(tableName,columnValue,columnName,columnType,columnSize,isNull,defaultValue,columnNo) values ('IB_PRODUCT_OUT_S','PRODUCTNAME','产品名称','VARCHAR','64','是','','6');
insert into ib_conf_table_columns(tableName,columnValue,columnName,columnType,columnSize,isNull,defaultValue,columnNo) values ('IB_PRODUCT_OUT_S','PRODUCTNO','产品产品编号','VARCHAR','32','是','','5');
insert into ib_conf_table_columns(tableName,columnValue,columnName,columnType,columnSize,isNull,defaultValue,columnNo) values ('IB_PRODUCT_OUT_S','SIZES','规格尺寸','VARCHAR','64','是','','9');
insert into ib_conf_table_columns(tableName,columnValue,columnName,columnType,columnSize,isNull,defaultValue,columnNo) values ('IB_PRODUCT_OUT_S','STATIONNAME','设备地点','VARCHAR','128','是','','3');
insert into ib_conf_table_columns(tableName,columnValue,columnName,columnType,columnSize,isNull,defaultValue,columnNo) values ('IB_PRODUCT_OUT_S','UNIT','单位','VARCHAR','64','是','','8');
insert into ib_conf_table_columns(tableName,columnValue,columnName,columnType,columnSize,isNull,defaultValue,columnNo) values ('IB_PRODUCT_OUT_S','UNITPRICE','单价','DATE','10,2','是','','12');
insert into ib_conf_table_columns(tableName,columnValue,columnName,columnType,columnSize,isNull,defaultValue,columnNo) values ('IB_PROJECT_OUT','AMOUNTCAPITAL','出库总金额大写','VARCHAR','64','是','','29');
insert into ib_conf_table_columns(tableName,columnValue,columnName,columnType,columnSize,isNull,defaultValue,columnNo) values ('IB_PROJECT_OUT','AMOUNTLOWERCASE','出库总金额小写','NUMBER','12,2','是','','30');
insert into ib_conf_table_columns(tableName,columnValue,columnName,columnType,columnSize,isNull,defaultValue,columnNo) values ('IB_PROJECT_OUT','APPLICANTUSER','申请人','VARCHAR','32','是','','2');
insert into ib_conf_table_columns(tableName,columnValue,columnName,columnType,columnSize,isNull,defaultValue,columnNo) values ('IB_PROJECT_OUT','ASSIGNEEUSER','负责人','VARCHAR','64','是','','95');
insert into ib_conf_table_columns(tableName,columnValue,columnName,columnType,columnSize,isNull,defaultValue,columnNo) values ('IB_PROJECT_OUT','CARDOOR','车辆能否到门口','VARCHAR','2','是','','18');
insert into ib_conf_table_columns(tableName,columnValue,columnName,columnType,columnSize,isNull,defaultValue,columnNo) values ('IB_PROJECT_OUT','COMMENTS','备注说明','VARCHAR','128','是','','24');
insert into ib_conf_table_columns(tableName,columnValue,columnName,columnType,columnSize,isNull,defaultValue,columnNo) values ('IB_PROJECT_OUT','CONSIGNEE','收货人','VARCHAR','32','是','','14');
insert into ib_conf_table_columns(tableName,columnValue,columnName,columnType,columnSize,isNull,defaultValue,columnNo) values ('IB_PROJECT_OUT','CONSIGNEEPHONE','收货人电话','VARCHAR','128','是','','15');
insert into ib_conf_table_columns(tableName,columnValue,columnName,columnType,columnSize,isNull,defaultValue,columnNo) values ('IB_PROJECT_OUT','CREATEDATEBPM','流程创建时间','DATETIME','','是','','93');
insert into ib_conf_table_columns(tableName,columnValue,columnName,columnType,columnSize,isNull,defaultValue,columnNo) values ('IB_PROJECT_OUT','CUSTOMERNAME','用户名称','VARCHAR','64','是','','9');
insert into ib_conf_table_columns(tableName,columnValue,columnName,columnType,columnSize,isNull,defaultValue,columnNo) values ('IB_PROJECT_OUT','DELIVERYADDRESS','送货地点','VARCHAR','128','是','','16');
insert into ib_conf_table_columns(tableName,columnValue,columnName,columnType,columnSize,isNull,defaultValue,columnNo) values ('IB_PROJECT_OUT','DETAILEDINFO','详细情况描述','VARCHAR','512','是','','17');
insert into ib_conf_table_columns(tableName,columnValue,columnName,columnType,columnSize,isNull,defaultValue,columnNo) values ('IB_PROJECT_OUT','DONEFLAG','流程结束标记','INTEGER','4','是','','96');
insert into ib_conf_table_columns(tableName,columnValue,columnName,columnType,columnSize,isNull,defaultValue,columnNo) values ('IB_PROJECT_OUT','EVENTDATE','单据日期','DATE','0','是','','1');
insert into ib_conf_table_columns(tableName,columnValue,columnName,columnType,columnSize,isNull,defaultValue,columnNo) values ('IB_PROJECT_OUT','EXECUTIONID','流程执行实例ID','VARCHAR','64','是','','92');
insert into ib_conf_table_columns(tableName,columnValue,columnName,columnType,columnSize,isNull,defaultValue,columnNo) values ('IB_PROJECT_OUT','FINANCIALAPPR','财务审批','VARCHAR','128','是','','27');
insert into ib_conf_table_columns(tableName,columnValue,columnName,columnType,columnSize,isNull,defaultValue,columnNo) values ('IB_PROJECT_OUT','ID','UUID主键','VARCHAR','64','否','','91');
insert into ib_conf_table_columns(tableName,columnValue,columnName,columnType,columnSize,isNull,defaultValue,columnNo) values ('IB_PROJECT_OUT','ISEXECUTPACT','是否按合同执行','VARCHAR','2','是','','21');
insert into ib_conf_table_columns(tableName,columnValue,columnName,columnType,columnSize,isNull,defaultValue,columnNo) values ('IB_PROJECT_OUT','NODENAME','流程节点名','VARCHAR','128','是','','94');
insert into ib_conf_table_columns(tableName,columnValue,columnName,columnType,columnSize,isNull,defaultValue,columnNo) values ('IB_PROJECT_OUT','OTHERINFO','其它情况描述','VARCHAR','256','是','','20');
insert into ib_conf_table_columns(tableName,columnValue,columnName,columnType,columnSize,isNull,defaultValue,columnNo) values ('IB_PROJECT_OUT','OUTDOOR','是否置于户外','VARCHAR','2','是','','19');
insert into ib_conf_table_columns(tableName,columnValue,columnName,columnType,columnSize,isNull,defaultValue,columnNo) values ('IB_PROJECT_OUT','PACKAGETYPE','包装类型','VARCHAR','16','是','','13');
insert into ib_conf_table_columns(tableName,columnValue,columnName,columnType,columnSize,isNull,defaultValue,columnNo) values ('IB_PROJECT_OUT','PACTNO','合同编号','VARCHAR','32','是','','8');
insert into ib_conf_table_columns(tableName,columnValue,columnName,columnType,columnSize,isNull,defaultValue,columnNo) values ('IB_PROJECT_OUT','PAYMENTINFO','付款情况说明','VARCHAR','128','是','','22');
insert into ib_conf_table_columns(tableName,columnValue,columnName,columnType,columnSize,isNull,defaultValue,columnNo) values ('IB_PROJECT_OUT','PAYMENTNO','付款通知单号','VARCHAR','32','是','','23');
insert into ib_conf_table_columns(tableName,columnValue,columnName,columnType,columnSize,isNull,defaultValue,columnNo) values ('IB_PROJECT_OUT','PLANNER','计划员','VARCHAR','32','是','','7');
insert into ib_conf_table_columns(tableName,columnValue,columnName,columnType,columnSize,isNull,defaultValue,columnNo) values ('IB_PROJECT_OUT','PMANAGERAPPR','项目经理审批','VARCHAR','128','是','','25');
insert into ib_conf_table_columns(tableName,columnValue,columnName,columnType,columnSize,isNull,defaultValue,columnNo) values ('IB_PROJECT_OUT','PROJECTMANAGER','项目经理','VARCHAR','32','是','','6');
insert into ib_conf_table_columns(tableName,columnValue,columnName,columnType,columnSize,isNull,defaultValue,columnNo) values ('IB_PROJECT_OUT','PROJECTNAME','项目名称','VARCHAR','128','是','','5');
insert into ib_conf_table_columns(tableName,columnValue,columnName,columnType,columnSize,isNull,defaultValue,columnNo) values ('IB_PROJECT_OUT','PROJECTNO','项目编号','VARCHAR','128','是','','4');
insert into ib_conf_table_columns(tableName,columnValue,columnName,columnType,columnSize,isNull,defaultValue,columnNo) values ('IB_PROJECT_OUT','SALESDEPT','销售所属部门','VARCHAR','32','是','','11');
insert into ib_conf_table_columns(tableName,columnValue,columnName,columnType,columnSize,isNull,defaultValue,columnNo) values ('IB_PROJECT_OUT','SALESDEPTMANAAPPR','销售部门经理审批','VARCHAR','128','是','','26');
insert into ib_conf_table_columns(tableName,columnValue,columnName,columnType,columnSize,isNull,defaultValue,columnNo) values ('IB_PROJECT_OUT','SALESDIRECTORAPPR','销售总监审批','VARCHAR','128','是','','28');
insert into ib_conf_table_columns(tableName,columnValue,columnName,columnType,columnSize,isNull,defaultValue,columnNo) values ('IB_PROJECT_OUT','SALESUSER','销售人员','VARCHAR','32','是','','10');
insert into ib_conf_table_columns(tableName,columnValue,columnName,columnType,columnSize,isNull,defaultValue,columnNo) values ('IB_PROJECT_OUT','TASKTITLE','流程实例标题','VARCHAR','256','是','','97');
insert into ib_conf_table_columns(tableName,columnValue,columnName,columnType,columnSize,isNull,defaultValue,columnNo) values ('IB_PROJECT_OUT','TRANSPORTMODE','运输方式','VARCHAR','32','是','','12');
insert into ib_conf_table_columns(tableName,columnValue,columnName,columnType,columnSize,isNull,defaultValue,columnNo) values ('IB_PROJECT_OUT','TYPE','出库类型','VARCHAR','32','是','','3');
insert into ib_conf_table_columns(tableName,columnValue,columnName,columnType,columnSize,isNull,defaultValue,columnNo) values ('IB_PROJECT_OUT','@USERNAME','负责人名','VARCHAR','128','是','','95');
/* ================= 表单管理表 ==================   */
insert  into ib_conf_form(ID,PACKAGENAME,FORMNAME,FORMTITLE,FORMURL,ISEDIT,ISADD,ISDELETE,ISQUERY,ISEXCELEXPORT,ISIMPORTEXPORT,ISBPMFORM) values ('productmanage-productOut001','productmanage','productOut','项目出库','/project_out/project_out-list.do',1,1,1,2,1,2,1);
/* ================= 表单对应数据表管理表 ==================   */
insert  into ib_conf_form_table(PACKAGENAME,FORMNAME,TABLENAME,TABLETYPE) values ('productmanage','productOut','IB_PROJECT_OUT','main');
insert  into ib_conf_form_table(PACKAGENAME,FORMNAME,TABLENAME,TABLETYPE) values ('productmanage','productOut','IB_PRODUCT_OUT_S','sub');
/* ================= 表单对应字段管理表 ==================   */
insert into ib_conf_form_table_colums(PACKAGENAME,FORMNAME,FORMCOLUMN,FORMCOLUMNTITLE,TABLECOLUMN,TABLENAME,COLUMNNO,FCTYPE,FCWIDTH,FCHEIGHT,FCDISPLAY,FCEDIT,FCQUERY,FCMUST,FCDEFAULT,CONFSELECTINFO) values ('productmanage','productOut','IB_PRODUCT_OUT_S.BATCHNO','批次','BATCHNO','IB_PRODUCT_OUT_S',2,'1','','','1','1','2','','','');
insert into ib_conf_form_table_colums(PACKAGENAME,FORMNAME,FORMCOLUMN,FORMCOLUMNTITLE,TABLECOLUMN,TABLENAME,COLUMNNO,FCTYPE,FCWIDTH,FCHEIGHT,FCDISPLAY,FCEDIT,FCQUERY,FCMUST,FCDEFAULT,CONFSELECTINFO) values ('productmanage','productOut','IB_PRODUCT_OUT_S.DELIVERYDATE','发货日期','DELIVERYDATE','IB_PRODUCT_OUT_S',10,'1','','','1','1','2','','@currentDate','');
insert into ib_conf_form_table_colums(PACKAGENAME,FORMNAME,FORMCOLUMN,FORMCOLUMNTITLE,TABLECOLUMN,TABLENAME,COLUMNNO,FCTYPE,FCWIDTH,FCHEIGHT,FCDISPLAY,FCEDIT,FCQUERY,FCMUST,FCDEFAULT,CONFSELECTINFO) values ('productmanage','productOut','IB_PRODUCT_OUT_S.GOODSADDRESS','货物所在地','GOODSADDRESS','IB_PRODUCT_OUT_S',15,'1','','','1','1','2','','','');
insert into ib_conf_form_table_colums(PACKAGENAME,FORMNAME,FORMCOLUMN,FORMCOLUMNTITLE,TABLECOLUMN,TABLENAME,COLUMNNO,FCTYPE,FCWIDTH,FCHEIGHT,FCDISPLAY,FCEDIT,FCQUERY,FCMUST,FCDEFAULT,CONFSELECTINFO) values ('productmanage','productOut','IB_PRODUCT_OUT_S.MATERIALNUM','数量','MATERIALNUM','IB_PRODUCT_OUT_S',11,'1','','','1','1','2','','','');
insert into ib_conf_form_table_colums(PACKAGENAME,FORMNAME,FORMCOLUMN,FORMCOLUMNTITLE,TABLECOLUMN,TABLENAME,COLUMNNO,FCTYPE,FCWIDTH,FCHEIGHT,FCDISPLAY,FCEDIT,FCQUERY,FCMUST,FCDEFAULT,CONFSELECTINFO) values ('productmanage','productOut','IB_PRODUCT_OUT_S.MODELTYPE','规格型号','MODELTYPE','IB_PRODUCT_OUT_S',7,'1','','','1','1','2','','','');
insert into ib_conf_form_table_colums(PACKAGENAME,FORMNAME,FORMCOLUMN,FORMCOLUMNTITLE,TABLECOLUMN,TABLENAME,COLUMNNO,FCTYPE,FCWIDTH,FCHEIGHT,FCDISPLAY,FCEDIT,FCQUERY,FCMUST,FCDEFAULT,CONFSELECTINFO) values ('productmanage','productOut','IB_PRODUCT_OUT_S.OUTTYPE','发货类型','OUTTYPE','IB_PRODUCT_OUT_S',14,'1','','','1','1','2','','','');
insert into ib_conf_form_table_colums(PACKAGENAME,FORMNAME,FORMCOLUMN,FORMCOLUMNTITLE,TABLECOLUMN,TABLENAME,COLUMNNO,FCTYPE,FCWIDTH,FCHEIGHT,FCDISPLAY,FCEDIT,FCQUERY,FCMUST,FCDEFAULT,CONFSELECTINFO) values ('productmanage','productOut','IB_PRODUCT_OUT_S.PRICE','金额','PRICE','IB_PRODUCT_OUT_S',13,'1','','','1','1','2','','','');
insert into ib_conf_form_table_colums(PACKAGENAME,FORMNAME,FORMCOLUMN,FORMCOLUMNTITLE,TABLECOLUMN,TABLENAME,COLUMNNO,FCTYPE,FCWIDTH,FCHEIGHT,FCDISPLAY,FCEDIT,FCQUERY,FCMUST,FCDEFAULT,CONFSELECTINFO) values ('productmanage','productOut','IB_PRODUCT_OUT_S.PRODUCTFLOWID','产品件号','PRODUCTFLOWID','IB_PRODUCT_OUT_S',4,'1','','','1','1','2','','','');
insert into ib_conf_form_table_colums(PACKAGENAME,FORMNAME,FORMCOLUMN,FORMCOLUMNTITLE,TABLECOLUMN,TABLENAME,COLUMNNO,FCTYPE,FCWIDTH,FCHEIGHT,FCDISPLAY,FCEDIT,FCQUERY,FCMUST,FCDEFAULT,CONFSELECTINFO) values ('productmanage','productOut','IB_PRODUCT_OUT_S.PRODUCTNAME','产品名称','PRODUCTNAME','IB_PRODUCT_OUT_S',6,'1','','','1','1','2','','','');
insert into ib_conf_form_table_colums(PACKAGENAME,FORMNAME,FORMCOLUMN,FORMCOLUMNTITLE,TABLECOLUMN,TABLENAME,COLUMNNO,FCTYPE,FCWIDTH,FCHEIGHT,FCDISPLAY,FCEDIT,FCQUERY,FCMUST,FCDEFAULT,CONFSELECTINFO) values ('productmanage','productOut','IB_PRODUCT_OUT_S.PRODUCTNO','产品产品编号','PRODUCTNO','IB_PRODUCT_OUT_S',5,'1','','','1','1','2','','','');
insert into ib_conf_form_table_colums(PACKAGENAME,FORMNAME,FORMCOLUMN,FORMCOLUMNTITLE,TABLECOLUMN,TABLENAME,COLUMNNO,FCTYPE,FCWIDTH,FCHEIGHT,FCDISPLAY,FCEDIT,FCQUERY,FCMUST,FCDEFAULT,CONFSELECTINFO) values ('productmanage','productOut','IB_PRODUCT_OUT_S.SIZES','规格尺寸','SIZES','IB_PRODUCT_OUT_S',9,'1','','','1','1','2','','','');
insert into ib_conf_form_table_colums(PACKAGENAME,FORMNAME,FORMCOLUMN,FORMCOLUMNTITLE,TABLECOLUMN,TABLENAME,COLUMNNO,FCTYPE,FCWIDTH,FCHEIGHT,FCDISPLAY,FCEDIT,FCQUERY,FCMUST,FCDEFAULT,CONFSELECTINFO) values ('productmanage','productOut','IB_PRODUCT_OUT_S.STATIONNAME','设备地点','STATIONNAME','IB_PRODUCT_OUT_S',3,'1','','','1','1','2','','','');
insert into ib_conf_form_table_colums(PACKAGENAME,FORMNAME,FORMCOLUMN,FORMCOLUMNTITLE,TABLECOLUMN,TABLENAME,COLUMNNO,FCTYPE,FCWIDTH,FCHEIGHT,FCDISPLAY,FCEDIT,FCQUERY,FCMUST,FCDEFAULT,CONFSELECTINFO) values ('productmanage','productOut','IB_PRODUCT_OUT_S.UNIT','单位','UNIT','IB_PRODUCT_OUT_S',8,'1','','','1','1','2','','','');
insert into ib_conf_form_table_colums(PACKAGENAME,FORMNAME,FORMCOLUMN,FORMCOLUMNTITLE,TABLECOLUMN,TABLENAME,COLUMNNO,FCTYPE,FCWIDTH,FCHEIGHT,FCDISPLAY,FCEDIT,FCQUERY,FCMUST,FCDEFAULT,CONFSELECTINFO) values ('productmanage','productOut','IB_PRODUCT_OUT_S.UNITPRICE','单价','UNITPRICE','IB_PRODUCT_OUT_S',12,'1','','','1','1','2','','','');
insert into ib_conf_form_table_colums(PACKAGENAME,FORMNAME,FORMCOLUMN,FORMCOLUMNTITLE,TABLECOLUMN,TABLENAME,COLUMNNO,FCTYPE,FCWIDTH,FCHEIGHT,FCDISPLAY,FCEDIT,FCQUERY,FCMUST,FCDEFAULT,CONFSELECTINFO) values ('productmanage','productOut','IB_PROJECT_OUT.AMOUNTCAPITAL','出库总金额大写','AMOUNTCAPITAL','IB_PROJECT_OUT',29,'1','','','1','1','2','','','');
insert into ib_conf_form_table_colums(PACKAGENAME,FORMNAME,FORMCOLUMN,FORMCOLUMNTITLE,TABLECOLUMN,TABLENAME,COLUMNNO,FCTYPE,FCWIDTH,FCHEIGHT,FCDISPLAY,FCEDIT,FCQUERY,FCMUST,FCDEFAULT,CONFSELECTINFO) values ('productmanage','productOut','IB_PROJECT_OUT.AMOUNTLOWERCASE','出库总金额小写','AMOUNTLOWERCASE','IB_PROJECT_OUT',30,'1','','','1','1','2','','','');
insert into ib_conf_form_table_colums(PACKAGENAME,FORMNAME,FORMCOLUMN,FORMCOLUMNTITLE,TABLECOLUMN,TABLENAME,COLUMNNO,FCTYPE,FCWIDTH,FCHEIGHT,FCDISPLAY,FCEDIT,FCQUERY,FCMUST,FCDEFAULT,CONFSELECTINFO) values ('productmanage','productOut','IB_PROJECT_OUT.APPLICANTUSER','申请人','APPLICANTUSER','IB_PROJECT_OUT',2,'1','','','1','2','2','1','@USERNAME','');
insert into ib_conf_form_table_colums(PACKAGENAME,FORMNAME,FORMCOLUMN,FORMCOLUMNTITLE,TABLECOLUMN,TABLENAME,COLUMNNO,FCTYPE,FCWIDTH,FCHEIGHT,FCDISPLAY,FCEDIT,FCQUERY,FCMUST,FCDEFAULT,CONFSELECTINFO) values ('productmanage','productOut','IB_PROJECT_OUT.CARDOOR','车辆能否到门口','CARDOOR','IB_PROJECT_OUT',18,'1','','','1','1','2','','','');
insert into ib_conf_form_table_colums(PACKAGENAME,FORMNAME,FORMCOLUMN,FORMCOLUMNTITLE,TABLECOLUMN,TABLENAME,COLUMNNO,FCTYPE,FCWIDTH,FCHEIGHT,FCDISPLAY,FCEDIT,FCQUERY,FCMUST,FCDEFAULT,CONFSELECTINFO) values ('productmanage','productOut','IB_PROJECT_OUT.COMMENTS','备注说明','COMMENTS','IB_PROJECT_OUT',24,'1','','','1','1','2','','','');
insert into ib_conf_form_table_colums(PACKAGENAME,FORMNAME,FORMCOLUMN,FORMCOLUMNTITLE,TABLECOLUMN,TABLENAME,COLUMNNO,FCTYPE,FCWIDTH,FCHEIGHT,FCDISPLAY,FCEDIT,FCQUERY,FCMUST,FCDEFAULT,CONFSELECTINFO) values ('productmanage','productOut','IB_PROJECT_OUT.CONSIGNEE','收货人','CONSIGNEE','IB_PROJECT_OUT',14,'1','','','1','1','2','','','');
insert into ib_conf_form_table_colums(PACKAGENAME,FORMNAME,FORMCOLUMN,FORMCOLUMNTITLE,TABLECOLUMN,TABLENAME,COLUMNNO,FCTYPE,FCWIDTH,FCHEIGHT,FCDISPLAY,FCEDIT,FCQUERY,FCMUST,FCDEFAULT,CONFSELECTINFO) values ('productmanage','productOut','IB_PROJECT_OUT.CONSIGNEEPHONE','收货人电话','CONSIGNEEPHONE','IB_PROJECT_OUT',15,'1','','','1','1','2','','','');
insert into ib_conf_form_table_colums(PACKAGENAME,FORMNAME,FORMCOLUMN,FORMCOLUMNTITLE,TABLECOLUMN,TABLENAME,COLUMNNO,FCTYPE,FCWIDTH,FCHEIGHT,FCDISPLAY,FCEDIT,FCQUERY,FCMUST,FCDEFAULT,CONFSELECTINFO) values ('productmanage','productOut','IB_PROJECT_OUT.CUSTOMERNAME','用户名称','CUSTOMERNAME','IB_PROJECT_OUT',9,'1','','','1','1','2','','','');
insert into ib_conf_form_table_colums(PACKAGENAME,FORMNAME,FORMCOLUMN,FORMCOLUMNTITLE,TABLECOLUMN,TABLENAME,COLUMNNO,FCTYPE,FCWIDTH,FCHEIGHT,FCDISPLAY,FCEDIT,FCQUERY,FCMUST,FCDEFAULT,CONFSELECTINFO) values ('productmanage','productOut','IB_PROJECT_OUT.DELIVERYADDRESS','送货地点','DELIVERYADDRESS','IB_PROJECT_OUT',16,'1','','','1','1','2','','','');
insert into ib_conf_form_table_colums(PACKAGENAME,FORMNAME,FORMCOLUMN,FORMCOLUMNTITLE,TABLECOLUMN,TABLENAME,COLUMNNO,FCTYPE,FCWIDTH,FCHEIGHT,FCDISPLAY,FCEDIT,FCQUERY,FCMUST,FCDEFAULT,CONFSELECTINFO) values ('productmanage','productOut','IB_PROJECT_OUT.DETAILEDINFO','详细情况描述','DETAILEDINFO','IB_PROJECT_OUT',17,'1','','','1','1','2','','','');
insert into ib_conf_form_table_colums(PACKAGENAME,FORMNAME,FORMCOLUMN,FORMCOLUMNTITLE,TABLECOLUMN,TABLENAME,COLUMNNO,FCTYPE,FCWIDTH,FCHEIGHT,FCDISPLAY,FCEDIT,FCQUERY,FCMUST,FCDEFAULT,CONFSELECTINFO) values ('productmanage','productOut','IB_PROJECT_OUT.EVENTDATE','单据日期','EVENTDATE','IB_PROJECT_OUT',1,'1','','','1','2','2','1','@currentDate','');
insert into ib_conf_form_table_colums(PACKAGENAME,FORMNAME,FORMCOLUMN,FORMCOLUMNTITLE,TABLECOLUMN,TABLENAME,COLUMNNO,FCTYPE,FCWIDTH,FCHEIGHT,FCDISPLAY,FCEDIT,FCQUERY,FCMUST,FCDEFAULT,CONFSELECTINFO) values ('productmanage','productOut','IB_PROJECT_OUT.FINANCIALAPPR','财务审批','FINANCIALAPPR','IB_PROJECT_OUT',27,'1','','','1','1','2','','','');
insert into ib_conf_form_table_colums(PACKAGENAME,FORMNAME,FORMCOLUMN,FORMCOLUMNTITLE,TABLECOLUMN,TABLENAME,COLUMNNO,FCTYPE,FCWIDTH,FCHEIGHT,FCDISPLAY,FCEDIT,FCQUERY,FCMUST,FCDEFAULT,CONFSELECTINFO) values ('productmanage','productOut','IB_PROJECT_OUT.ISEXECUTPACT','是否按合同执行','ISEXECUTPACT','IB_PROJECT_OUT',21,'1','','','1','1','2','','','');
insert into ib_conf_form_table_colums(PACKAGENAME,FORMNAME,FORMCOLUMN,FORMCOLUMNTITLE,TABLECOLUMN,TABLENAME,COLUMNNO,FCTYPE,FCWIDTH,FCHEIGHT,FCDISPLAY,FCEDIT,FCQUERY,FCMUST,FCDEFAULT,CONFSELECTINFO) values ('productmanage','productOut','IB_PROJECT_OUT.OTHERINFO','其它情况描述','OTHERINFO','IB_PROJECT_OUT',20,'1','','','1','1','2','','','');
insert into ib_conf_form_table_colums(PACKAGENAME,FORMNAME,FORMCOLUMN,FORMCOLUMNTITLE,TABLECOLUMN,TABLENAME,COLUMNNO,FCTYPE,FCWIDTH,FCHEIGHT,FCDISPLAY,FCEDIT,FCQUERY,FCMUST,FCDEFAULT,CONFSELECTINFO) values ('productmanage','productOut','IB_PROJECT_OUT.OUTDOOR','是否置于户外','OUTDOOR','IB_PROJECT_OUT',19,'1','','','1','1','2','','','');
insert into ib_conf_form_table_colums(PACKAGENAME,FORMNAME,FORMCOLUMN,FORMCOLUMNTITLE,TABLECOLUMN,TABLENAME,COLUMNNO,FCTYPE,FCWIDTH,FCHEIGHT,FCDISPLAY,FCEDIT,FCQUERY,FCMUST,FCDEFAULT,CONFSELECTINFO) values ('productmanage','productOut','IB_PROJECT_OUT.PACKAGETYPE','包装类型','PACKAGETYPE','IB_PROJECT_OUT',13,'1','','','1','1','2','','','');
insert into ib_conf_form_table_colums(PACKAGENAME,FORMNAME,FORMCOLUMN,FORMCOLUMNTITLE,TABLECOLUMN,TABLENAME,COLUMNNO,FCTYPE,FCWIDTH,FCHEIGHT,FCDISPLAY,FCEDIT,FCQUERY,FCMUST,FCDEFAULT,CONFSELECTINFO) values ('productmanage','productOut','IB_PROJECT_OUT.PACTNO','合同编号','PACTNO','IB_PROJECT_OUT',8,'1','','','1','1','2','','','');
insert into ib_conf_form_table_colums(PACKAGENAME,FORMNAME,FORMCOLUMN,FORMCOLUMNTITLE,TABLECOLUMN,TABLENAME,COLUMNNO,FCTYPE,FCWIDTH,FCHEIGHT,FCDISPLAY,FCEDIT,FCQUERY,FCMUST,FCDEFAULT,CONFSELECTINFO) values ('productmanage','productOut','IB_PROJECT_OUT.PAYMENTINFO','付款情况说明','PAYMENTINFO','IB_PROJECT_OUT',22,'1','','','1','1','2','','','');
insert into ib_conf_form_table_colums(PACKAGENAME,FORMNAME,FORMCOLUMN,FORMCOLUMNTITLE,TABLECOLUMN,TABLENAME,COLUMNNO,FCTYPE,FCWIDTH,FCHEIGHT,FCDISPLAY,FCEDIT,FCQUERY,FCMUST,FCDEFAULT,CONFSELECTINFO) values ('productmanage','productOut','IB_PROJECT_OUT.PAYMENTNO','付款通知单号','PAYMENTNO','IB_PROJECT_OUT',23,'1','','','1','1','2','','','');
insert into ib_conf_form_table_colums(PACKAGENAME,FORMNAME,FORMCOLUMN,FORMCOLUMNTITLE,TABLECOLUMN,TABLENAME,COLUMNNO,FCTYPE,FCWIDTH,FCHEIGHT,FCDISPLAY,FCEDIT,FCQUERY,FCMUST,FCDEFAULT,CONFSELECTINFO) values ('productmanage','productOut','IB_PROJECT_OUT.PLANNER','计划员','PLANNER','IB_PROJECT_OUT',7,'1','','','1','1','2','','','');
insert into ib_conf_form_table_colums(PACKAGENAME,FORMNAME,FORMCOLUMN,FORMCOLUMNTITLE,TABLECOLUMN,TABLENAME,COLUMNNO,FCTYPE,FCWIDTH,FCHEIGHT,FCDISPLAY,FCEDIT,FCQUERY,FCMUST,FCDEFAULT,CONFSELECTINFO) values ('productmanage','productOut','IB_PROJECT_OUT.PMANAGERAPPR','项目经理审批','PMANAGERAPPR','IB_PROJECT_OUT',25,'1','','','1','1','2','','','');
insert into ib_conf_form_table_colums(PACKAGENAME,FORMNAME,FORMCOLUMN,FORMCOLUMNTITLE,TABLECOLUMN,TABLENAME,COLUMNNO,FCTYPE,FCWIDTH,FCHEIGHT,FCDISPLAY,FCEDIT,FCQUERY,FCMUST,FCDEFAULT,CONFSELECTINFO) values ('productmanage','productOut','IB_PROJECT_OUT.PROJECTMANAGER','项目经理','PROJECTMANAGER','IB_PROJECT_OUT',6,'1','','','1','1','2','','','');
insert into ib_conf_form_table_colums(PACKAGENAME,FORMNAME,FORMCOLUMN,FORMCOLUMNTITLE,TABLECOLUMN,TABLENAME,COLUMNNO,FCTYPE,FCWIDTH,FCHEIGHT,FCDISPLAY,FCEDIT,FCQUERY,FCMUST,FCDEFAULT,CONFSELECTINFO) values ('productmanage','productOut','IB_PROJECT_OUT.PROJECTNAME','项目名称','PROJECTNAME','IB_PROJECT_OUT',5,'1','','','1','1','2','','','');
insert into ib_conf_form_table_colums(PACKAGENAME,FORMNAME,FORMCOLUMN,FORMCOLUMNTITLE,TABLECOLUMN,TABLENAME,COLUMNNO,FCTYPE,FCWIDTH,FCHEIGHT,FCDISPLAY,FCEDIT,FCQUERY,FCMUST,FCDEFAULT,CONFSELECTINFO) values ('productmanage','productOut','IB_PROJECT_OUT.PROJECTNO','项目编号','PROJECTNO','IB_PROJECT_OUT',4,'1','','','1','1','2','','','');
insert into ib_conf_form_table_colums(PACKAGENAME,FORMNAME,FORMCOLUMN,FORMCOLUMNTITLE,TABLECOLUMN,TABLENAME,COLUMNNO,FCTYPE,FCWIDTH,FCHEIGHT,FCDISPLAY,FCEDIT,FCQUERY,FCMUST,FCDEFAULT,CONFSELECTINFO) values ('productmanage','productOut','IB_PROJECT_OUT.SALESDEPT','销售所属部门','SALESDEPT','IB_PROJECT_OUT',11,'1','','','1','1','2','','','');
insert into ib_conf_form_table_colums(PACKAGENAME,FORMNAME,FORMCOLUMN,FORMCOLUMNTITLE,TABLECOLUMN,TABLENAME,COLUMNNO,FCTYPE,FCWIDTH,FCHEIGHT,FCDISPLAY,FCEDIT,FCQUERY,FCMUST,FCDEFAULT,CONFSELECTINFO) values ('productmanage','productOut','IB_PROJECT_OUT.SALESDEPTMANAAPPR','销售部门经理审批','SALESDEPTMANAAPPR','IB_PROJECT_OUT',26,'1','','','1','1','2','','','');
insert into ib_conf_form_table_colums(PACKAGENAME,FORMNAME,FORMCOLUMN,FORMCOLUMNTITLE,TABLECOLUMN,TABLENAME,COLUMNNO,FCTYPE,FCWIDTH,FCHEIGHT,FCDISPLAY,FCEDIT,FCQUERY,FCMUST,FCDEFAULT,CONFSELECTINFO) values ('productmanage','productOut','IB_PROJECT_OUT.SALESDIRECTORAPPR','销售总监审批','SALESDIRECTORAPPR','IB_PROJECT_OUT',28,'1','','','1','1','2','','','');
insert into ib_conf_form_table_colums(PACKAGENAME,FORMNAME,FORMCOLUMN,FORMCOLUMNTITLE,TABLECOLUMN,TABLENAME,COLUMNNO,FCTYPE,FCWIDTH,FCHEIGHT,FCDISPLAY,FCEDIT,FCQUERY,FCMUST,FCDEFAULT,CONFSELECTINFO) values ('productmanage','productOut','IB_PROJECT_OUT.SALESUSER','销售人员','SALESUSER','IB_PROJECT_OUT',10,'1','','','1','1','2','','','');
insert into ib_conf_form_table_colums(PACKAGENAME,FORMNAME,FORMCOLUMN,FORMCOLUMNTITLE,TABLECOLUMN,TABLENAME,COLUMNNO,FCTYPE,FCWIDTH,FCHEIGHT,FCDISPLAY,FCEDIT,FCQUERY,FCMUST,FCDEFAULT,CONFSELECTINFO) values ('productmanage','productOut','IB_PROJECT_OUT.TRANSPORTMODE','运输方式','TRANSPORTMODE','IB_PROJECT_OUT',12,'1','','','1','1','2','','','');
insert into ib_conf_form_table_colums(PACKAGENAME,FORMNAME,FORMCOLUMN,FORMCOLUMNTITLE,TABLECOLUMN,TABLENAME,COLUMNNO,FCTYPE,FCWIDTH,FCHEIGHT,FCDISPLAY,FCEDIT,FCQUERY,FCMUST,FCDEFAULT,CONFSELECTINFO) values ('productmanage','productOut','IB_PROJECT_OUT.TYPE','出库类型','TYPE','IB_PROJECT_OUT',3,'1','','','1','1','2','','','');
/* ============================= 流程管理表 =============================   */
INSERT INTO IB_BPM_PROCESS(ID,PACKAGENAME,FLOWNAME,FLOWTITLE,VERSIONID,FORMID,FLOWURL) VALUES('productOut001','productmanage','productOut','项目出库流程','41bb80b5-636b-4833-b896-e389194ab4b5','productmanage-productOut001','/project_out/project_out-list.do?flowType=0&flowId=productOut001');
/* ============================= 流程图管理表 =============================   */
insert into ib_conf_flow_chart(ID,FLOWID,ITEMID,NODEID,CONTEXT) values ('6d277bfb-01e2-4f20-8c7d-ff59178e47cd','productOut001','69896ba4-1ad0-47da-82bf-e7b1ab9d46ee','','{\"id\":\"69896ba4-1ad0-47da-82bf-e7b1ab9d46ee\",\"name\":\"线\",\"type\":\"Line\",\"title\":\"审批\",\"x\":\"0\",\"y\":\"150\",\"realPoints\":\"250,115,250,200,400,200\",\"startElmId\":\"68517bd9-1de1-44dc-9d6c-a8d39059ec03\",\"endElmId\":\"5de2ff75-300f-45c0-8ace-c25b447e62f2\"}');
insert into ib_conf_flow_chart(ID,FLOWID,ITEMID,NODEID,CONTEXT) values ('abf18b6e-7fc8-47ea-b486-7bbf7109e7fb','productOut001','3f60c19f-c9c7-45ce-9728-26d2fc1797af','','{\"id\":\"3f60c19f-c9c7-45ce-9728-26d2fc1797af\",\"name\":\"线\",\"type\":\"Line\",\"title\":\"审批\",\"x\":\"0\",\"y\":\"150\",\"realPoints\":\"500,200,550,200,550,200\",\"startElmId\":\"5de2ff75-300f-45c0-8ace-c25b447e62f2\",\"endElmId\":\"539c3999-ed6b-4116-9d17-0ee8feed9f09\"}');
insert into ib_conf_flow_chart(ID,FLOWID,ITEMID,NODEID,CONTEXT) values ('aec82dbb-5d17-48a9-8b66-0b087e41224c','productOut001','95765909-13e5-405f-a8e1-a5bcde63422a','','{\"id\":\"95765909-13e5-405f-a8e1-a5bcde63422a\",\"name\":\"泳道\",\"type\":\"Lane\",\"title\":\"审批\",\"x\":\"0\",\"y\":\"150\",\"width\":\"35\",\"height\":\"110\"}');
insert into ib_conf_flow_chart(ID,FLOWID,ITEMID,NODEID,CONTEXT) values ('b1355a78-d062-4665-bc96-b6623e175488','productOut001','200861cf-0984-4460-8c56-098db1659518','','{\"id\":\"200861cf-0984-4460-8c56-098db1659518\",\"name\":\"线\",\"type\":\"Line\",\"title\":\"发起\",\"x\":\"0\",\"y\":\"40\",\"realPoints\":\"120,90,200,90\",\"startElmId\":\"e9fb7759-8f15-462d-8d01-1e9142b73864\",\"endElmId\":\"68517bd9-1de1-44dc-9d6c-a8d39059ec03\"}');
insert into ib_conf_flow_chart(ID,FLOWID,ITEMID,NODEID,CONTEXT) values ('c603a609-2db0-4928-9652-d76e3653b893','productOut001','5de2ff75-300f-45c0-8ace-c25b447e62f2','','{\"id\":\"5de2ff75-300f-45c0-8ace-c25b447e62f2\",\"name\":\"审批\",\"type\":\"TaskNode\",\"title\":\"审批\",\"x\":\"400\",\"y\":\"175\",\"width\":\"100\",\"height\":\"50\",\"headLineIds\":\"69896ba4-1ad0-47da-82bf-e7b1ab9d46ee\",\"afterLineIds\":\"3f60c19f-c9c7-45ce-9728-26d2fc1797af\"}');
insert into ib_conf_flow_chart(ID,FLOWID,ITEMID,NODEID,CONTEXT) values ('db598198-d73d-4dc2-bc99-f0577f6faa97','productOut001','68517bd9-1de1-44dc-9d6c-a8d39059ec03','','{\"id\":\"68517bd9-1de1-44dc-9d6c-a8d39059ec03\",\"name\":\"发起\",\"type\":\"TaskNode\",\"title\":\"发起\",\"x\":\"200\",\"y\":\"65\",\"width\":\"100\",\"height\":\"50\",\"headLineIds\":\"200861cf-0984-4460-8c56-098db1659518\",\"afterLineIds\":\"69896ba4-1ad0-47da-82bf-e7b1ab9d46ee\"}');
insert into ib_conf_flow_chart(ID,FLOWID,ITEMID,NODEID,CONTEXT) values ('e297b950-3f95-4759-8df4-1b1854af36c4','productOut001','e9fb7759-8f15-462d-8d01-1e9142b73864','','{\"id\":\"e9fb7759-8f15-462d-8d01-1e9142b73864\",\"name\":\"开始节点\",\"type\":\"StartNode\",\"title\":\"开始节点\",\"x\":\"70\",\"y\":\"65\",\"width\":\"50\",\"height\":\"50\",\"afterLineIds\":\"200861cf-0984-4460-8c56-098db1659518\"}');
insert into ib_conf_flow_chart(ID,FLOWID,ITEMID,NODEID,CONTEXT) values ('e934312e-3d50-46cd-a904-6c6cfc66cb9b','productOut001','5abd612e-c4cd-4c52-9186-7598a0b13768','','{\"id\":\"5abd612e-c4cd-4c52-9186-7598a0b13768\",\"name\":\"泳道\",\"type\":\"Lane\",\"title\":\"发起\",\"x\":\"0\",\"y\":\"40\",\"width\":\"35\",\"height\":\"110\"}');
insert into ib_conf_flow_chart(ID,FLOWID,ITEMID,NODEID,CONTEXT) values ('f2735181-c827-4561-b4b1-17347acbdc82','productOut001','539c3999-ed6b-4116-9d17-0ee8feed9f09','','{\"id\":\"539c3999-ed6b-4116-9d17-0ee8feed9f09\",\"name\":\"结束节点\",\"type\":\"EndNode\",\"title\":\"结束\",\"x\":\"550\",\"y\":\"175\",\"width\":\"50\",\"height\":\"50\",\"headLineIds\":\"3f60c19f-c9c7-45ce-9728-26d2fc1797af\"}');
/* ================================================================================   */
/* ==================================    产品库存管理表     =================================   */
/* ================================================================================   */
/*======= 表单 ==========*/ 
insert into ib_conf_form(ID,PACKAGENAME,FORMNAME,FORMTITLE,FORMURL, ISEDIT,ISADD,ISDELETE,ISQUERY,ISEXCELEXPORT,ISIMPORTEXPORT,ISBPMFORM) values ('9a2c1d0b-3311-4efc-b7fe-b25a50c9298e','productmanage','warehouseProduct','产品库存管理表','/warehouse_product/warehouse_product-list.do',1,1,1,1,1,2,2);
/*======= 表单对应表 ==========*/
insert into ib_conf_form_table(PACKAGENAME,FORMNAME,TABLENAME,TABLETYPE) values ('productmanage','warehouseProduct','IB_WAREHOUSE_PRODUCT','main');
/*======= 表单字段 ==========*/
insert into ib_conf_form_table_colums(PACKAGENAME,FORMNAME,FORMCOLUMN,FORMCOLUMNTITLE,TABLECOLUMN, TABLENAME,COLUMNNO,FCTYPE,FCWIDTH,FCHEIGHT,FCDISPLAY,FCEDIT,FCQUERY,FCMUST,FCDEFAULT, CONFSELECTINFO) values ('productmanage','warehouseProduct','IB_WAREHOUSE_PRODUCT.PRODUCTTYPE','产品类型','PRODUCTTYPE','IB_WAREHOUSE_PRODUCT',1,'1','','','1','1','2','','','');
insert into ib_conf_form_table_colums(PACKAGENAME,FORMNAME,FORMCOLUMN,FORMCOLUMNTITLE,TABLECOLUMN, TABLENAME,COLUMNNO,FCTYPE,FCWIDTH,FCHEIGHT,FCDISPLAY,FCEDIT,FCQUERY,FCMUST,FCDEFAULT, CONFSELECTINFO) values ('productmanage','warehouseProduct','IB_WAREHOUSE_PRODUCT.PRODUCTFLOWID','产品件号','PRODUCTFLOWID','IB_WAREHOUSE_PRODUCT',2,'1','','','1','1','2','','','');
insert into ib_conf_form_table_colums(PACKAGENAME,FORMNAME,FORMCOLUMN,FORMCOLUMNTITLE,TABLECOLUMN, TABLENAME,COLUMNNO,FCTYPE,FCWIDTH,FCHEIGHT,FCDISPLAY,FCEDIT,FCQUERY,FCMUST,FCDEFAULT, CONFSELECTINFO) values ('productmanage','warehouseProduct','IB_WAREHOUSE_PRODUCT.PRODUCTNO','产品编号','PRODUCTNO','IB_WAREHOUSE_PRODUCT',3,'1','','','1','1','2','','','');
insert into ib_conf_form_table_colums(PACKAGENAME,FORMNAME,FORMCOLUMN,FORMCOLUMNTITLE,TABLECOLUMN, TABLENAME,COLUMNNO,FCTYPE,FCWIDTH,FCHEIGHT,FCDISPLAY,FCEDIT,FCQUERY,FCMUST,FCDEFAULT, CONFSELECTINFO) values ('productmanage','warehouseProduct','IB_WAREHOUSE_PRODUCT.PRODUCTNAME','产品名','PRODUCTNAME','IB_WAREHOUSE_PRODUCT',4,'1','','','1','1','1','1','','');
insert into ib_conf_form_table_colums(PACKAGENAME,FORMNAME,FORMCOLUMN,FORMCOLUMNTITLE,TABLECOLUMN, TABLENAME,COLUMNNO,FCTYPE,FCWIDTH,FCHEIGHT,FCDISPLAY,FCEDIT,FCQUERY,FCMUST,FCDEFAULT, CONFSELECTINFO) values ('productmanage','warehouseProduct','IB_WAREHOUSE_PRODUCT.PRODUCTMODEL','规格型号','PRODUCTMODEL','IB_WAREHOUSE_PRODUCT',5,'1','','','1','1','2','','','');
insert into ib_conf_form_table_colums(PACKAGENAME,FORMNAME,FORMCOLUMN,FORMCOLUMNTITLE,TABLECOLUMN, TABLENAME,COLUMNNO,FCTYPE,FCWIDTH,FCHEIGHT,FCDISPLAY,FCEDIT,FCQUERY,FCMUST,FCDEFAULT, CONFSELECTINFO) values ('productmanage','warehouseProduct','IB_WAREHOUSE_PRODUCT.PRODUCTUNIT','单位','PRODUCTUNIT','IB_WAREHOUSE_PRODUCT',6,'1','','','1','1','2','','','');
insert into ib_conf_form_table_colums(PACKAGENAME,FORMNAME,FORMCOLUMN,FORMCOLUMNTITLE,TABLECOLUMN, TABLENAME,COLUMNNO,FCTYPE,FCWIDTH,FCHEIGHT,FCDISPLAY,FCEDIT,FCQUERY,FCMUST,FCDEFAULT, CONFSELECTINFO) values ('productmanage','warehouseProduct','IB_WAREHOUSE_PRODUCT.PRODUCTPRICE','单价','PRODUCTPRICE','IB_WAREHOUSE_PRODUCT',7,'5','','','1','1','2','1','','');
insert into ib_conf_form_table_colums(PACKAGENAME,FORMNAME,FORMCOLUMN,FORMCOLUMNTITLE,TABLECOLUMN, TABLENAME,COLUMNNO,FCTYPE,FCWIDTH,FCHEIGHT,FCDISPLAY,FCEDIT,FCQUERY,FCMUST,FCDEFAULT, CONFSELECTINFO) values ('productmanage','warehouseProduct','IB_WAREHOUSE_PRODUCT.PRODUCTNUM','数量','PRODUCTNUM','IB_WAREHOUSE_PRODUCT',8,'5','','','1','1','2','1','','');
insert into ib_conf_form_table_colums(PACKAGENAME,FORMNAME,FORMCOLUMN,FORMCOLUMNTITLE,TABLECOLUMN, TABLENAME,COLUMNNO,FCTYPE,FCWIDTH,FCHEIGHT,FCDISPLAY,FCEDIT,FCQUERY,FCMUST,FCDEFAULT, CONFSELECTINFO) values ('productmanage','warehouseProduct','IB_WAREHOUSE_PRODUCT.WAREHOUSENO','仓库编号','WAREHOUSENO','IB_WAREHOUSE_PRODUCT',9,'1','','','1','1','2','','','');
insert into ib_conf_form_table_colums(PACKAGENAME,FORMNAME,FORMCOLUMN,FORMCOLUMNTITLE,TABLECOLUMN, TABLENAME,COLUMNNO,FCTYPE,FCWIDTH,FCHEIGHT,FCDISPLAY,FCEDIT,FCQUERY,FCMUST,FCDEFAULT, CONFSELECTINFO) values ('productmanage','warehouseProduct','IB_WAREHOUSE_PRODUCT.WAREHOUSENAME','仓库名称','WAREHOUSENAME','IB_WAREHOUSE_PRODUCT',10,'1','','','1','1','2','','','');
/*======= 表 ==========*/
insert into ib_conf_table(ID,PACKAGENAME,TABLENAME,TABLENAMECOMMENT,TABLETYPE, PARENTTABLEID,ISBPMTABLE) values ('ib_warehouse_product001','productmanage','IB_WAREHOUSE_PRODUCT','产品库存管理表','1','',2);
/*======= 表字段 ==========*/
insert into ib_conf_table_columns(tableName,columnValue,columnName,columnType,columnSize, isNull,defaultValue,columnNo) values ('IB_WAREHOUSE_PRODUCT','PRODUCTTYPE','产品类型','VARCHAR','64','是','',1);
insert into ib_conf_table_columns(tableName,columnValue,columnName,columnType,columnSize, isNull,defaultValue,columnNo) values ('IB_WAREHOUSE_PRODUCT','PRODUCTFLOWID','产品件号','VARCHAR','64','是','',2);
insert into ib_conf_table_columns(tableName,columnValue,columnName,columnType,columnSize, isNull,defaultValue,columnNo) values ('IB_WAREHOUSE_PRODUCT','PRODUCTNO','产品编号','VARCHAR','64','是','',3);
insert into ib_conf_table_columns(tableName,columnValue,columnName,columnType,columnSize, isNull,defaultValue,columnNo) values ('IB_WAREHOUSE_PRODUCT','PRODUCTNAME','产品名','VARCHAR','128','是','',4);
insert into ib_conf_table_columns(tableName,columnValue,columnName,columnType,columnSize, isNull,defaultValue,columnNo) values ('IB_WAREHOUSE_PRODUCT','PRODUCTMODEL','规格型号','VARCHAR','64','是','',5);
insert into ib_conf_table_columns(tableName,columnValue,columnName,columnType,columnSize, isNull,defaultValue,columnNo) values ('IB_WAREHOUSE_PRODUCT','PRODUCTUNIT','单位','VARCHAR','8','是','',6);
insert into ib_conf_table_columns(tableName,columnValue,columnName,columnType,columnSize, isNull,defaultValue,columnNo) values ('IB_WAREHOUSE_PRODUCT','PRODUCTPRICE','单价','NUMBER','12,2','是','',7);
insert into ib_conf_table_columns(tableName,columnValue,columnName,columnType,columnSize, isNull,defaultValue,columnNo) values ('IB_WAREHOUSE_PRODUCT','PRODUCTNUM','数量','NUMBER','10','是','',8);
insert into ib_conf_table_columns(tableName,columnValue,columnName,columnType,columnSize, isNull,defaultValue,columnNo) values ('IB_WAREHOUSE_PRODUCT','WAREHOUSENO','仓库编号','VARCHAR','64','是','',9);
insert into ib_conf_table_columns(tableName,columnValue,columnName,columnType,columnSize, isNull,defaultValue,columnNo) values ('IB_WAREHOUSE_PRODUCT','WAREHOUSENAME','仓库名称','VARCHAR','128','是','',10);
insert into ib_conf_table_columns(tableName,columnValue,columnName,columnType,columnSize, isNull,defaultValue,columnNo) values ('IB_WAREHOUSE_PRODUCT','ID','UUID主键','VARCHAR','64','否','',91);
