/* ==========================================================================================  */
/* =============================  IB_CONF_COMPONENT 业务模块组件管理表    =============================  */
/* ==========================================================================================  */
INSERT INTO IB_CONF_COMPONENT(ID,PACKAGENAME,MODULENAME,PARENTID,TYPEID) VALUES('projectmanage0000','projectmanage','项目管理','0','sModule');
INSERT INTO IB_CONF_COMPONENT(ID,PACKAGENAME,MODULENAME,PARENTID,TYPEID) VALUES('projectmanage0001','projectmanage','表存储设计器','projectmanage0000','Table');
INSERT INTO IB_CONF_COMPONENT(ID,PACKAGENAME,MODULENAME,PARENTID,TYPEID) VALUES('projectmanage0002','projectmanage','表单设计器','projectmanage0000','Form');
INSERT INTO IB_CONF_COMPONENT(ID,PACKAGENAME,MODULENAME,PARENTID,TYPEID) VALUES('projectmanage0003','projectmanage','流程表设计器','projectmanage0000','BpmTable');
INSERT INTO IB_CONF_COMPONENT(ID,PACKAGENAME,MODULENAME,PARENTID,TYPEID) VALUES('projectmanage0004','projectmanage','流程表单设计器','projectmanage0000','BpmForm');
INSERT INTO IB_CONF_COMPONENT(ID,PACKAGENAME,MODULENAME,PARENTID,TYPEID) VALUES('projectmanage0005','projectmanage','流程设计器','projectmanage0000','Bpm');
/* ================= 菜单管理表  ==================   */
INSERT INTO IB_MENU(ID,MENUNAME,MENULEVEL,MENUURL,MENUIFRAME,MENUORDER,PARENTID) VALUES('projectmanageOne','项目管理','1','#','URL','6','0');
INSERT INTO IB_MENU(ID,MENUNAME,MENULEVEL,MENUURL,MENUIFRAME,MENUORDER,PARENTID) VALUES('projectmanageTwo1','合同管理','2','#','URL','1','projectmanageOne');
INSERT INTO IB_MENU(ID,MENUNAME,MENULEVEL,MENUURL,MENUIFRAME,MENUORDER,PARENTID) VALUES('projectmanageTwo2','项目管理','2','#','URL','1','projectmanageOne');
INSERT INTO IB_MENU(ID,MENUNAME,MENULEVEL,MENUURL,MENUIFRAME,MENUORDER,PARENTID) VALUES('projectmanageThree21','项目立项','3','/project_approval/project_approval-list.do?flowType=0&flowId=projectApproval001','URL','1','projectmanageTwo2');
INSERT INTO IB_MENU(ID,MENUNAME,MENULEVEL,MENUURL,MENUIFRAME,MENUORDER,PARENTID) VALUES('projectmanageThree22','原料分解','3','/bom/bom-list.do','URL','2','projectmanageTwo2');
INSERT INTO IB_MENU(ID,MENUNAME,MENULEVEL,MENUURL,MENUIFRAME, MENUORDER,PARENTID) VALUES('projectmanageThree23','项目生产计划表','3','/production_plan/production_plan-list.do','URL','3','projectmanageTwo2');
INSERT INTO IB_MENU(ID,MENUNAME,MENULEVEL,MENUURL,MENUIFRAME, MENUORDER,PARENTID) VALUES('projectmanageThree24','材料采购计划申请流程','3','/buy_plan/buy_plan-list.do?flowType=0&flowId=buyPlan001','URL','4','projectmanageTwo2');
INSERT INTO IB_MENU(ID,MENUNAME,MENULEVEL,MENUURL,MENUIFRAME, MENUORDER,PARENTID) VALUES('projectmanageThree25','项目生产进度流程','3','/production_schedule/production_schedule-list.do?flowType=0&flowId=productionSchedule001','URL','5','projectmanageTwo2');
INSERT INTO IB_MENU(ID,MENUNAME,MENULEVEL,MENUURL,MENUIFRAME, MENUORDER,PARENTID) VALUES('projectmanageThree26','产品质监任务表','3','/project_quality/project_quality-list.do','URL','6','projectmanageTwo2');
INSERT INTO IB_MENU(ID,MENUNAME,MENULEVEL,MENUURL,MENUIFRAME, MENUORDER,PARENTID) VALUES('projectmanageThree27','作废产品原料清单','3','/material_waste/material_waste-list.do','URL','7','projectmanageTwo2');

/*===============   菜单和角色模板关联表  =============================*/
INSERT INTO IB_MENU_ROLE_DEF(MENU_ID,ROLE_DEF_ID) VALUES('projectmanageOne','2');
INSERT INTO IB_MENU_ROLE_DEF(MENU_ID,ROLE_DEF_ID) VALUES('projectmanageTwo1','2');
INSERT INTO IB_MENU_ROLE_DEF(MENU_ID,ROLE_DEF_ID) VALUES('projectmanageTwo2','2');
INSERT INTO IB_MENU_ROLE_DEF(MENU_ID,ROLE_DEF_ID) VALUES('projectmanageThree21','2');
INSERT INTO IB_MENU_ROLE_DEF(MENU_ID,ROLE_DEF_ID) VALUES('projectmanageThree22','2');
INSERT INTO IB_MENU_ROLE_DEF(MENU_ID,ROLE_DEF_ID) VALUES('projectmanageThree23','2');
INSERT INTO IB_MENU_ROLE_DEF(MENU_ID,ROLE_DEF_ID) VALUES('projectmanageThree24','2');
INSERT INTO IB_MENU_ROLE_DEF(MENU_ID,ROLE_DEF_ID) VALUES('projectmanageThree25','2');

/* ================================================================================   */
/* ===================================    项目立项表  =================================   */
/* ================================================================================   */
/* ================= 业务表结构管理表 ==================   */
insert  into ib_conf_table(ID,PACKAGENAME,TABLENAME,TABLENAMECOMMENT,TABLETYPE,PARENTTABLEID,ISBPMTABLE) values ('ib_project_approval001','projectmanage','IB_PROJECT_APPROVAL','项目立项表','1',NULL,1);
insert  into ib_conf_table(ID,PACKAGENAME,TABLENAME,TABLENAMECOMMENT,TABLETYPE,PARENTTABLEID,ISBPMTABLE) values ('ib_project_product_s001','projectmanage','IB_PROJECT_PRODUCT_S','立项产品子表','2',NULL,1);

/* ================= 业务表字段结构管理表 ==================   */
/* ========= 项目立项产品表 ============   */
insert  into ib_conf_table_columns(tableName,columnValue,columnName,columnType,columnSize,isNull,defaultValue,columnNo) values ('IB_PROJECT_APPROVAL','ID','UUID主键','VARCHAR','64','否',NULL,91);
insert  into ib_conf_table_columns(tableName,columnValue,columnName,columnType,columnSize,isNull,defaultValue,columnNo) values ('IB_PROJECT_APPROVAL','EXECUTIONID','流程执行实例ID','VARCHAR','64','是',NULL,92);
insert  into ib_conf_table_columns(tableName,columnValue,columnName,columnType,columnSize,isNull,defaultValue,columnNo) values ('IB_PROJECT_APPROVAL','CREATEDATEBPM','流程创建时间','DATETIME','','是',NULL,93);
insert  into ib_conf_table_columns(tableName,columnValue,columnName,columnType,columnSize,isNull,defaultValue,columnNo) values ('IB_PROJECT_APPROVAL','NODENAME','流程节点名','VARCHAR','128','是',NULL,94);
insert  into ib_conf_table_columns(tableName,columnValue,columnName,columnType,columnSize,isNull,defaultValue,columnNo) values ('IB_PROJECT_APPROVAL','USERNAME','负责人名','VARCHAR','128','是',NULL,95);
insert  into ib_conf_table_columns(tableName,columnValue,columnName,columnType,columnSize,isNull,defaultValue,columnNo) values ('IB_PROJECT_APPROVAL','DONEFLAG','流程结束标记','INTEGER','4','是',NULL,96);
insert  into ib_conf_table_columns(tableName,columnValue,columnName,columnType,columnSize,isNull,defaultValue,columnNo) values ('IB_PROJECT_APPROVAL','TASKTITLE','流程实例标题','VARCHAR','256','是',NULL,97);
insert  into ib_conf_table_columns(tableName,columnValue,columnName,columnType,columnSize,isNull,defaultValue,columnNo) values ('IB_PROJECT_APPROVAL','EVENTDATE','日期','VARCHAR','24','是','',1);
insert  into ib_conf_table_columns(tableName,columnValue,columnName,columnType,columnSize,isNull,defaultValue,columnNo) values ('IB_PROJECT_APPROVAL','PACTNO','合同编号','VARCHAR','64','是','',2);
insert  into ib_conf_table_columns(tableName,columnValue,columnName,columnType,columnSize,isNull,defaultValue,columnNo) values ('IB_PROJECT_APPROVAL','CUSTOMERNAME','客户名称','VARCHAR','64','是','',3);
insert  into ib_conf_table_columns(tableName,columnValue,columnName,columnType,columnSize,isNull,defaultValue,columnNo) values ('IB_PROJECT_APPROVAL','PROJECTNO','项目编号','VARCHAR','64','是','',4);
insert  into ib_conf_table_columns(tableName,columnValue,columnName,columnType,columnSize,isNull,defaultValue,columnNo) values ('IB_PROJECT_APPROVAL','PROJECTNAME','项目名称','VARCHAR','64','是','',5);
insert  into ib_conf_table_columns(tableName,columnValue,columnName,columnType,columnSize,isNull,defaultValue,columnNo) values ('IB_PROJECT_APPROVAL','PROJECTTYPE','项目类型','VARCHAR','16','是','',6);
insert  into ib_conf_table_columns(tableName,columnValue,columnName,columnType,columnSize,isNull,defaultValue,columnNo) values ('IB_PROJECT_APPROVAL','SALESUSER','销售人员','VARCHAR','64','是','',7);
insert  into ib_conf_table_columns(tableName,columnValue,columnName,columnType,columnSize,isNull,defaultValue,columnNo) values ('IB_PROJECT_APPROVAL','PROJECTMANAGER','项目经理','VARCHAR','32','是','',8);
insert  into ib_conf_table_columns(tableName,columnValue,columnName,columnType,columnSize,isNull,defaultValue,columnNo) values ('IB_PROJECT_APPROVAL','PLANNER','计划员','VARCHAR','32','是','',9);
insert  into ib_conf_table_columns(tableName,columnValue,columnName,columnType,columnSize,isNull,defaultValue,columnNo) values ('IB_PROJECT_APPROVAL','BUYER','采购员','VARCHAR','32','是','',10);
insert  into ib_conf_table_columns(tableName,columnValue,columnName,columnType,columnSize,isNull,defaultValue,columnNo) values ('IB_PROJECT_APPROVAL','PRODUCTMANAGE','生成负责人','VARCHAR','32','是','',11);
/* ========== 项目立项产品子表  ============= */
insert  into ib_conf_table_columns(tableName,columnValue,columnName,columnType,columnSize,isNull,defaultValue,columnNo) values ('IB_PROJECT_PRODUCT_S','ID','UUID主键','VARCHAR','64','否',NULL,91);
insert  into ib_conf_table_columns(tableName,columnValue,columnName,columnType,columnSize,isNull,defaultValue,columnNo) values ('IB_PROJECT_PRODUCT_S','PARENTID','主表UUID','VARCHAR','64','否',NULL,92);
insert  into ib_conf_table_columns(tableName,columnValue,columnName,columnType,columnSize,isNull,defaultValue,columnNo) values ('IB_PROJECT_PRODUCT_S','PRODUCTNO','产品编号','VARCHAR','64','是','',1);
insert  into ib_conf_table_columns(tableName,columnValue,columnName,columnType,columnSize,isNull,defaultValue,columnNo) values ('IB_PROJECT_PRODUCT_S','PRODUCTNAME','产品名','VARCHAR','64','是','',2);
insert  into ib_conf_table_columns(tableName,columnValue,columnName,columnType,columnSize,isNull,defaultValue,columnNo) values ('IB_PROJECT_PRODUCT_S','PRODUCTMODEL','规格型号','VARCHAR','63','是','',3);
insert  into ib_conf_table_columns(tableName,columnValue,columnName,columnType,columnSize,isNull,defaultValue,columnNo) values ('IB_PROJECT_PRODUCT_S','PRODUCTNUMBER','数量','INT','10','是','',4);
insert  into ib_conf_table_columns(tableName,columnValue,columnName,columnType,columnSize,isNull,defaultValue,columnNo) values ('IB_PROJECT_PRODUCT_S','PRODUCTUNIT','单位','VARCHAR','12','是','',5);
insert  into ib_conf_table_columns(tableName,columnValue,columnName,columnType,columnSize,isNull,defaultValue,columnNo) values ('IB_PROJECT_PRODUCT_S','UNITPRICE','单价','NUMBER','12,2','是','',6);
insert  into ib_conf_table_columns(tableName,columnValue,columnName,columnType,columnSize,isNull,defaultValue,columnNo) values ('IB_PROJECT_PRODUCT_S','AMOUNT','金额','NUMBER','12,2','是','',7);
insert  into ib_conf_table_columns(tableName,columnValue,columnName,columnType,columnSize,isNull,defaultValue,columnNo) values ('IB_PROJECT_PRODUCT_S','PRODUCTTYPE','产品类型','VARCHAR','32','是','',8);
insert  into ib_conf_table_columns(tableName,columnValue,columnName,columnType,columnSize,isNull,defaultValue,columnNo) values ('IB_PROJECT_PRODUCT_S','PRODUCTFLOWID','产品件号','VARCHAR','32','是','',9);
/* ================= 表单管理表 ==================   */
insert  into ib_conf_form(ID,PACKAGENAME,FORMNAME,FORMTITLE,FORMURL,ISEDIT,ISADD,ISDELETE,ISQUERY,ISEXCELEXPORT,ISIMPORTEXPORT,ISBPMFORM) values ('projectmanage-projectApproval001','projectmanage','projectApproval','项目立项表单',NULL,1,1,1,2,2,2,1);
/* ================= 表单对应数据表管理表 ==================   */
insert  into ib_conf_form_table(PACKAGENAME,FORMNAME,TABLENAME,TABLETYPE) values ('projectmanage','projectApproval','IB_PROJECT_APPROVAL','main');
insert  into ib_conf_form_table(PACKAGENAME,FORMNAME,TABLENAME,TABLETYPE) values ('projectmanage','projectApproval','IB_PROJECT_PRODUCT_S','sub');
/* ================= 表单对应字段管理表 ==================   */
insert  into ib_conf_form_table_colums(PACKAGENAME,FORMNAME,FORMCOLUMN,FORMCOLUMNTITLE,TABLECOLUMN,TABLENAME,COLUMNNO,FCTYPE,FCWIDTH,FCHEIGHT,FCDISPLAY,FCEDIT,FCMUST,FCQUERY,FCDEFAULT,CONFSELECTINFO) values ('projectmanage','projectApproval','IB_PROJECT_APPROVAL.BUYER','采购员','BUYER','IB_PROJECT_APPROVAL',10,'1',NULL,NULL,'1','1','1','2',NULL,NULL);
insert  into ib_conf_form_table_colums(PACKAGENAME,FORMNAME,FORMCOLUMN,FORMCOLUMNTITLE,TABLECOLUMN,TABLENAME,COLUMNNO,FCTYPE,FCWIDTH,FCHEIGHT,FCDISPLAY,FCEDIT,FCMUST,FCQUERY,FCDEFAULT,CONFSELECTINFO) values ('projectmanage','projectApproval','IB_PROJECT_APPROVAL.CUSTOMERNAME','客户名称','CUSTOMERNAME','IB_PROJECT_APPROVAL',3,'1',NULL,NULL,'1','1','1','2',NULL,NULL);
insert  into ib_conf_form_table_colums(PACKAGENAME,FORMNAME,FORMCOLUMN,FORMCOLUMNTITLE,TABLECOLUMN,TABLENAME,COLUMNNO,FCTYPE,FCWIDTH,FCHEIGHT,FCDISPLAY,FCEDIT,FCMUST,FCQUERY,FCDEFAULT,CONFSELECTINFO) values ('projectmanage','projectApproval','IB_PROJECT_APPROVAL.EVENTDATE','日期','EVENTDATE','IB_PROJECT_APPROVAL',1,'3',NULL,NULL,'1','1','1','2',NULL,NULL);
insert  into ib_conf_form_table_colums(PACKAGENAME,FORMNAME,FORMCOLUMN,FORMCOLUMNTITLE,TABLECOLUMN,TABLENAME,COLUMNNO,FCTYPE,FCWIDTH,FCHEIGHT,FCDISPLAY,FCEDIT,FCMUST,FCQUERY,FCDEFAULT,CONFSELECTINFO) values ('projectmanage','projectApproval','IB_PROJECT_APPROVAL.PACTNO','合同编号','PACTNO','IB_PROJECT_APPROVAL',2,'1',NULL,NULL,'1','1','1','2',NULL,NULL);
insert  into ib_conf_form_table_colums(PACKAGENAME,FORMNAME,FORMCOLUMN,FORMCOLUMNTITLE,TABLECOLUMN,TABLENAME,COLUMNNO,FCTYPE,FCWIDTH,FCHEIGHT,FCDISPLAY,FCEDIT,FCMUST,FCQUERY,FCDEFAULT,CONFSELECTINFO) values ('projectmanage','projectApproval','IB_PROJECT_APPROVAL.PLANNER','计划员','PLANNER','IB_PROJECT_APPROVAL',9,'1',NULL,NULL,'1','1','1','2',NULL,NULL);
insert  into ib_conf_form_table_colums(PACKAGENAME,FORMNAME,FORMCOLUMN,FORMCOLUMNTITLE,TABLECOLUMN,TABLENAME,COLUMNNO,FCTYPE,FCWIDTH,FCHEIGHT,FCDISPLAY,FCEDIT,FCMUST,FCQUERY,FCDEFAULT,CONFSELECTINFO) values ('projectmanage','projectApproval','IB_PROJECT_APPROVAL.PRODUCTMANAGE','生成负责人','PRODUCTMANAGE','IB_PROJECT_APPROVAL',11,'1',NULL,NULL,'1','1','1','2',NULL,NULL);
insert  into ib_conf_form_table_colums(PACKAGENAME,FORMNAME,FORMCOLUMN,FORMCOLUMNTITLE,TABLECOLUMN,TABLENAME,COLUMNNO,FCTYPE,FCWIDTH,FCHEIGHT,FCDISPLAY,FCEDIT,FCMUST,FCQUERY,FCDEFAULT,CONFSELECTINFO) values ('projectmanage','projectApproval','IB_PROJECT_APPROVAL.PROJECTMANAGER','项目经理','PROJECTMANAGER','IB_PROJECT_APPROVAL',8,'1',NULL,NULL,'1','1','1','2',NULL,NULL);
insert  into ib_conf_form_table_colums(PACKAGENAME,FORMNAME,FORMCOLUMN,FORMCOLUMNTITLE,TABLECOLUMN,TABLENAME,COLUMNNO,FCTYPE,FCWIDTH,FCHEIGHT,FCDISPLAY,FCEDIT,FCMUST,FCQUERY,FCDEFAULT,CONFSELECTINFO) values ('projectmanage','projectApproval','IB_PROJECT_APPROVAL.PROJECTNAME','项目名称','PROJECTNAME','IB_PROJECT_APPROVAL',5,'1',NULL,NULL,'1','1','1','2',NULL,NULL);
insert  into ib_conf_form_table_colums(PACKAGENAME,FORMNAME,FORMCOLUMN,FORMCOLUMNTITLE,TABLECOLUMN,TABLENAME,COLUMNNO,FCTYPE,FCWIDTH,FCHEIGHT,FCDISPLAY,FCEDIT,FCMUST,FCQUERY,FCDEFAULT,CONFSELECTINFO) values ('projectmanage','projectApproval','IB_PROJECT_APPROVAL.PROJECTNO','项目编号','PROJECTNO','IB_PROJECT_APPROVAL',4,'1',NULL,NULL,'1','1','1','2',NULL,NULL);
insert  into ib_conf_form_table_colums(PACKAGENAME,FORMNAME,FORMCOLUMN,FORMCOLUMNTITLE,TABLECOLUMN,TABLENAME,COLUMNNO,FCTYPE,FCWIDTH,FCHEIGHT,FCDISPLAY,FCEDIT,FCMUST,FCQUERY,FCDEFAULT,CONFSELECTINFO) values ('projectmanage','projectApproval','IB_PROJECT_APPROVAL.PROJECTTYPE','项目类型','PROJECTTYPE','IB_PROJECT_APPROVAL',6,'1',NULL,NULL,'1','1','1','2',NULL,NULL);
insert  into ib_conf_form_table_colums(PACKAGENAME,FORMNAME,FORMCOLUMN,FORMCOLUMNTITLE,TABLECOLUMN,TABLENAME,COLUMNNO,FCTYPE,FCWIDTH,FCHEIGHT,FCDISPLAY,FCEDIT,FCMUST,FCQUERY,FCDEFAULT,CONFSELECTINFO) values ('projectmanage','projectApproval','IB_PROJECT_APPROVAL.SALESUSER','销售人员','SALESUSER','IB_PROJECT_APPROVAL',7,'1',NULL,NULL,'1','1','1','2',NULL,NULL);
insert  into ib_conf_form_table_colums(PACKAGENAME,FORMNAME,FORMCOLUMN,FORMCOLUMNTITLE,TABLECOLUMN,TABLENAME,COLUMNNO,FCTYPE,FCWIDTH,FCHEIGHT,FCDISPLAY,FCEDIT,FCMUST,FCQUERY,FCDEFAULT,CONFSELECTINFO) values ('projectmanage','projectApproval','IB_PROJECT_PRODUCT_S.AMOUNT','金额','AMOUNT','IB_PROJECT_PRODUCT_S',7,'1',NULL,NULL,'1','1','1','2',NULL,NULL);
insert  into ib_conf_form_table_colums(PACKAGENAME,FORMNAME,FORMCOLUMN,FORMCOLUMNTITLE,TABLECOLUMN,TABLENAME,COLUMNNO,FCTYPE,FCWIDTH,FCHEIGHT,FCDISPLAY,FCEDIT,FCMUST,FCQUERY,FCDEFAULT,CONFSELECTINFO) values ('projectmanage','projectApproval','IB_PROJECT_PRODUCT_S.PRODUCTFLOWID','产品件号','PRODUCTFLOWID','IB_PROJECT_PRODUCT_S',9,'1',NULL,NULL,'1','1','1','2',NULL,NULL);
insert  into ib_conf_form_table_colums(PACKAGENAME,FORMNAME,FORMCOLUMN,FORMCOLUMNTITLE,TABLECOLUMN,TABLENAME,COLUMNNO,FCTYPE,FCWIDTH,FCHEIGHT,FCDISPLAY,FCEDIT,FCMUST,FCQUERY,FCDEFAULT,CONFSELECTINFO) values ('projectmanage','projectApproval','IB_PROJECT_PRODUCT_S.PRODUCTMODEL','规格型号','PRODUCTMODEL','IB_PROJECT_PRODUCT_S',3,'1',NULL,NULL,'1','1','1','2',NULL,NULL);
insert  into ib_conf_form_table_colums(PACKAGENAME,FORMNAME,FORMCOLUMN,FORMCOLUMNTITLE,TABLECOLUMN,TABLENAME,COLUMNNO,FCTYPE,FCWIDTH,FCHEIGHT,FCDISPLAY,FCEDIT,FCMUST,FCQUERY,FCDEFAULT,CONFSELECTINFO) values ('projectmanage','projectApproval','IB_PROJECT_PRODUCT_S.PRODUCTNAME','产品名','PRODUCTNAME','IB_PROJECT_PRODUCT_S',2,'1',NULL,NULL,'1','1','1','2',NULL,NULL);
insert  into ib_conf_form_table_colums(PACKAGENAME,FORMNAME,FORMCOLUMN,FORMCOLUMNTITLE,TABLECOLUMN,TABLENAME,COLUMNNO,FCTYPE,FCWIDTH,FCHEIGHT,FCDISPLAY,FCEDIT,FCMUST,FCQUERY,FCDEFAULT,CONFSELECTINFO) values ('projectmanage','projectApproval','IB_PROJECT_PRODUCT_S.PRODUCTNO','产品编号','PRODUCTNO','IB_PROJECT_PRODUCT_S',1,'1',NULL,NULL,'1','1','1','2',NULL,NULL);
insert  into ib_conf_form_table_colums(PACKAGENAME,FORMNAME,FORMCOLUMN,FORMCOLUMNTITLE,TABLECOLUMN,TABLENAME,COLUMNNO,FCTYPE,FCWIDTH,FCHEIGHT,FCDISPLAY,FCEDIT,FCMUST,FCQUERY,FCDEFAULT,CONFSELECTINFO) values ('projectmanage','projectApproval','IB_PROJECT_PRODUCT_S.PRODUCTNUMBER','数量','PRODUCTNUMBER','IB_PROJECT_PRODUCT_S',4,'1',NULL,NULL,'1','1','1','2',NULL,NULL);
insert  into ib_conf_form_table_colums(PACKAGENAME,FORMNAME,FORMCOLUMN,FORMCOLUMNTITLE,TABLECOLUMN,TABLENAME,COLUMNNO,FCTYPE,FCWIDTH,FCHEIGHT,FCDISPLAY,FCEDIT,FCMUST,FCQUERY,FCDEFAULT,CONFSELECTINFO) values ('projectmanage','projectApproval','IB_PROJECT_PRODUCT_S.PRODUCTTYPE','产品类型','PRODUCTTYPE','IB_PROJECT_PRODUCT_S',8,'1',NULL,NULL,'1','1','1','2',NULL,NULL);
insert  into ib_conf_form_table_colums(PACKAGENAME,FORMNAME,FORMCOLUMN,FORMCOLUMNTITLE,TABLECOLUMN,TABLENAME,COLUMNNO,FCTYPE,FCWIDTH,FCHEIGHT,FCDISPLAY,FCEDIT,FCMUST,FCQUERY,FCDEFAULT,CONFSELECTINFO) values ('projectmanage','projectApproval','IB_PROJECT_PRODUCT_S.PRODUCTUNIT','单位','PRODUCTUNIT','IB_PROJECT_PRODUCT_S',5,'1',NULL,NULL,'1','1','1','2',NULL,NULL);
insert  into ib_conf_form_table_colums(PACKAGENAME,FORMNAME,FORMCOLUMN,FORMCOLUMNTITLE,TABLECOLUMN,TABLENAME,COLUMNNO,FCTYPE,FCWIDTH,FCHEIGHT,FCDISPLAY,FCEDIT,FCMUST,FCQUERY,FCDEFAULT,CONFSELECTINFO) values ('projectmanage','projectApproval','IB_PROJECT_PRODUCT_S.UNITPRICE','单价','UNITPRICE','IB_PROJECT_PRODUCT_S',6,'1',NULL,NULL,'1','1','1','2',NULL,NULL);
/* ============================= 流程管理表 =============================   */
INSERT INTO IB_BPM_PROCESS(ID,PACKAGENAME,FLOWNAME,FLOWTITLE,VERSIONID,FORMID,FLOWURL) VALUES('projectApproval001','projectmanage','projectApproval','项目立项流程','4b7a45ea-8cdb-4f4d-bf69-0a08ffff9876','projectmanage-projectApproval001','/project_approval/project_approval-list.do?flowType=0&flowId=projectApproval001');
/* ============================= 流程图管理表 =============================   */
insert into ib_conf_flow_chart(ID,FLOWID,ITEMID,NODEID,CONTEXT) values ('0f587082-276f-4794-a211-0106853e648a','projectApproval001','7d44444c-8a24-4cf5-85cc-0c5d32eadb99',NULL,'{\"id\":\"7d44444c-8a24-4cf5-85cc-0c5d32eadb99\",\"name\":\"线\",\"type\":\"Line\",\"title\":\"发起\",\"x\":\"0\",\"y\":\"40\",\"realPoints\":\"120,90,200,90\",\"startElmId\":\"d075a0da-dd86-425b-a1c4-f1818d0ba0da\",\"endElmId\":\"c93afc27-5598-4ded-bc44-3b98b0e32eae\"}');
insert into ib_conf_flow_chart(ID,FLOWID,ITEMID,NODEID,CONTEXT) values ('2e49f0a8-4fd8-4a58-9fe6-8536119b49e2','projectApproval001','bf1551d1-2d36-4f76-a355-6f455fc6c6aa',NULL,'{\"id\":\"bf1551d1-2d36-4f76-a355-6f455fc6c6aa\",\"name\":\"泳道\",\"type\":\"Lane\",\"title\":\"审批\",\"x\":\"0\",\"y\":\"150\",\"width\":\"35\",\"height\":\"110\"}');
insert into ib_conf_flow_chart(ID,FLOWID,ITEMID,NODEID,CONTEXT) values ('75ef67d7-379c-46e8-9788-bdfbbe58caca','projectApproval001','c727505f-d95a-473b-b782-378b7fa127ca',NULL,'{\"id\":\"c727505f-d95a-473b-b782-378b7fa127ca\",\"name\":\"结束节点\",\"type\":\"EndNode\",\"title\":\"结束\",\"x\":\"550\",\"y\":\"175\",\"width\":\"50\",\"height\":\"50\",\"headLineIds\":\"b7985ebd-50be-43ad-b09a-2e97b83a0a16\"}');
insert into ib_conf_flow_chart(ID,FLOWID,ITEMID,NODEID,CONTEXT) values ('8c07981a-aa4f-4525-994f-abd89d3a857d','projectApproval001','b7985ebd-50be-43ad-b09a-2e97b83a0a16',NULL,'{\"id\":\"b7985ebd-50be-43ad-b09a-2e97b83a0a16\",\"name\":\"线\",\"type\":\"Line\",\"title\":\"审批\",\"x\":\"0\",\"y\":\"150\",\"realPoints\":\"500,200,550,200,550,200\",\"startElmId\":\"3dfae1d5-ac2e-48a4-ae3a-e8b8ebabf1d8\",\"endElmId\":\"c727505f-d95a-473b-b782-378b7fa127ca\"}');
insert into ib_conf_flow_chart(ID,FLOWID,ITEMID,NODEID,CONTEXT) values ('9058ef2b-aeb6-4731-b5d2-067d0befa48c','projectApproval001','3dfae1d5-ac2e-48a4-ae3a-e8b8ebabf1d8',NULL,'{\"id\":\"3dfae1d5-ac2e-48a4-ae3a-e8b8ebabf1d8\",\"name\":\"审批\",\"type\":\"TaskNode\",\"title\":\"审批\",\"x\":\"400\",\"y\":\"175\",\"width\":\"100\",\"height\":\"50\",\"headLineIds\":\"89a48242-1f97-44f5-b698-cf0c18b37bb7\",\"afterLineIds\":\"b7985ebd-50be-43ad-b09a-2e97b83a0a16\"}');
insert into ib_conf_flow_chart(ID,FLOWID,ITEMID,NODEID,CONTEXT) values ('92e13644-83d9-466b-ae5d-617a4688c61d','projectApproval001','782f4949-df19-4dca-be5a-030d5777109e',NULL,'{\"id\":\"782f4949-df19-4dca-be5a-030d5777109e\",\"name\":\"泳道\",\"type\":\"Lane\",\"title\":\"发起\",\"x\":\"0\",\"y\":\"40\",\"width\":\"35\",\"height\":\"110\"}');
insert into ib_conf_flow_chart(ID,FLOWID,ITEMID,NODEID,CONTEXT) values ('aa7e252a-f73b-4b0e-8955-63e8db4a2e7e','projectApproval001','c93afc27-5598-4ded-bc44-3b98b0e32eae',NULL,'{\"id\":\"c93afc27-5598-4ded-bc44-3b98b0e32eae\",\"name\":\"发起\",\"type\":\"TaskNode\",\"title\":\"发起\",\"x\":\"200\",\"y\":\"65\",\"width\":\"100\",\"height\":\"50\",\"headLineIds\":\"7d44444c-8a24-4cf5-85cc-0c5d32eadb99\",\"afterLineIds\":\"89a48242-1f97-44f5-b698-cf0c18b37bb7\"}');
insert into ib_conf_flow_chart(ID,FLOWID,ITEMID,NODEID,CONTEXT) values ('c418eda1-7dde-4b79-823c-1bfc6888888a','projectApproval001','d075a0da-dd86-425b-a1c4-f1818d0ba0da',NULL,'{\"id\":\"d075a0da-dd86-425b-a1c4-f1818d0ba0da\",\"name\":\"开始节点\",\"type\":\"StartNode\",\"title\":\"开始节点\",\"x\":\"70\",\"y\":\"65\",\"width\":\"50\",\"height\":\"50\",\"afterLineIds\":\"7d44444c-8a24-4cf5-85cc-0c5d32eadb99\"}');
insert into ib_conf_flow_chart(ID,FLOWID,ITEMID,NODEID,CONTEXT) values ('df517fb2-b897-4810-b46d-0f58a39d605b','projectApproval001','89a48242-1f97-44f5-b698-cf0c18b37bb7',NULL,'{\"id\":\"89a48242-1f97-44f5-b698-cf0c18b37bb7\",\"name\":\"线\",\"type\":\"Line\",\"title\":\"审批\",\"x\":\"0\",\"y\":\"150\",\"realPoints\":\"250,115,250,200,400,200\",\"startElmId\":\"c93afc27-5598-4ded-bc44-3b98b0e32eae\",\"endElmId\":\"3dfae1d5-ac2e-48a4-ae3a-e8b8ebabf1d8\"}');

/* ================================================================================   */
/* ===================================   原料BOM分解表  =================================   */
/* ================================================================================   */
/* ================= 业务表结构管理表 ==================   */
insert  into ib_conf_table(ID,PACKAGENAME,TABLENAME,TABLENAMECOMMENT,TABLETYPE,PARENTTABLEID,ISBPMTABLE) values ('ib_bom001','projectmanage','IB_BOM','原料BOM分解表','1',NULL,2);
insert  into ib_conf_table(ID,PACKAGENAME,TABLENAME,TABLENAMECOMMENT,TABLETYPE,PARENTTABLEID,ISBPMTABLE) values ('ib_bom_materials001','projectmanage','IB_BOM_MATERIALS','原料BOM分解子表','2',NULL,2);
/* ============ 原料BOM分解表  ============== */
insert  into ib_conf_table_columns(tableName,columnValue,columnName,columnType,columnSize,isNull,defaultValue,columnNo) values ('IB_BOM','ID','UUID主键','VARCHAR','64','否',NULL,91);
insert  into ib_conf_table_columns(tableName,columnValue,columnName,columnType,columnSize,isNull,defaultValue,columnNo) values ('IB_BOM','PROJECTNO','项目编号','VARCHAR','64','是','',1);
insert  into ib_conf_table_columns(tableName,columnValue,columnName,columnType,columnSize,isNull,defaultValue,columnNo) values ('IB_BOM','PROJECTNAME','项目名','VARCHAR','128','是','',2);
insert  into ib_conf_table_columns(tableName,columnValue,columnName,columnType,columnSize,isNull,defaultValue,columnNo) values ('IB_BOM','CUSTOMERNAME','名称客户','VARCHAR','64','是','',3);
insert  into ib_conf_table_columns(tableName,columnValue,columnName,columnType,columnSize,isNull,defaultValue,columnNo) values ('IB_BOM','PRODUCTTYPE','产品类型','VARCHAR','64','是','',4);
insert  into ib_conf_table_columns(tableName,columnValue,columnName,columnType,columnSize,isNull,defaultValue,columnNo) values ('IB_BOM','PRODUCTFLOWID','产品件号','VARCHAR','64','是','',5);
insert  into ib_conf_table_columns(tableName,columnValue,columnName,columnType,columnSize,isNull,defaultValue,columnNo) values ('IB_BOM','PRODUCTNO','产品编号','VARCHAR','64','是','',6);
insert  into ib_conf_table_columns(tableName,columnValue,columnName,columnType,columnSize,isNull,defaultValue,columnNo) values ('IB_BOM','PRODUCTNAME','产品名','VARCHAR','128','是','',7);
insert  into ib_conf_table_columns(tableName,columnValue,columnName,columnType,columnSize,isNull,defaultValue,columnNo) values ('IB_BOM','PRODUCTMODEL','规格型号','VARCHAR','64','是','',8);
insert  into ib_conf_table_columns(tableName,columnValue,columnName,columnType,columnSize,isNull,defaultValue,columnNo) values ('IB_BOM','PRODUCTUNIT','单位','VARCHAR','8','是','',9);
insert  into ib_conf_table_columns(tableName,columnValue,columnName,columnType,columnSize,isNull,defaultValue,columnNo) values ('IB_BOM','UNITPRICE','单价','NUMBER','12,2','是','',10);
insert  into ib_conf_table_columns(tableName,columnValue,columnName,columnType,columnSize,isNull,defaultValue,columnNo) values ('IB_BOM','PRODUCTNUMBER','数量','NUMBER','10','是','',11);
insert  into ib_conf_table_columns(tableName,columnValue,columnName,columnType,columnSize,isNull,defaultValue,columnNo) values ('IB_BOM','DESIGNUSER','原料设计员','VARCHAR','64','是','',13);
insert  into ib_conf_table_columns(tableName,columnValue,columnName,columnType,columnSize,isNull,defaultValue,columnNo) values ('IB_BOM','AUDITUSER','审核人员','VARCHAR','64','是','',14);
/* ============ 原料BOM分解子表  ============== */
insert  into ib_conf_table_columns(tableName,columnValue,columnName,columnType,columnSize,isNull,defaultValue,columnNo) values ('IB_BOM_MATERIALS','ID','UUID主键','VARCHAR','64','否',NULL,91);
insert  into ib_conf_table_columns(tableName,columnValue,columnName,columnType,columnSize,isNull,defaultValue,columnNo) values ('IB_BOM_MATERIALS','PARENTID','主表编号','VARCHAR','64','是','',92);
insert  into ib_conf_table_columns(tableName,columnValue,columnName,columnType,columnSize,isNull,defaultValue,columnNo) values ('IB_BOM_MATERIALS','MATERIALTYPENO','分类编号','VARCHAR','64','是','',2);
insert  into ib_conf_table_columns(tableName,columnValue,columnName,columnType,columnSize,isNull,defaultValue,columnNo) values ('IB_BOM_MATERIALS','MATERIALNO','原料编号','VARCHAR','64','是','',3);
insert  into ib_conf_table_columns(tableName,columnValue,columnName,columnType,columnSize,isNull,defaultValue,columnNo) values ('IB_BOM_MATERIALS','MATERIALNAME','原料名称','VARCHAR','128','是','',4);
insert  into ib_conf_table_columns(tableName,columnValue,columnName,columnType,columnSize,isNull,defaultValue,columnNo) values ('IB_BOM_MATERIALS','MODEL','规格型号','VARCHAR','64','是','',5);
insert  into ib_conf_table_columns(tableName,columnValue,columnName,columnType,columnSize,isNull,defaultValue,columnNo) values ('IB_BOM_MATERIALS','MATERIALPRICE','价格','NUMBER','12,2','是','',6);
insert  into ib_conf_table_columns(tableName,columnValue,columnName,columnType,columnSize,isNull,defaultValue,columnNo) values ('IB_BOM_MATERIALS','MATERIALUNIT','单位','VARCHAR','8','是','',7);
insert  into ib_conf_table_columns(tableName,columnValue,columnName,columnType,columnSize,isNull,defaultValue,columnNo) values ('IB_BOM_MATERIALS','MATERIALNUM','数量','VARCHAR','10','是','',8);
insert  into ib_conf_table_columns(tableName,columnValue,columnName,columnType,columnSize,isNull,defaultValue,columnNo) values ('IB_BOM_MATERIALS','STOCKTYPE','备货类型','VARCHAR','16','是','',9);
insert  into ib_conf_table_columns(tableName,columnValue,columnName,columnType,columnSize,isNull,defaultValue,columnNo) values ('IB_BOM_MATERIALS','COMMENTS','备注','VARCHAR','512','是','',10);
/* ================= 表单管理表 ==================   */
insert  into ib_conf_form(ID,PACKAGENAME,FORMNAME,FORMTITLE,FORMURL,ISEDIT,ISADD,ISDELETE,ISQUERY,ISEXCELEXPORT,ISIMPORTEXPORT,ISBPMFORM) values ('bomMaterials001','projectmanage','bomMaterials','原料分解','',1,1,1,1,2,2,2);
/* ================= 表单对应数据表管理表 ==================   */
insert  into ib_conf_form_table(PACKAGENAME,FORMNAME,TABLENAME,TABLETYPE) values ('projectmanage','bomMaterials','IB_BOM','main');
insert  into ib_conf_form_table(PACKAGENAME,FORMNAME,TABLENAME,TABLETYPE) values ('projectmanage','bomMaterials','IB_BOM_MATERIALS','sub');
/* ================= 表单对应字段管理表 ==================   */
insert into ib_conf_form_table_colums(PACKAGENAME,FORMNAME,FORMCOLUMN,FORMCOLUMNTITLE,TABLECOLUMN,TABLENAME,COLUMNNO,FCTYPE,FCWIDTH,FCHEIGHT,FCDISPLAY,FCEDIT,FCQUERY,FCMUST,FCDEFAULT,CONFSELECTINFO) values ('projectmanage','bomMaterials','IB_BOM.AUDITUSER','审核人员','AUDITUSER','IB_BOM',14,'1',NULL,NULL,'1','1','2',NULL,NULL,NULL);
insert into ib_conf_form_table_colums(PACKAGENAME,FORMNAME,FORMCOLUMN,FORMCOLUMNTITLE,TABLECOLUMN,TABLENAME,COLUMNNO,FCTYPE,FCWIDTH,FCHEIGHT,FCDISPLAY,FCEDIT,FCQUERY,FCMUST,FCDEFAULT,CONFSELECTINFO) values ('projectmanage','bomMaterials','IB_BOM.CUSTOMERNAME','名称客户','CUSTOMERNAME','IB_BOM',3,'1',NULL,NULL,'1','1','2',NULL,NULL,NULL);
insert into ib_conf_form_table_colums(PACKAGENAME,FORMNAME,FORMCOLUMN,FORMCOLUMNTITLE,TABLECOLUMN,TABLENAME,COLUMNNO,FCTYPE,FCWIDTH,FCHEIGHT,FCDISPLAY,FCEDIT,FCQUERY,FCMUST,FCDEFAULT,CONFSELECTINFO) values ('projectmanage','bomMaterials','IB_BOM.DESIGNUSER','原料设计员','DESIGNUSER','IB_BOM',13,'1','','','1','1','2','1','','');
insert into ib_conf_form_table_colums(PACKAGENAME,FORMNAME,FORMCOLUMN,FORMCOLUMNTITLE,TABLECOLUMN,TABLENAME,COLUMNNO,FCTYPE,FCWIDTH,FCHEIGHT,FCDISPLAY,FCEDIT,FCQUERY,FCMUST,FCDEFAULT,CONFSELECTINFO) values ('projectmanage','bomMaterials','IB_BOM.PRODUCTFLOWID','产品件号','PRODUCTFLOWID','IB_BOM',5,'1',NULL,NULL,'1','1','2',NULL,NULL,NULL);
insert into ib_conf_form_table_colums(PACKAGENAME,FORMNAME,FORMCOLUMN,FORMCOLUMNTITLE,TABLECOLUMN,TABLENAME,COLUMNNO,FCTYPE,FCWIDTH,FCHEIGHT,FCDISPLAY,FCEDIT,FCQUERY,FCMUST,FCDEFAULT,CONFSELECTINFO) values ('projectmanage','bomMaterials','IB_BOM.PRODUCTMODEL','规格型号','PRODUCTMODEL','IB_BOM',8,'1',NULL,NULL,'1','1','2',NULL,NULL,NULL);
insert into ib_conf_form_table_colums(PACKAGENAME,FORMNAME,FORMCOLUMN,FORMCOLUMNTITLE,TABLECOLUMN,TABLENAME,COLUMNNO,FCTYPE,FCWIDTH,FCHEIGHT,FCDISPLAY,FCEDIT,FCQUERY,FCMUST,FCDEFAULT,CONFSELECTINFO) values ('projectmanage','bomMaterials','IB_BOM.PRODUCTNAME','产品名','PRODUCTNAME','IB_BOM',7,'1','','','1','1','1','1','','');
insert into ib_conf_form_table_colums(PACKAGENAME,FORMNAME,FORMCOLUMN,FORMCOLUMNTITLE,TABLECOLUMN,TABLENAME,COLUMNNO,FCTYPE,FCWIDTH,FCHEIGHT,FCDISPLAY,FCEDIT,FCQUERY,FCMUST,FCDEFAULT,CONFSELECTINFO) values ('projectmanage','bomMaterials','IB_BOM.PRODUCTNO','产品编号','PRODUCTNO','IB_BOM',6,'1',NULL,NULL,'1','1','2',NULL,NULL,NULL);
insert into ib_conf_form_table_colums(PACKAGENAME,FORMNAME,FORMCOLUMN,FORMCOLUMNTITLE,TABLECOLUMN,TABLENAME,COLUMNNO,FCTYPE,FCWIDTH,FCHEIGHT,FCDISPLAY,FCEDIT,FCQUERY,FCMUST,FCDEFAULT,CONFSELECTINFO) values ('projectmanage','bomMaterials','IB_BOM.PRODUCTNUMBER','数量','PRODUCTNUMBER','IB_BOM',11,'5','','','1','1','2','1','','');
insert into ib_conf_form_table_colums(PACKAGENAME,FORMNAME,FORMCOLUMN,FORMCOLUMNTITLE,TABLECOLUMN,TABLENAME,COLUMNNO,FCTYPE,FCWIDTH,FCHEIGHT,FCDISPLAY,FCEDIT,FCQUERY,FCMUST,FCDEFAULT,CONFSELECTINFO) values ('projectmanage','bomMaterials','IB_BOM.PRODUCTTYPE','产品类型','PRODUCTTYPE','IB_BOM',4,'1',NULL,NULL,'1','1','2',NULL,NULL,NULL);
insert into ib_conf_form_table_colums(PACKAGENAME,FORMNAME,FORMCOLUMN,FORMCOLUMNTITLE,TABLECOLUMN,TABLENAME,COLUMNNO,FCTYPE,FCWIDTH,FCHEIGHT,FCDISPLAY,FCEDIT,FCQUERY,FCMUST,FCDEFAULT,CONFSELECTINFO) values ('projectmanage','bomMaterials','IB_BOM.PRODUCTUNIT','单位','PRODUCTUNIT','IB_BOM',9,'1',NULL,NULL,'1','1','2',NULL,NULL,NULL);
insert into ib_conf_form_table_colums(PACKAGENAME,FORMNAME,FORMCOLUMN,FORMCOLUMNTITLE,TABLECOLUMN,TABLENAME,COLUMNNO,FCTYPE,FCWIDTH,FCHEIGHT,FCDISPLAY,FCEDIT,FCQUERY,FCMUST,FCDEFAULT,CONFSELECTINFO) values ('projectmanage','bomMaterials','IB_BOM.PROJECTNAME','项目名','PROJECTNAME','IB_BOM',2,'1','','','1','1','1','1','','');
insert into ib_conf_form_table_colums(PACKAGENAME,FORMNAME,FORMCOLUMN,FORMCOLUMNTITLE,TABLECOLUMN,TABLENAME,COLUMNNO,FCTYPE,FCWIDTH,FCHEIGHT,FCDISPLAY,FCEDIT,FCQUERY,FCMUST,FCDEFAULT,CONFSELECTINFO) values ('projectmanage','bomMaterials','IB_BOM.PROJECTNO','项目编号','PROJECTNO','IB_BOM',1,'1',NULL,NULL,'1','1','2',NULL,NULL,NULL);
insert into ib_conf_form_table_colums(PACKAGENAME,FORMNAME,FORMCOLUMN,FORMCOLUMNTITLE,TABLECOLUMN,TABLENAME,COLUMNNO,FCTYPE,FCWIDTH,FCHEIGHT,FCDISPLAY,FCEDIT,FCQUERY,FCMUST,FCDEFAULT,CONFSELECTINFO) values ('projectmanage','bomMaterials','IB_BOM.UNITPRICE','单价','UNITPRICE','IB_BOM',10,'5','','','1','1','2','1','','');
/* ============ 原料BOM分解子表  ============== */
insert into ib_conf_form_table_colums(PACKAGENAME,FORMNAME,FORMCOLUMN,FORMCOLUMNTITLE,TABLECOLUMN,TABLENAME,COLUMNNO,FCTYPE,FCWIDTH,FCHEIGHT,FCDISPLAY,FCEDIT,FCQUERY,FCMUST,FCDEFAULT,CONFSELECTINFO) values ('projectmanage','bomMaterials','IB_BOM_MATERIALS.COMMENTS','备注','COMMENTS','IB_BOM_MATERIALS',10,'2','','','1','1','2','1','','');
insert into ib_conf_form_table_colums(PACKAGENAME,FORMNAME,FORMCOLUMN,FORMCOLUMNTITLE,TABLECOLUMN,TABLENAME,COLUMNNO,FCTYPE,FCWIDTH,FCHEIGHT,FCDISPLAY,FCEDIT,FCQUERY,FCMUST,FCDEFAULT,CONFSELECTINFO) values ('projectmanage','bomMaterials','IB_BOM_MATERIALS.MATERIALNAME','原料名称','MATERIALNAME','IB_BOM_MATERIALS',4,'1',NULL,NULL,'1','1','2',NULL,NULL,NULL);
insert into ib_conf_form_table_colums(PACKAGENAME,FORMNAME,FORMCOLUMN,FORMCOLUMNTITLE,TABLECOLUMN,TABLENAME,COLUMNNO,FCTYPE,FCWIDTH,FCHEIGHT,FCDISPLAY,FCEDIT,FCQUERY,FCMUST,FCDEFAULT,CONFSELECTINFO) values ('projectmanage','bomMaterials','IB_BOM_MATERIALS.MATERIALNO','原料编号','MATERIALNO','IB_BOM_MATERIALS',3,'1',NULL,NULL,'1','1','2',NULL,NULL,NULL);
insert into ib_conf_form_table_colums(PACKAGENAME,FORMNAME,FORMCOLUMN,FORMCOLUMNTITLE,TABLECOLUMN,TABLENAME,COLUMNNO,FCTYPE,FCWIDTH,FCHEIGHT,FCDISPLAY,FCEDIT,FCQUERY,FCMUST,FCDEFAULT,CONFSELECTINFO) values ('projectmanage','bomMaterials','IB_BOM_MATERIALS.MATERIALNUM','数量','MATERIALNUM','IB_BOM_MATERIALS',8,'5','','','1','1','2','1','','');
insert into ib_conf_form_table_colums(PACKAGENAME,FORMNAME,FORMCOLUMN,FORMCOLUMNTITLE,TABLECOLUMN,TABLENAME,COLUMNNO,FCTYPE,FCWIDTH,FCHEIGHT,FCDISPLAY,FCEDIT,FCQUERY,FCMUST,FCDEFAULT,CONFSELECTINFO) values ('projectmanage','bomMaterials','IB_BOM_MATERIALS.MATERIALPRICE','价格','MATERIALPRICE','IB_BOM_MATERIALS',7,'5','','','1','1','2','1','','');
insert into ib_conf_form_table_colums(PACKAGENAME,FORMNAME,FORMCOLUMN,FORMCOLUMNTITLE,TABLECOLUMN,TABLENAME,COLUMNNO,FCTYPE,FCWIDTH,FCHEIGHT,FCDISPLAY,FCEDIT,FCQUERY,FCMUST,FCDEFAULT,CONFSELECTINFO) values ('projectmanage','bomMaterials','IB_BOM_MATERIALS.MATERIALTYPENO','分类编号','MATERIALTYPENO','IB_BOM_MATERIALS',2,'1',NULL,NULL,'1','1','2',NULL,NULL,NULL);
insert into ib_conf_form_table_colums(PACKAGENAME,FORMNAME,FORMCOLUMN,FORMCOLUMNTITLE,TABLECOLUMN,TABLENAME,COLUMNNO,FCTYPE,FCWIDTH,FCHEIGHT,FCDISPLAY,FCEDIT,FCQUERY,FCMUST,FCDEFAULT,CONFSELECTINFO) values ('projectmanage','bomMaterials','IB_BOM_MATERIALS.MATERIALUNIT','单位','MATERIALUNIT','IB_BOM_MATERIALS',7,'1',NULL,NULL,'1','1','2',NULL,NULL,NULL);
insert into ib_conf_form_table_colums(PACKAGENAME,FORMNAME,FORMCOLUMN,FORMCOLUMNTITLE,TABLECOLUMN,TABLENAME,COLUMNNO,FCTYPE,FCWIDTH,FCHEIGHT,FCDISPLAY,FCEDIT,FCQUERY,FCMUST,FCDEFAULT,CONFSELECTINFO) values ('projectmanage','bomMaterials','IB_BOM_MATERIALS.MODEL','规格型号','MODEL','IB_BOM_MATERIALS',5,'1',NULL,NULL,'1','1','2',NULL,NULL,NULL);
insert into ib_conf_form_table_colums(PACKAGENAME,FORMNAME,FORMCOLUMN,FORMCOLUMNTITLE,TABLECOLUMN,TABLENAME,COLUMNNO,FCTYPE,FCWIDTH,FCHEIGHT,FCDISPLAY,FCEDIT,FCQUERY,FCMUST,FCDEFAULT,CONFSELECTINFO) values ('projectmanage','bomMaterials','IB_BOM_MATERIALS.STOCKTYPE','备货类型','STOCKTYPE','IB_BOM_MATERIALS',9,'1',NULL,NULL,'1','1','2',NULL,NULL,NULL);

/* ================================================================================   */
/* ==================================  项目生产计划表  =================================   */
/* ================================================================================   */
/*======= 表单 ==========*/
 insert into ib_conf_form(ID,PACKAGENAME,FORMNAME,FORMTITLE,FORMURL, ISEDIT,ISADD,ISDELETE,ISQUERY,ISEXCELEXPORT,ISIMPORTEXPORT,ISBPMFORM) values ('80fb3a5b-9f5f-44b2-92c3-52aaba4838c8','projectmanage','productionPlan','项目生产计划表','/production_plan/production_plan-list.do',1,1,1,1,1,2,2);
/*======= 表单对应表 ==========*/
insert into ib_conf_form_table(PACKAGENAME,FORMNAME,TABLENAME,TABLETYPE) values ('projectmanage','productionPlan','IB_PRODUCTION_PLAN','main');
/*======= 表单字段 ==========*/
insert into ib_conf_form_table_colums(PACKAGENAME,FORMNAME,FORMCOLUMN,FORMCOLUMNTITLE,TABLECOLUMN, TABLENAME,COLUMNNO,FCTYPE,FCWIDTH,FCHEIGHT,FCDISPLAY,FCEDIT,FCQUERY,FCMUST,FCDEFAULT, CONFSELECTINFO) values ('projectmanage','productionPlan','IB_PRODUCTION_PLAN.PROJECTNO','项目编号','PROJECTNO','IB_PRODUCTION_PLAN',1,'1','null','null','1','1','2','null','null','null');
insert into ib_conf_form_table_colums(PACKAGENAME,FORMNAME,FORMCOLUMN,FORMCOLUMNTITLE,TABLECOLUMN, TABLENAME,COLUMNNO,FCTYPE,FCWIDTH,FCHEIGHT,FCDISPLAY,FCEDIT,FCQUERY,FCMUST,FCDEFAULT, CONFSELECTINFO) values ('projectmanage','productionPlan','IB_PRODUCTION_PLAN.PROJECTNAME','项目名称','PROJECTNAME','IB_PRODUCTION_PLAN',2,'1','','','1','1','1','1','','');
insert into ib_conf_form_table_colums(PACKAGENAME,FORMNAME,FORMCOLUMN,FORMCOLUMNTITLE,TABLECOLUMN, TABLENAME,COLUMNNO,FCTYPE,FCWIDTH,FCHEIGHT,FCDISPLAY,FCEDIT,FCQUERY,FCMUST,FCDEFAULT, CONFSELECTINFO) values ('projectmanage','productionPlan','IB_PRODUCTION_PLAN.PROJECTTYPE','项目类型','PROJECTTYPE','IB_PRODUCTION_PLAN',3,'1','null','null','1','1','2','null','null','null');
insert into ib_conf_form_table_colums(PACKAGENAME,FORMNAME,FORMCOLUMN,FORMCOLUMNTITLE,TABLECOLUMN, TABLENAME,COLUMNNO,FCTYPE,FCWIDTH,FCHEIGHT,FCDISPLAY,FCEDIT,FCQUERY,FCMUST,FCDEFAULT, CONFSELECTINFO) values ('projectmanage','productionPlan','IB_PRODUCTION_PLAN.CUSTOMERNAME','客户名称','CUSTOMERNAME','IB_PRODUCTION_PLAN',4,'1','null','null','1','1','2','null','null','null');
insert into ib_conf_form_table_colums(PACKAGENAME,FORMNAME,FORMCOLUMN,FORMCOLUMNTITLE,TABLECOLUMN, TABLENAME,COLUMNNO,FCTYPE,FCWIDTH,FCHEIGHT,FCDISPLAY,FCEDIT,FCQUERY,FCMUST,FCDEFAULT, CONFSELECTINFO) values ('projectmanage','productionPlan','IB_PRODUCTION_PLAN.PRODUCTMANAGE','项目负责人','PRODUCTMANAGE','IB_PRODUCTION_PLAN',5,'1','null','null','1','1','2','null','null','null');
insert into ib_conf_form_table_colums(PACKAGENAME,FORMNAME,FORMCOLUMN,FORMCOLUMNTITLE,TABLECOLUMN, TABLENAME,COLUMNNO,FCTYPE,FCWIDTH,FCHEIGHT,FCDISPLAY,FCEDIT,FCQUERY,FCMUST,FCDEFAULT, CONFSELECTINFO) values ('projectmanage','productionPlan','IB_PRODUCTION_PLAN.BATCHNO','批次号','BATCHNO','IB_PRODUCTION_PLAN',6,'1','null','null','1','1','2','null','null','null');
insert into ib_conf_form_table_colums(PACKAGENAME,FORMNAME,FORMCOLUMN,FORMCOLUMNTITLE,TABLECOLUMN, TABLENAME,COLUMNNO,FCTYPE,FCWIDTH,FCHEIGHT,FCDISPLAY,FCEDIT,FCQUERY,FCMUST,FCDEFAULT, CONFSELECTINFO) values ('projectmanage','productionPlan','IB_PRODUCTION_PLAN.PRODUCTIONTYPE','生产类型','PRODUCTIONTYPE','IB_PRODUCTION_PLAN',7,'1','null','null','1','1','2','null','null','null');
insert into ib_conf_form_table_colums(PACKAGENAME,FORMNAME,FORMCOLUMN,FORMCOLUMNTITLE,TABLECOLUMN, TABLENAME,COLUMNNO,FCTYPE,FCWIDTH,FCHEIGHT,FCDISPLAY,FCEDIT,FCQUERY,FCMUST,FCDEFAULT, CONFSELECTINFO) values ('projectmanage','productionPlan','IB_PRODUCTION_PLAN.PRODUCTIONMODE','生成方式','PRODUCTIONMODE','IB_PRODUCTION_PLAN',8,'1','null','null','1','1','2','null','null','null');
insert into ib_conf_form_table_colums(PACKAGENAME,FORMNAME,FORMCOLUMN,FORMCOLUMNTITLE,TABLECOLUMN, TABLENAME,COLUMNNO,FCTYPE,FCWIDTH,FCHEIGHT,FCDISPLAY,FCEDIT,FCQUERY,FCMUST,FCDEFAULT, CONFSELECTINFO) values ('projectmanage','productionPlan','IB_PRODUCTION_PLAN.PRODUCTIONADDRESS','生成场地','PRODUCTIONADDRESS','IB_PRODUCTION_PLAN',9,'1','null','null','1','1','2','null','null','null');
insert into ib_conf_form_table_colums(PACKAGENAME,FORMNAME,FORMCOLUMN,FORMCOLUMNTITLE,TABLECOLUMN, TABLENAME,COLUMNNO,FCTYPE,FCWIDTH,FCHEIGHT,FCDISPLAY,FCEDIT,FCQUERY,FCMUST,FCDEFAULT, CONFSELECTINFO) values ('projectmanage','productionPlan','IB_PRODUCTION_PLAN.PRODUCTTYPE','产品类型','PRODUCTTYPE','IB_PRODUCTION_PLAN',10,'1','null','null','1','1','2','null','null','null');
insert into ib_conf_form_table_colums(PACKAGENAME,FORMNAME,FORMCOLUMN,FORMCOLUMNTITLE,TABLECOLUMN, TABLENAME,COLUMNNO,FCTYPE,FCWIDTH,FCHEIGHT,FCDISPLAY,FCEDIT,FCQUERY,FCMUST,FCDEFAULT, CONFSELECTINFO) values ('projectmanage','productionPlan','IB_PRODUCTION_PLAN.PRODUCTFLOWID','产品件号','PRODUCTFLOWID','IB_PRODUCTION_PLAN',11,'1','null','null','1','1','2','null','null','null');
insert into ib_conf_form_table_colums(PACKAGENAME,FORMNAME,FORMCOLUMN,FORMCOLUMNTITLE,TABLECOLUMN, TABLENAME,COLUMNNO,FCTYPE,FCWIDTH,FCHEIGHT,FCDISPLAY,FCEDIT,FCQUERY,FCMUST,FCDEFAULT, CONFSELECTINFO) values ('projectmanage','productionPlan','IB_PRODUCTION_PLAN.PRODUCTNO','产品编号','PRODUCTNO','IB_PRODUCTION_PLAN',12,'1','null','null','1','1','2','null','null','null');
insert into ib_conf_form_table_colums(PACKAGENAME,FORMNAME,FORMCOLUMN,FORMCOLUMNTITLE,TABLECOLUMN, TABLENAME,COLUMNNO,FCTYPE,FCWIDTH,FCHEIGHT,FCDISPLAY,FCEDIT,FCQUERY,FCMUST,FCDEFAULT, CONFSELECTINFO) values ('projectmanage','productionPlan','IB_PRODUCTION_PLAN.PRODUCTNAME','产品名','PRODUCTNAME','IB_PRODUCTION_PLAN',13,'1','null','null','1','1','2','null','null','null');
insert into ib_conf_form_table_colums(PACKAGENAME,FORMNAME,FORMCOLUMN,FORMCOLUMNTITLE,TABLECOLUMN, TABLENAME,COLUMNNO,FCTYPE,FCWIDTH,FCHEIGHT,FCDISPLAY,FCEDIT,FCQUERY,FCMUST,FCDEFAULT, CONFSELECTINFO) values ('projectmanage','productionPlan','IB_PRODUCTION_PLAN.PRODUCTMODEL','规格型号','PRODUCTMODEL','IB_PRODUCTION_PLAN',14,'1','null','null','1','1','2','null','null','null');
insert into ib_conf_form_table_colums(PACKAGENAME,FORMNAME,FORMCOLUMN,FORMCOLUMNTITLE,TABLECOLUMN, TABLENAME,COLUMNNO,FCTYPE,FCWIDTH,FCHEIGHT,FCDISPLAY,FCEDIT,FCQUERY,FCMUST,FCDEFAULT, CONFSELECTINFO) values ('projectmanage','productionPlan','IB_PRODUCTION_PLAN.WORKINGDAY','工作日','WORKINGDAY','IB_PRODUCTION_PLAN',15,'1','null','null','1','1','2','null','null','null');
insert into ib_conf_form_table_colums(PACKAGENAME,FORMNAME,FORMCOLUMN,FORMCOLUMNTITLE,TABLECOLUMN, TABLENAME,COLUMNNO,FCTYPE,FCWIDTH,FCHEIGHT,FCDISPLAY,FCEDIT,FCQUERY,FCMUST,FCDEFAULT, CONFSELECTINFO) values ('projectmanage','productionPlan','IB_PRODUCTION_PLAN.STARTTIME','总开始时间','STARTTIME','IB_PRODUCTION_PLAN',16,'1','null','null','1','1','2','null','null','null');
insert into ib_conf_form_table_colums(PACKAGENAME,FORMNAME,FORMCOLUMN,FORMCOLUMNTITLE,TABLECOLUMN, TABLENAME,COLUMNNO,FCTYPE,FCWIDTH,FCHEIGHT,FCDISPLAY,FCEDIT,FCQUERY,FCMUST,FCDEFAULT, CONFSELECTINFO) values ('projectmanage','productionPlan','IB_PRODUCTION_PLAN.ENDTIME','总结束时间','ENDTIME','IB_PRODUCTION_PLAN',17,'1','null','null','1','1','2','null','null','null');
insert into ib_conf_form_table_colums(PACKAGENAME,FORMNAME,FORMCOLUMN,FORMCOLUMNTITLE,TABLECOLUMN, TABLENAME,COLUMNNO,FCTYPE,FCWIDTH,FCHEIGHT,FCDISPLAY,FCEDIT,FCQUERY,FCMUST,FCDEFAULT, CONFSELECTINFO) values ('projectmanage','productionPlan','IB_PRODUCTION_PLAN.BUYSTARTTIME','采购开始时间','BUYSTARTTIME','IB_PRODUCTION_PLAN',18,'1','null','null','1','1','2','null','null','null');
insert into ib_conf_form_table_colums(PACKAGENAME,FORMNAME,FORMCOLUMN,FORMCOLUMNTITLE,TABLECOLUMN, TABLENAME,COLUMNNO,FCTYPE,FCWIDTH,FCHEIGHT,FCDISPLAY,FCEDIT,FCQUERY,FCMUST,FCDEFAULT, CONFSELECTINFO) values ('projectmanage','productionPlan','IB_PRODUCTION_PLAN.BUYENDTIME','采购结束时间','BUYENDTIME','IB_PRODUCTION_PLAN',19,'1','null','null','1','1','2','null','null','null');
insert into ib_conf_form_table_colums(PACKAGENAME,FORMNAME,FORMCOLUMN,FORMCOLUMNTITLE,TABLECOLUMN, TABLENAME,COLUMNNO,FCTYPE,FCWIDTH,FCHEIGHT,FCDISPLAY,FCEDIT,FCQUERY,FCMUST,FCDEFAULT, CONFSELECTINFO) values ('projectmanage','productionPlan','IB_PRODUCTION_PLAN.PRODSTARTTIME','生产开始时间','PRODSTARTTIME','IB_PRODUCTION_PLAN',20,'1','null','null','1','1','2','null','null','null');
insert into ib_conf_form_table_colums(PACKAGENAME,FORMNAME,FORMCOLUMN,FORMCOLUMNTITLE,TABLECOLUMN, TABLENAME,COLUMNNO,FCTYPE,FCWIDTH,FCHEIGHT,FCDISPLAY,FCEDIT,FCQUERY,FCMUST,FCDEFAULT, CONFSELECTINFO) values ('projectmanage','productionPlan','IB_PRODUCTION_PLAN.PRODENDTIME','生产结束时间','PRODENDTIME','IB_PRODUCTION_PLAN',21,'1','null','null','1','1','2','null','null','null');
insert into ib_conf_form_table_colums(PACKAGENAME,FORMNAME,FORMCOLUMN,FORMCOLUMNTITLE,TABLECOLUMN, TABLENAME,COLUMNNO,FCTYPE,FCWIDTH,FCHEIGHT,FCDISPLAY,FCEDIT,FCQUERY,FCMUST,FCDEFAULT, CONFSELECTINFO) values ('projectmanage','productionPlan','IB_PRODUCTION_PLAN.PRODOUTSTARTTIME','生产外协开始时间','PRODOUTSTARTTIME','IB_PRODUCTION_PLAN',22,'1','null','null','1','1','2','null','null','null');
insert into ib_conf_form_table_colums(PACKAGENAME,FORMNAME,FORMCOLUMN,FORMCOLUMNTITLE,TABLECOLUMN, TABLENAME,COLUMNNO,FCTYPE,FCWIDTH,FCHEIGHT,FCDISPLAY,FCEDIT,FCQUERY,FCMUST,FCDEFAULT, CONFSELECTINFO) values ('projectmanage','productionPlan','IB_PRODUCTION_PLAN.PRODOUTENDTIME','生产外协结束时间','PRODOUTENDTIME','IB_PRODUCTION_PLAN',23,'1','null','null','1','1','2','null','null','null');
/*======= 表 ==========*/
insert into ib_conf_table(ID,PACKAGENAME,TABLENAME,TABLENAMECOMMENT,TABLETYPE, PARENTTABLEID,ISBPMTABLE) values ('ib_production_plan001','projectmanage','IB_PRODUCTION_PLAN','项目生产计划表','1','null',2);
/*======= 表字段 ==========*/
insert into ib_conf_table_columns(tableName,columnValue,columnName,columnType,columnSize, isNull,defaultValue,columnNo) values ('IB_PRODUCTION_PLAN','PROJECTNO','项目编号','VARCHAR','64','是','',1);
insert into ib_conf_table_columns(tableName,columnValue,columnName,columnType,columnSize, isNull,defaultValue,columnNo) values ('IB_PRODUCTION_PLAN','PROJECTNAME','项目名称','VARCHAR','64','是','',2);
insert into ib_conf_table_columns(tableName,columnValue,columnName,columnType,columnSize, isNull,defaultValue,columnNo) values ('IB_PRODUCTION_PLAN','PROJECTTYPE','项目类型','VARCHAR','16','是','',3);
insert into ib_conf_table_columns(tableName,columnValue,columnName,columnType,columnSize, isNull,defaultValue,columnNo) values ('IB_PRODUCTION_PLAN','CUSTOMERNAME','客户名称','VARCHAR','64','是','',4);
insert into ib_conf_table_columns(tableName,columnValue,columnName,columnType,columnSize, isNull,defaultValue,columnNo) values ('IB_PRODUCTION_PLAN','PRODUCTMANAGE','项目负责人','VARCHAR','64','是','',5);
insert into ib_conf_table_columns(tableName,columnValue,columnName,columnType,columnSize, isNull,defaultValue,columnNo) values ('IB_PRODUCTION_PLAN','BATCHNO','批次号','VARCHAR','64','是','',6);
insert into ib_conf_table_columns(tableName,columnValue,columnName,columnType,columnSize, isNull,defaultValue,columnNo) values ('IB_PRODUCTION_PLAN','PRODUCTIONTYPE','生产类型','VARCHAR','64','是','',7);
insert into ib_conf_table_columns(tableName,columnValue,columnName,columnType,columnSize, isNull,defaultValue,columnNo) values ('IB_PRODUCTION_PLAN','PRODUCTIONMODE','生成方式','VARCHAR','64','是','',8);
insert into ib_conf_table_columns(tableName,columnValue,columnName,columnType,columnSize, isNull,defaultValue,columnNo) values ('IB_PRODUCTION_PLAN','PRODUCTIONADDRESS','生成场地','VARCHAR','64','是','',9);
insert into ib_conf_table_columns(tableName,columnValue,columnName,columnType,columnSize, isNull,defaultValue,columnNo) values ('IB_PRODUCTION_PLAN','PRODUCTTYPE','产品类型','VARCHAR','64','是','',10);
insert into ib_conf_table_columns(tableName,columnValue,columnName,columnType,columnSize, isNull,defaultValue,columnNo) values ('IB_PRODUCTION_PLAN','PRODUCTFLOWID','产品件号','VARCHAR','64','是','',11);
insert into ib_conf_table_columns(tableName,columnValue,columnName,columnType,columnSize, isNull,defaultValue,columnNo) values ('IB_PRODUCTION_PLAN','PRODUCTNO','产品编号','VARCHAR','64','是','',12);
insert into ib_conf_table_columns(tableName,columnValue,columnName,columnType,columnSize, isNull,defaultValue,columnNo) values ('IB_PRODUCTION_PLAN','PRODUCTNAME','产品名','VARCHAR','128','是','',13);
insert into ib_conf_table_columns(tableName,columnValue,columnName,columnType,columnSize, isNull,defaultValue,columnNo) values ('IB_PRODUCTION_PLAN','PRODUCTMODEL','规格型号','VARCHAR','64','是','',14);
insert into ib_conf_table_columns(tableName,columnValue,columnName,columnType,columnSize, isNull,defaultValue,columnNo) values ('IB_PRODUCTION_PLAN','WORKINGDAY','工作日','NUMBER','8','是','',15);
insert into ib_conf_table_columns(tableName,columnValue,columnName,columnType,columnSize, isNull,defaultValue,columnNo) values ('IB_PRODUCTION_PLAN','STARTTIME','总开始时间','DATE','0','是','',16);
insert into ib_conf_table_columns(tableName,columnValue,columnName,columnType,columnSize, isNull,defaultValue,columnNo) values ('IB_PRODUCTION_PLAN','ENDTIME','总结束时间','DATE','0','是','',17);
insert into ib_conf_table_columns(tableName,columnValue,columnName,columnType,columnSize, isNull,defaultValue,columnNo) values ('IB_PRODUCTION_PLAN','BUYSTARTTIME','采购开始时间','DATE','0','是','',18);
insert into ib_conf_table_columns(tableName,columnValue,columnName,columnType,columnSize, isNull,defaultValue,columnNo) values ('IB_PRODUCTION_PLAN','BUYENDTIME','采购结束时间','DATE','0','是','',19);
insert into ib_conf_table_columns(tableName,columnValue,columnName,columnType,columnSize, isNull,defaultValue,columnNo) values ('IB_PRODUCTION_PLAN','PRODSTARTTIME','生产开始时间','DATE','0','是','',20);
insert into ib_conf_table_columns(tableName,columnValue,columnName,columnType,columnSize, isNull,defaultValue,columnNo) values ('IB_PRODUCTION_PLAN','PRODENDTIME','生产结束时间','DATE','0','是','',21);
insert into ib_conf_table_columns(tableName,columnValue,columnName,columnType,columnSize, isNull,defaultValue,columnNo) values ('IB_PRODUCTION_PLAN','PRODOUTSTARTTIME','生产外协开始时间','DATE','0','是','',22);
insert into ib_conf_table_columns(tableName,columnValue,columnName,columnType,columnSize, isNull,defaultValue,columnNo) values ('IB_PRODUCTION_PLAN','PRODOUTENDTIME','生产外协结束时间','DATE','0','是','',23);
insert into ib_conf_table_columns(tableName,columnValue,columnName,columnType,columnSize, isNull,defaultValue,columnNo) values ('IB_PRODUCTION_PLAN','ID','UUID主键','VARCHAR','64','否','null',91);

/* ================================================================================   */
/* =================================  材料采购计划申请表  =================================   */
/* ================================================================================   */
/*======= 流程 ==========*/
INSERT INTO IB_BPM_PROCESS(ID,PACKAGENAME,FLOWNAME,FLOWTITLE,VERSIONID, FORMID,FLOWURL) VALUES('buyPlan001','projectmanage','buyPlan','材料采购计划申请流程','c220b0dd-2b61-4e43-887b-6fc4376a0bcc','66429f36-f4ad-47ee-b3e2-835a56344adc','/buy_plan/buy_plan-list.do?flowType=0&flowId=buyPlan001');
/*======= 流程图 ==========*/
insert into ib_conf_flow_chart(ID,FLOWID,ITEMID,NODEID,CONTEXT) values ('31a9446b-af54-4af4-8580-9c8999a56e2c','buyPlan001','bec8d6e2-c705-4121-b5c6-76c53ae13ead','null','{"id":"bec8d6e2-c705-4121-b5c6-76c53ae13ead","name":"发起","type":"TaskNode","title":"发起","x":"200","y":"65","width":"100","height":"50","headLineIds":"36fc3fe9-150b-4255-aad8-266469701b4c","afterLineIds":"895f2625-dcb5-4ec9-bced-bbd8aace4c17"}');
insert into ib_conf_flow_chart(ID,FLOWID,ITEMID,NODEID,CONTEXT) values ('85e43701-cf40-49ce-b2b2-1d5de9cec2da','buyPlan001','36fc3fe9-150b-4255-aad8-266469701b4c','null','{"id":"36fc3fe9-150b-4255-aad8-266469701b4c","name":"线","type":"Line","title":"发起","x":"0","y":"40","realPoints":"120,90,200,90","startElmId":"456cd7b8-f21a-4034-afa1-a4d2f3b29894","endElmId":"bec8d6e2-c705-4121-b5c6-76c53ae13ead"}');
insert into ib_conf_flow_chart(ID,FLOWID,ITEMID,NODEID,CONTEXT) values ('8735a90b-9fd7-47e0-ab5b-26d18794712f','buyPlan001','f4125852-1c7a-4090-84ed-5a9f7d64652b','null','{"id":"f4125852-1c7a-4090-84ed-5a9f7d64652b","name":"泳道","type":"Lane","title":"发起","x":"0","y":"40","width":"35","height":"110"}');
insert into ib_conf_flow_chart(ID,FLOWID,ITEMID,NODEID,CONTEXT) values ('92ff8b14-948c-421f-801f-c6d83bfa0ab0','buyPlan001','6f2ead83-8437-4cad-a92b-c2a0835cd41d','null','{"id":"6f2ead83-8437-4cad-a92b-c2a0835cd41d","name":"线","type":"Line","title":"审批","x":"0","y":"150","realPoints":"500,200,550,200,550,200","startElmId":"bd384f43-43a7-447b-bf3a-874c1d91ed78","endElmId":"2f0eda7f-f5d4-40ea-be17-02eaf1e190eb"}');
insert into ib_conf_flow_chart(ID,FLOWID,ITEMID,NODEID,CONTEXT) values ('9841bf11-eedb-4f8c-aa20-0328354aec58','buyPlan001','895f2625-dcb5-4ec9-bced-bbd8aace4c17','null','{"id":"895f2625-dcb5-4ec9-bced-bbd8aace4c17","name":"线","type":"Line","title":"审批","x":"0","y":"150","realPoints":"250,115,250,200,400,200","startElmId":"bec8d6e2-c705-4121-b5c6-76c53ae13ead","endElmId":"bd384f43-43a7-447b-bf3a-874c1d91ed78"}');
insert into ib_conf_flow_chart(ID,FLOWID,ITEMID,NODEID,CONTEXT) values ('a352d543-5840-4c50-afe6-c7428403349f','buyPlan001','aee4dbbe-5ef0-45cc-988b-5b1daca47ea4','null','{"id":"aee4dbbe-5ef0-45cc-988b-5b1daca47ea4","name":"泳道","type":"Lane","title":"审批","x":"0","y":"150","width":"35","height":"110"}');
insert into ib_conf_flow_chart(ID,FLOWID,ITEMID,NODEID,CONTEXT) values ('de97883e-d7d0-4d36-bfac-1cffb5313f4c','buyPlan001','bd384f43-43a7-447b-bf3a-874c1d91ed78','null','{"id":"bd384f43-43a7-447b-bf3a-874c1d91ed78","name":"审批","type":"TaskNode","title":"审批","x":"400","y":"175","width":"100","height":"50","headLineIds":"895f2625-dcb5-4ec9-bced-bbd8aace4c17","afterLineIds":"6f2ead83-8437-4cad-a92b-c2a0835cd41d"}');
insert into ib_conf_flow_chart(ID,FLOWID,ITEMID,NODEID,CONTEXT) values ('def70abb-db7e-42da-b2ab-cb300ffbef76','buyPlan001','456cd7b8-f21a-4034-afa1-a4d2f3b29894','null','{"id":"456cd7b8-f21a-4034-afa1-a4d2f3b29894","name":"开始节点","type":"StartNode","title":"开始节点","x":"70","y":"65","width":"50","height":"50","afterLineIds":"36fc3fe9-150b-4255-aad8-266469701b4c"}');
insert into ib_conf_flow_chart(ID,FLOWID,ITEMID,NODEID,CONTEXT) values ('e16bbcee-d19e-48b7-b678-5aded90ca154','buyPlan001','2f0eda7f-f5d4-40ea-be17-02eaf1e190eb','null','{"id":"2f0eda7f-f5d4-40ea-be17-02eaf1e190eb","name":"结束节点","type":"EndNode","title":"结束","x":"550","y":"175","width":"50","height":"50","headLineIds":"6f2ead83-8437-4cad-a92b-c2a0835cd41d"}');
/*======= 表单 ==========*/
 insert into ib_conf_form(ID,PACKAGENAME,FORMNAME,FORMTITLE,FORMURL, ISEDIT,ISADD,ISDELETE,ISQUERY,ISEXCELEXPORT,ISIMPORTEXPORT,ISBPMFORM) values ('66429f36-f4ad-47ee-b3e2-835a56344adc','projectmanage','buyPlan','材料采购计划申请表','/buy_plan/buy_plan-list.do',1,1,1,2,2,2,1);
/*======= 表单对应表 ==========*/
insert into ib_conf_form_table(PACKAGENAME,FORMNAME,TABLENAME,TABLETYPE) values ('projectmanage','buyPlan','IB_BUY_PLAN','main');
insert into ib_conf_form_table(PACKAGENAME,FORMNAME,TABLENAME,TABLETYPE) values ('projectmanage','buyPlan','IB_MATERIAL_BUY_PLAN','sub');
/*======= 表单字段 ==========*/
insert into ib_conf_form_table_colums(PACKAGENAME,FORMNAME,FORMCOLUMN,FORMCOLUMNTITLE,TABLECOLUMN, TABLENAME,COLUMNNO,FCTYPE,FCWIDTH,FCHEIGHT,FCDISPLAY,FCEDIT,FCQUERY,FCMUST,FCDEFAULT, CONFSELECTINFO) values ('projectmanage','buyPlan','IB_BUY_PLAN.PROJECTNO','项目编号','PROJECTNO','IB_BUY_PLAN',1,'1','null','null','1','1','2','null','null','null');
insert into ib_conf_form_table_colums(PACKAGENAME,FORMNAME,FORMCOLUMN,FORMCOLUMNTITLE,TABLECOLUMN, TABLENAME,COLUMNNO,FCTYPE,FCWIDTH,FCHEIGHT,FCDISPLAY,FCEDIT,FCQUERY,FCMUST,FCDEFAULT, CONFSELECTINFO) values ('projectmanage','buyPlan','IB_BUY_PLAN.BATCHNO','批次号','BATCHNO','IB_BUY_PLAN',2,'1','null','null','1','1','2','null','null','null');
insert into ib_conf_form_table_colums(PACKAGENAME,FORMNAME,FORMCOLUMN,FORMCOLUMNTITLE,TABLECOLUMN, TABLENAME,COLUMNNO,FCTYPE,FCWIDTH,FCHEIGHT,FCDISPLAY,FCEDIT,FCQUERY,FCMUST,FCDEFAULT, CONFSELECTINFO) values ('projectmanage','buyPlan','IB_BUY_PLAN.PROJECTNAME','项目名称','PROJECTNAME','IB_BUY_PLAN',3,'1','null','null','1','1','2','null','null','null');
insert into ib_conf_form_table_colums(PACKAGENAME,FORMNAME,FORMCOLUMN,FORMCOLUMNTITLE,TABLECOLUMN, TABLENAME,COLUMNNO,FCTYPE,FCWIDTH,FCHEIGHT,FCDISPLAY,FCEDIT,FCQUERY,FCMUST,FCDEFAULT, CONFSELECTINFO) values ('projectmanage','buyPlan','IB_BUY_PLAN.CUSTOMERNAME','客户名称','CUSTOMERNAME','IB_BUY_PLAN',5,'1','null','null','1','1','2','null','null','null');
insert into ib_conf_form_table_colums(PACKAGENAME,FORMNAME,FORMCOLUMN,FORMCOLUMNTITLE,TABLECOLUMN, TABLENAME,COLUMNNO,FCTYPE,FCWIDTH,FCHEIGHT,FCDISPLAY,FCEDIT,FCQUERY,FCMUST,FCDEFAULT, CONFSELECTINFO) values ('projectmanage','buyPlan','IB_BUY_PLAN.PRODUCTMANAGE','项目负责人','PRODUCTMANAGE','IB_BUY_PLAN',6,'1','null','null','1','1','2','null','null','null');
insert into ib_conf_form_table_colums(PACKAGENAME,FORMNAME,FORMCOLUMN,FORMCOLUMNTITLE,TABLECOLUMN, TABLENAME,COLUMNNO,FCTYPE,FCWIDTH,FCHEIGHT,FCDISPLAY,FCEDIT,FCQUERY,FCMUST,FCDEFAULT, CONFSELECTINFO) values ('projectmanage','buyPlan','IB_BUY_PLAN.EVENTDATE','日期','EVENTDATE','IB_BUY_PLAN',7,'1','null','null','1','1','2','null','null','null');
insert into ib_conf_form_table_colums(PACKAGENAME,FORMNAME,FORMCOLUMN,FORMCOLUMNTITLE,TABLECOLUMN, TABLENAME,COLUMNNO,FCTYPE,FCWIDTH,FCHEIGHT,FCDISPLAY,FCEDIT,FCQUERY,FCMUST,FCDEFAULT, CONFSELECTINFO) values ('projectmanage','buyPlan','IB_BUY_PLAN.BUYER','采购员','BUYER','IB_BUY_PLAN',8,'1','null','null','1','1','2','null','null','null');
insert into ib_conf_form_table_colums(PACKAGENAME,FORMNAME,FORMCOLUMN,FORMCOLUMNTITLE,TABLECOLUMN, TABLENAME,COLUMNNO,FCTYPE,FCWIDTH,FCHEIGHT,FCDISPLAY,FCEDIT,FCQUERY,FCMUST,FCDEFAULT, CONFSELECTINFO) values ('projectmanage','buyPlan','IB_BUY_PLAN.APPLICANT','申请人','APPLICANT','IB_BUY_PLAN',9,'1','null','null','1','1','2','null','null','null');
insert into ib_conf_form_table_colums(PACKAGENAME,FORMNAME,FORMCOLUMN,FORMCOLUMNTITLE,TABLECOLUMN, TABLENAME,COLUMNNO,FCTYPE,FCWIDTH,FCHEIGHT,FCDISPLAY,FCEDIT,FCQUERY,FCMUST,FCDEFAULT, CONFSELECTINFO) values ('projectmanage','buyPlan','IB_BUY_PLAN.DIRECTFLAG','是否直发','DIRECTFLAG','IB_BUY_PLAN',10,'1','null','null','1','1','2','null','null','null');
insert into ib_conf_form_table_colums(PACKAGENAME,FORMNAME,FORMCOLUMN,FORMCOLUMNTITLE,TABLECOLUMN, TABLENAME,COLUMNNO,FCTYPE,FCWIDTH,FCHEIGHT,FCDISPLAY,FCEDIT,FCQUERY,FCMUST,FCDEFAULT, CONFSELECTINFO) values ('projectmanage','buyPlan','IB_BUY_PLAN.RECEIPTUSER','收货人','RECEIPTUSER','IB_BUY_PLAN',11,'1','null','null','1','1','2','null','null','null');
insert into ib_conf_form_table_colums(PACKAGENAME,FORMNAME,FORMCOLUMN,FORMCOLUMNTITLE,TABLECOLUMN, TABLENAME,COLUMNNO,FCTYPE,FCWIDTH,FCHEIGHT,FCDISPLAY,FCEDIT,FCQUERY,FCMUST,FCDEFAULT, CONFSELECTINFO) values ('projectmanage','buyPlan','IB_BUY_PLAN.RECEIPTADDRESS','收货地址','RECEIPTADDRESS','IB_BUY_PLAN',12,'1','null','null','1','1','2','null','null','null');
insert into ib_conf_form_table_colums(PACKAGENAME,FORMNAME,FORMCOLUMN,FORMCOLUMNTITLE,TABLECOLUMN, TABLENAME,COLUMNNO,FCTYPE,FCWIDTH,FCHEIGHT,FCDISPLAY,FCEDIT,FCQUERY,FCMUST,FCDEFAULT, CONFSELECTINFO) values ('projectmanage','buyPlan','IB_BUY_PLAN.STOCKTYPE','备货类型','STOCKTYPE','IB_BUY_PLAN',13,'1','null','null','1','1','2','null','null','null');
insert into ib_conf_form_table_colums(PACKAGENAME,FORMNAME,FORMCOLUMN,FORMCOLUMNTITLE,TABLECOLUMN, TABLENAME,COLUMNNO,FCTYPE,FCWIDTH,FCHEIGHT,FCDISPLAY,FCEDIT,FCQUERY,FCMUST,FCDEFAULT, CONFSELECTINFO) values ('projectmanage','buyPlan','IB_BUY_PLAN.DOCUMENTTYPE','单据来源','DOCUMENTTYPE','IB_BUY_PLAN',14,'1','null','null','1','1','2','null','null','null');
insert into ib_conf_form_table_colums(PACKAGENAME,FORMNAME,FORMCOLUMN,FORMCOLUMNTITLE,TABLECOLUMN, TABLENAME,COLUMNNO,FCTYPE,FCWIDTH,FCHEIGHT,FCDISPLAY,FCEDIT,FCQUERY,FCMUST,FCDEFAULT, CONFSELECTINFO) values ('projectmanage','buyPlan','IB_BUY_PLAN.PLANNER','计划员','PLANNER','IB_BUY_PLAN',15,'1','null','null','1','1','2','null','null','null');
insert into ib_conf_form_table_colums(PACKAGENAME,FORMNAME,FORMCOLUMN,FORMCOLUMNTITLE,TABLECOLUMN, TABLENAME,COLUMNNO,FCTYPE,FCWIDTH,FCHEIGHT,FCDISPLAY,FCEDIT,FCQUERY,FCMUST,FCDEFAULT, CONFSELECTINFO) values ('projectmanage','buyPlan','IB_MATERIAL_BUY_PLAN.MATERIALNO','原料编号','MATERIALNO','IB_MATERIAL_BUY_PLAN',1,'1','null','null','1','1','2','null','null','null');
insert into ib_conf_form_table_colums(PACKAGENAME,FORMNAME,FORMCOLUMN,FORMCOLUMNTITLE,TABLECOLUMN, TABLENAME,COLUMNNO,FCTYPE,FCWIDTH,FCHEIGHT,FCDISPLAY,FCEDIT,FCQUERY,FCMUST,FCDEFAULT, CONFSELECTINFO) values ('projectmanage','buyPlan','IB_MATERIAL_BUY_PLAN.MATERIALNAME','原料名称','MATERIALNAME','IB_MATERIAL_BUY_PLAN',2,'1','null','null','1','1','2','null','null','null');
insert into ib_conf_form_table_colums(PACKAGENAME,FORMNAME,FORMCOLUMN,FORMCOLUMNTITLE,TABLECOLUMN, TABLENAME,COLUMNNO,FCTYPE,FCWIDTH,FCHEIGHT,FCDISPLAY,FCEDIT,FCQUERY,FCMUST,FCDEFAULT, CONFSELECTINFO) values ('projectmanage','buyPlan','IB_MATERIAL_BUY_PLAN.MODEL','规格型号','MODEL','IB_MATERIAL_BUY_PLAN',3,'1','null','null','1','1','2','null','null','null');
insert into ib_conf_form_table_colums(PACKAGENAME,FORMNAME,FORMCOLUMN,FORMCOLUMNTITLE,TABLECOLUMN, TABLENAME,COLUMNNO,FCTYPE,FCWIDTH,FCHEIGHT,FCDISPLAY,FCEDIT,FCQUERY,FCMUST,FCDEFAULT, CONFSELECTINFO) values ('projectmanage','buyPlan','IB_MATERIAL_BUY_PLAN.MATERIALNUM','数量','MATERIALNUM','IB_MATERIAL_BUY_PLAN',4,'1','null','null','1','1','2','null','null','null');
insert into ib_conf_form_table_colums(PACKAGENAME,FORMNAME,FORMCOLUMN,FORMCOLUMNTITLE,TABLECOLUMN, TABLENAME,COLUMNNO,FCTYPE,FCWIDTH,FCHEIGHT,FCDISPLAY,FCEDIT,FCQUERY,FCMUST,FCDEFAULT, CONFSELECTINFO) values ('projectmanage','buyPlan','IB_MATERIAL_BUY_PLAN.DELIVERYDATE','交货日期','DELIVERYDATE','IB_MATERIAL_BUY_PLAN',5,'1','null','null','1','1','2','null','null','null');
/*======= 表 ==========*/
insert into ib_conf_table(ID,PACKAGENAME,TABLENAME,TABLENAMECOMMENT,TABLETYPE, PARENTTABLEID,ISBPMTABLE) values ('ib_buy_plan001','projectmanage','IB_BUY_PLAN','材料采购计划申请表','1','null',1);
insert into ib_conf_table(ID,PACKAGENAME,TABLENAME,TABLENAMECOMMENT,TABLETYPE, PARENTTABLEID,ISBPMTABLE) values ('ib_material_buy_plan001','projectmanage','IB_MATERIAL_BUY_PLAN','采购计划原料明细子表','2','null',1);
/*======= 表字段 ==========*/
insert into ib_conf_table_columns(tableName,columnValue,columnName,columnType,columnSize, isNull,defaultValue,columnNo) values ('IB_BUY_PLAN','PROJECTNO','项目编号','VARCHAR','64','是','',1);
insert into ib_conf_table_columns(tableName,columnValue,columnName,columnType,columnSize, isNull,defaultValue,columnNo) values ('IB_BUY_PLAN','BATCHNO','批次号','VARCHAR','64','是','',2);
insert into ib_conf_table_columns(tableName,columnValue,columnName,columnType,columnSize, isNull,defaultValue,columnNo) values ('IB_BUY_PLAN','PROJECTNAME','项目名称','VARCHAR','64','是','',3);
insert into ib_conf_table_columns(tableName,columnValue,columnName,columnType,columnSize, isNull,defaultValue,columnNo) values ('IB_BUY_PLAN','CUSTOMERNAME','客户名称','VARCHAR','64','是','',5);
insert into ib_conf_table_columns(tableName,columnValue,columnName,columnType,columnSize, isNull,defaultValue,columnNo) values ('IB_BUY_PLAN','PRODUCTMANAGE','项目负责人','VARCHAR','64','是','',6);
insert into ib_conf_table_columns(tableName,columnValue,columnName,columnType,columnSize, isNull,defaultValue,columnNo) values ('IB_BUY_PLAN','EVENTDATE','日期','DATE','0','是','',7);
insert into ib_conf_table_columns(tableName,columnValue,columnName,columnType,columnSize, isNull,defaultValue,columnNo) values ('IB_BUY_PLAN','BUYER','采购员','VARCHAR','64','是','',8);
insert into ib_conf_table_columns(tableName,columnValue,columnName,columnType,columnSize, isNull,defaultValue,columnNo) values ('IB_BUY_PLAN','APPLICANT','申请人','VARCHAR','64','是','',9);
insert into ib_conf_table_columns(tableName,columnValue,columnName,columnType,columnSize, isNull,defaultValue,columnNo) values ('IB_BUY_PLAN','DIRECTFLAG','是否直发','VARCHAR','64','是','',10);
insert into ib_conf_table_columns(tableName,columnValue,columnName,columnType,columnSize, isNull,defaultValue,columnNo) values ('IB_BUY_PLAN','RECEIPTUSER','收货人','VARCHAR','128','是','',11);
insert into ib_conf_table_columns(tableName,columnValue,columnName,columnType,columnSize, isNull,defaultValue,columnNo) values ('IB_BUY_PLAN','RECEIPTADDRESS','收货地址','VARCHAR','512','是','',12);
insert into ib_conf_table_columns(tableName,columnValue,columnName,columnType,columnSize, isNull,defaultValue,columnNo) values ('IB_BUY_PLAN','STOCKTYPE','备货类型','VARCHAR','8','是','',13);
insert into ib_conf_table_columns(tableName,columnValue,columnName,columnType,columnSize, isNull,defaultValue,columnNo) values ('IB_BUY_PLAN','DOCUMENTTYPE','单据来源','VARCHAR','16','是','',14);
insert into ib_conf_table_columns(tableName,columnValue,columnName,columnType,columnSize, isNull,defaultValue,columnNo) values ('IB_BUY_PLAN','PLANNER','计划员','VARCHAR','64','是','',15);
insert into ib_conf_table_columns(tableName,columnValue,columnName,columnType,columnSize, isNull,defaultValue,columnNo) values ('IB_BUY_PLAN','ID','UUID主键','VARCHAR','64','否','null',91);
insert into ib_conf_table_columns(tableName,columnValue,columnName,columnType,columnSize, isNull,defaultValue,columnNo) values ('IB_BUY_PLAN','EXECUTIONID','流程执行实例ID','VARCHAR','64','是','null',92);
insert into ib_conf_table_columns(tableName,columnValue,columnName,columnType,columnSize, isNull,defaultValue,columnNo) values ('IB_BUY_PLAN','CREATEDATEBPM','流程创建时间','DATETIME','','是','null',93);
insert into ib_conf_table_columns(tableName,columnValue,columnName,columnType,columnSize, isNull,defaultValue,columnNo) values ('IB_BUY_PLAN','NODENAME','流程节点名','VARCHAR','128','是','null',94);
insert into ib_conf_table_columns(tableName,columnValue,columnName,columnType,columnSize, isNull,defaultValue,columnNo) values ('IB_BUY_PLAN','USERNAME','负责人名','VARCHAR','128','是','null',95);
insert into ib_conf_table_columns(tableName,columnValue,columnName,columnType,columnSize, isNull,defaultValue,columnNo) values ('IB_BUY_PLAN','ASSIGNEEUSER','负责人','VARCHAR','64','是','null',95);
insert into ib_conf_table_columns(tableName,columnValue,columnName,columnType,columnSize, isNull,defaultValue,columnNo) values ('IB_BUY_PLAN','DONEFLAG','流程结束标记','INTEGER','4','是','null',96);
insert into ib_conf_table_columns(tableName,columnValue,columnName,columnType,columnSize, isNull,defaultValue,columnNo) values ('IB_BUY_PLAN','TASKTITLE','流程实例标题','VARCHAR','256','是','null',97);
insert into ib_conf_table_columns(tableName,columnValue,columnName,columnType,columnSize, isNull,defaultValue,columnNo) values ('IB_MATERIAL_BUY_PLAN','MATERIALNO','原料编号','VARCHAR','64','是','',1);
insert into ib_conf_table_columns(tableName,columnValue,columnName,columnType,columnSize, isNull,defaultValue,columnNo) values ('IB_MATERIAL_BUY_PLAN','MATERIALNAME','原料名称','VARCHAR','128','是','',2);
insert into ib_conf_table_columns(tableName,columnValue,columnName,columnType,columnSize, isNull,defaultValue,columnNo) values ('IB_MATERIAL_BUY_PLAN','MODEL','规格型号','VARCHAR','64','是','',3);
insert into ib_conf_table_columns(tableName,columnValue,columnName,columnType,columnSize, isNull,defaultValue,columnNo) values ('IB_MATERIAL_BUY_PLAN','MATERIALNUM','数量','VARCHAR','10','是','',4);
insert into ib_conf_table_columns(tableName,columnValue,columnName,columnType,columnSize, isNull,defaultValue,columnNo) values ('IB_MATERIAL_BUY_PLAN','DELIVERYDATE','交货日期','DATE','0','是','',5);
insert into ib_conf_table_columns(tableName,columnValue,columnName,columnType,columnSize, isNull,defaultValue,columnNo) values ('IB_MATERIAL_BUY_PLAN','ID','UUID主键','VARCHAR','64','否','null',91);
insert into ib_conf_table_columns(tableName,columnValue,columnName,columnType,columnSize, isNull,defaultValue,columnNo) values ('IB_MATERIAL_BUY_PLAN','PARENTID','主表UUID','VARCHAR','64','否','null',92);

/* ================================================================================   */
/* ==================================  项目生产进度表  =================================   */
/* ================================================================================   */
/*======= 流程 ==========*/
INSERT INTO IB_BPM_PROCESS(ID,PACKAGENAME,FLOWNAME,FLOWTITLE,VERSIONID, FORMID,FLOWURL) VALUES('productionSchedule001','projectmanage','productionSchedule','项目生产进度流程','5d91ee27-66da-4c88-9bdf-3dd290b15f21','c9a47606-11ef-4918-8bc1-0ce7fe91b7f7','/production_schedule/production_schedule-list.do?flowType=0&flowId=productionSchedule001');
/*======= 流程图 ==========*/
insert into ib_conf_flow_chart(ID,FLOWID,ITEMID,NODEID,CONTEXT) values ('06e1c9d5-74ea-4f5b-8f71-313218143f0f','productionSchedule001','512eac40-0a91-4ba4-8c0b-3f10ba5ce238','null','{"id":"512eac40-0a91-4ba4-8c0b-3f10ba5ce238","name":"审批","type":"TaskNode","title":"审批","x":"400","y":"175","width":"100","height":"50","headLineIds":"6401e1e2-1fd4-4674-b711-dbee75221f07","afterLineIds":"f0147e4c-0421-4013-b21a-1334f46eb1cc"}');
insert into ib_conf_flow_chart(ID,FLOWID,ITEMID,NODEID,CONTEXT) values ('59fd10b3-b2ae-4691-861b-4cd54ecc2bac','productionSchedule001','8a2165db-05a9-4ec3-843d-a42292f6b174','null','{"id":"8a2165db-05a9-4ec3-843d-a42292f6b174","name":"开始节点","type":"StartNode","title":"开始节点","x":"70","y":"65","width":"50","height":"50","afterLineIds":"b69aebbd-b0cb-4af4-b767-f072c3ce5fb3"}');
insert into ib_conf_flow_chart(ID,FLOWID,ITEMID,NODEID,CONTEXT) values ('5d89adaf-8b1c-41f2-bb3e-a67adaf8ebed','productionSchedule001','b69aebbd-b0cb-4af4-b767-f072c3ce5fb3','null','{"id":"b69aebbd-b0cb-4af4-b767-f072c3ce5fb3","name":"线","type":"Line","title":"发起","x":"0","y":"40","realPoints":"120,90,200,90","startElmId":"8a2165db-05a9-4ec3-843d-a42292f6b174","endElmId":"afcd83cc-1811-45d2-ba3d-5dc73e7aa3f4"}');
insert into ib_conf_flow_chart(ID,FLOWID,ITEMID,NODEID,CONTEXT) values ('78e20f54-aa57-42c4-8a13-a3ed3d2cde3a','productionSchedule001','5992d835-bbc9-49e9-ab92-0bde91e093d6','null','{"id":"5992d835-bbc9-49e9-ab92-0bde91e093d6","name":"结束节点","type":"EndNode","title":"结束","x":"550","y":"175","width":"50","height":"50","headLineIds":"f0147e4c-0421-4013-b21a-1334f46eb1cc"}');
insert into ib_conf_flow_chart(ID,FLOWID,ITEMID,NODEID,CONTEXT) values ('7c8448bc-7df2-4b90-afa2-d4b52899b30d','productionSchedule001','f0147e4c-0421-4013-b21a-1334f46eb1cc','null','{"id":"f0147e4c-0421-4013-b21a-1334f46eb1cc","name":"线","type":"Line","title":"审批","x":"0","y":"150","realPoints":"500,200,550,200,550,200","startElmId":"512eac40-0a91-4ba4-8c0b-3f10ba5ce238","endElmId":"5992d835-bbc9-49e9-ab92-0bde91e093d6"}');
insert into ib_conf_flow_chart(ID,FLOWID,ITEMID,NODEID,CONTEXT) values ('b44a3272-1c69-432a-917d-3cc07c08aadd','productionSchedule001','6401e1e2-1fd4-4674-b711-dbee75221f07','null','{"id":"6401e1e2-1fd4-4674-b711-dbee75221f07","name":"线","type":"Line","title":"审批","x":"0","y":"150","realPoints":"250,115,250,200,400,200","startElmId":"afcd83cc-1811-45d2-ba3d-5dc73e7aa3f4","endElmId":"512eac40-0a91-4ba4-8c0b-3f10ba5ce238"}');
insert into ib_conf_flow_chart(ID,FLOWID,ITEMID,NODEID,CONTEXT) values ('c5e73e94-6628-40e0-bd54-021947e065f0','productionSchedule001','afcd83cc-1811-45d2-ba3d-5dc73e7aa3f4','null','{"id":"afcd83cc-1811-45d2-ba3d-5dc73e7aa3f4","name":"发起","type":"TaskNode","title":"发起","x":"200","y":"65","width":"100","height":"50","headLineIds":"b69aebbd-b0cb-4af4-b767-f072c3ce5fb3","afterLineIds":"6401e1e2-1fd4-4674-b711-dbee75221f07"}');
insert into ib_conf_flow_chart(ID,FLOWID,ITEMID,NODEID,CONTEXT) values ('dd7db208-e236-4aed-8969-1fce663d0e45','productionSchedule001','4c844734-a81d-4640-bd22-b5e43dec9131','null','{"id":"4c844734-a81d-4640-bd22-b5e43dec9131","name":"泳道","type":"Lane","title":"审批","x":"0","y":"150","width":"35","height":"110"}');
insert into ib_conf_flow_chart(ID,FLOWID,ITEMID,NODEID,CONTEXT) values ('e42f1e49-5cc2-4320-bee9-57383a6369fa','productionSchedule001','c1ca341b-afb7-4dd2-9c1a-51d87e46b50b','null','{"id":"c1ca341b-afb7-4dd2-9c1a-51d87e46b50b","name":"泳道","type":"Lane","title":"发起","x":"0","y":"40","width":"35","height":"110"}');
/*======= 表单 ==========*/
 insert into ib_conf_form(ID,PACKAGENAME,FORMNAME,FORMTITLE,FORMURL, ISEDIT,ISADD,ISDELETE,ISQUERY,ISEXCELEXPORT,ISIMPORTEXPORT,ISBPMFORM) values ('c9a47606-11ef-4918-8bc1-0ce7fe91b7f7','projectmanage','productionSchedule','项目生产进度表','/production_schedule/production_schedule-list.do',1,1,1,2,2,2,1);
/*======= 表单对应表 ==========*/
insert into ib_conf_form_table(PACKAGENAME,FORMNAME,TABLENAME,TABLETYPE) values ('projectmanage','productionSchedule','IB_PRODUCTION_SCHEDULE','main');
insert into ib_conf_form_table(PACKAGENAME,FORMNAME,TABLENAME,TABLETYPE) values ('projectmanage','productionSchedule','IB_PRODUCTION_SCHEDULE_S','sub');
/*======= 表单字段 ==========*/
insert into ib_conf_form_table_colums(PACKAGENAME,FORMNAME,FORMCOLUMN,FORMCOLUMNTITLE,TABLECOLUMN, TABLENAME,COLUMNNO,FCTYPE,FCWIDTH,FCHEIGHT,FCDISPLAY,FCEDIT,FCQUERY,FCMUST,FCDEFAULT, CONFSELECTINFO) values ('projectmanage','productionSchedule','IB_PRODUCTION_SCHEDULE.PROJECTNO','项目编号','PROJECTNO','IB_PRODUCTION_SCHEDULE',1,'1','null','null','1','1','2','null','null','null');
insert into ib_conf_form_table_colums(PACKAGENAME,FORMNAME,FORMCOLUMN,FORMCOLUMNTITLE,TABLECOLUMN, TABLENAME,COLUMNNO,FCTYPE,FCWIDTH,FCHEIGHT,FCDISPLAY,FCEDIT,FCQUERY,FCMUST,FCDEFAULT, CONFSELECTINFO) values ('projectmanage','productionSchedule','IB_PRODUCTION_SCHEDULE.PROJECTNAME','项目名称','PROJECTNAME','IB_PRODUCTION_SCHEDULE',2,'1','null','null','1','1','2','null','null','null');
insert into ib_conf_form_table_colums(PACKAGENAME,FORMNAME,FORMCOLUMN,FORMCOLUMNTITLE,TABLECOLUMN, TABLENAME,COLUMNNO,FCTYPE,FCWIDTH,FCHEIGHT,FCDISPLAY,FCEDIT,FCQUERY,FCMUST,FCDEFAULT, CONFSELECTINFO) values ('projectmanage','productionSchedule','IB_PRODUCTION_SCHEDULE.PRODUCTMANAGE','项目负责人','PRODUCTMANAGE','IB_PRODUCTION_SCHEDULE',3,'1','null','null','1','1','2','null','null','null');
insert into ib_conf_form_table_colums(PACKAGENAME,FORMNAME,FORMCOLUMN,FORMCOLUMNTITLE,TABLECOLUMN, TABLENAME,COLUMNNO,FCTYPE,FCWIDTH,FCHEIGHT,FCDISPLAY,FCEDIT,FCQUERY,FCMUST,FCDEFAULT, CONFSELECTINFO) values ('projectmanage','productionSchedule','IB_PRODUCTION_SCHEDULE.CUSTOMERNAME','客户名称','CUSTOMERNAME','IB_PRODUCTION_SCHEDULE',4,'1','null','null','1','1','2','null','null','null');
insert into ib_conf_form_table_colums(PACKAGENAME,FORMNAME,FORMCOLUMN,FORMCOLUMNTITLE,TABLECOLUMN, TABLENAME,COLUMNNO,FCTYPE,FCWIDTH,FCHEIGHT,FCDISPLAY,FCEDIT,FCQUERY,FCMUST,FCDEFAULT, CONFSELECTINFO) values ('projectmanage','productionSchedule','IB_PRODUCTION_SCHEDULE.PLANSTATUS','计划状态','PLANSTATUS','IB_PRODUCTION_SCHEDULE',5,'1','null','null','1','1','2','null','null','null');
insert into ib_conf_form_table_colums(PACKAGENAME,FORMNAME,FORMCOLUMN,FORMCOLUMNTITLE,TABLECOLUMN, TABLENAME,COLUMNNO,FCTYPE,FCWIDTH,FCHEIGHT,FCDISPLAY,FCEDIT,FCQUERY,FCMUST,FCDEFAULT, CONFSELECTINFO) values ('projectmanage','productionSchedule','IB_PRODUCTION_SCHEDULE.ENDCONFIRM','完工确认','ENDCONFIRM','IB_PRODUCTION_SCHEDULE',6,'1','null','null','1','1','2','null','null','null');
insert into ib_conf_form_table_colums(PACKAGENAME,FORMNAME,FORMCOLUMN,FORMCOLUMNTITLE,TABLECOLUMN, TABLENAME,COLUMNNO,FCTYPE,FCWIDTH,FCHEIGHT,FCDISPLAY,FCEDIT,FCQUERY,FCMUST,FCDEFAULT, CONFSELECTINFO) values ('projectmanage','productionSchedule','IB_PRODUCTION_SCHEDULE.POSITION','质检员','POSITION','IB_PRODUCTION_SCHEDULE',7,'1','null','null','1','1','2','null','null','null');
insert into ib_conf_form_table_colums(PACKAGENAME,FORMNAME,FORMCOLUMN,FORMCOLUMNTITLE,TABLECOLUMN, TABLENAME,COLUMNNO,FCTYPE,FCWIDTH,FCHEIGHT,FCDISPLAY,FCEDIT,FCQUERY,FCMUST,FCDEFAULT, CONFSELECTINFO) values ('projectmanage','productionSchedule','IB_PRODUCTION_SCHEDULE_S.BATCHNO','批次号','BATCHNO','IB_PRODUCTION_SCHEDULE_S',2,'1','null','null','1','1','2','null','null','null');
insert into ib_conf_form_table_colums(PACKAGENAME,FORMNAME,FORMCOLUMN,FORMCOLUMNTITLE,TABLECOLUMN, TABLENAME,COLUMNNO,FCTYPE,FCWIDTH,FCHEIGHT,FCDISPLAY,FCEDIT,FCQUERY,FCMUST,FCDEFAULT, CONFSELECTINFO) values ('projectmanage','productionSchedule','IB_PRODUCTION_SCHEDULE_S.PRODUCTTYPE','产品类型','PRODUCTTYPE','IB_PRODUCTION_SCHEDULE_S',3,'1','null','null','1','1','2','null','null','null');
insert into ib_conf_form_table_colums(PACKAGENAME,FORMNAME,FORMCOLUMN,FORMCOLUMNTITLE,TABLECOLUMN, TABLENAME,COLUMNNO,FCTYPE,FCWIDTH,FCHEIGHT,FCDISPLAY,FCEDIT,FCQUERY,FCMUST,FCDEFAULT, CONFSELECTINFO) values ('projectmanage','productionSchedule','IB_PRODUCTION_SCHEDULE_S.PRODUCTFLOWID','产品件号','PRODUCTFLOWID','IB_PRODUCTION_SCHEDULE_S',4,'1','null','null','1','1','2','null','null','null');
insert into ib_conf_form_table_colums(PACKAGENAME,FORMNAME,FORMCOLUMN,FORMCOLUMNTITLE,TABLECOLUMN, TABLENAME,COLUMNNO,FCTYPE,FCWIDTH,FCHEIGHT,FCDISPLAY,FCEDIT,FCQUERY,FCMUST,FCDEFAULT, CONFSELECTINFO) values ('projectmanage','productionSchedule','IB_PRODUCTION_SCHEDULE_S.PRODUCTNO','产品编号','PRODUCTNO','IB_PRODUCTION_SCHEDULE_S',5,'1','null','null','1','1','2','null','null','null');
insert into ib_conf_form_table_colums(PACKAGENAME,FORMNAME,FORMCOLUMN,FORMCOLUMNTITLE,TABLECOLUMN, TABLENAME,COLUMNNO,FCTYPE,FCWIDTH,FCHEIGHT,FCDISPLAY,FCEDIT,FCQUERY,FCMUST,FCDEFAULT, CONFSELECTINFO) values ('projectmanage','productionSchedule','IB_PRODUCTION_SCHEDULE_S.PRODUCTNAME','产品名','PRODUCTNAME','IB_PRODUCTION_SCHEDULE_S',6,'1','null','null','1','1','2','null','null','null');
insert into ib_conf_form_table_colums(PACKAGENAME,FORMNAME,FORMCOLUMN,FORMCOLUMNTITLE,TABLECOLUMN, TABLENAME,COLUMNNO,FCTYPE,FCWIDTH,FCHEIGHT,FCDISPLAY,FCEDIT,FCQUERY,FCMUST,FCDEFAULT, CONFSELECTINFO) values ('projectmanage','productionSchedule','IB_PRODUCTION_SCHEDULE_S.PRODUCTMODEL','规格型号','PRODUCTMODEL','IB_PRODUCTION_SCHEDULE_S',7,'1','null','null','1','1','2','null','null','null');
insert into ib_conf_form_table_colums(PACKAGENAME,FORMNAME,FORMCOLUMN,FORMCOLUMNTITLE,TABLECOLUMN, TABLENAME,COLUMNNO,FCTYPE,FCWIDTH,FCHEIGHT,FCDISPLAY,FCEDIT,FCQUERY,FCMUST,FCDEFAULT, CONFSELECTINFO) values ('projectmanage','productionSchedule','IB_PRODUCTION_SCHEDULE_S.MATERIALNUM','数量','MATERIALNUM','IB_PRODUCTION_SCHEDULE_S',8,'1','null','null','1','1','2','null','null','null');
insert into ib_conf_form_table_colums(PACKAGENAME,FORMNAME,FORMCOLUMN,FORMCOLUMNTITLE,TABLECOLUMN, TABLENAME,COLUMNNO,FCTYPE,FCWIDTH,FCHEIGHT,FCDISPLAY,FCEDIT,FCQUERY,FCMUST,FCDEFAULT, CONFSELECTINFO) values ('projectmanage','productionSchedule','IB_PRODUCTION_SCHEDULE_S.STARTTIME','开始时间','STARTTIME','IB_PRODUCTION_SCHEDULE_S',9,'1','null','null','1','1','2','null','null','null');
insert into ib_conf_form_table_colums(PACKAGENAME,FORMNAME,FORMCOLUMN,FORMCOLUMNTITLE,TABLECOLUMN, TABLENAME,COLUMNNO,FCTYPE,FCWIDTH,FCHEIGHT,FCDISPLAY,FCEDIT,FCQUERY,FCMUST,FCDEFAULT, CONFSELECTINFO) values ('projectmanage','productionSchedule','IB_PRODUCTION_SCHEDULE_S.ENDTIME','结束时间','ENDTIME','IB_PRODUCTION_SCHEDULE_S',10,'1','null','null','1','1','2','null','null','null');
insert into ib_conf_form_table_colums(PACKAGENAME,FORMNAME,FORMCOLUMN,FORMCOLUMNTITLE,TABLECOLUMN, TABLENAME,COLUMNNO,FCTYPE,FCWIDTH,FCHEIGHT,FCDISPLAY,FCEDIT,FCQUERY,FCMUST,FCDEFAULT, CONFSELECTINFO) values ('projectmanage','productionSchedule','IB_PRODUCTION_SCHEDULE_S.PRODUCTIONADDRESS','场地类型','PRODUCTIONADDRESS','IB_PRODUCTION_SCHEDULE_S',11,'1','null','null','1','1','2','null','null','null');
/*======= 表 ==========*/
insert into ib_conf_table(ID,PACKAGENAME,TABLENAME,TABLENAMECOMMENT,TABLETYPE, PARENTTABLEID,ISBPMTABLE) values ('ib_production_schedule001','projectmanage','IB_PRODUCTION_SCHEDULE','项目生产进度表','1','null',1);
insert into ib_conf_table(ID,PACKAGENAME,TABLENAME,TABLENAMECOMMENT,TABLETYPE, PARENTTABLEID,ISBPMTABLE) values ('ib_production_schedule_s001','projectmanage','IB_PRODUCTION_SCHEDULE_S','项目生产进度子表','2','null',1);
/*======= 表字段 ==========*/
insert into ib_conf_table_columns(tableName,columnValue,columnName,columnType,columnSize, isNull,defaultValue,columnNo) values ('IB_PRODUCTION_SCHEDULE','PROJECTNO','项目编号','VARCHAR','64','是','',1);
insert into ib_conf_table_columns(tableName,columnValue,columnName,columnType,columnSize, isNull,defaultValue,columnNo) values ('IB_PRODUCTION_SCHEDULE','PROJECTNAME','项目名称','VARCHAR','64','是','',2);
insert into ib_conf_table_columns(tableName,columnValue,columnName,columnType,columnSize, isNull,defaultValue,columnNo) values ('IB_PRODUCTION_SCHEDULE','PRODUCTMANAGE','项目负责人','VARCHAR','64','是','',3);
insert into ib_conf_table_columns(tableName,columnValue,columnName,columnType,columnSize, isNull,defaultValue,columnNo) values ('IB_PRODUCTION_SCHEDULE','CUSTOMERNAME','客户名称','VARCHAR','64','是','',4);
insert into ib_conf_table_columns(tableName,columnValue,columnName,columnType,columnSize, isNull,defaultValue,columnNo) values ('IB_PRODUCTION_SCHEDULE','PLANSTATUS','计划状态','VARCHAR','32','是','',5);
insert into ib_conf_table_columns(tableName,columnValue,columnName,columnType,columnSize, isNull,defaultValue,columnNo) values ('IB_PRODUCTION_SCHEDULE','ENDCONFIRM','完工确认','VARCHAR','8','是','',6);
insert into ib_conf_table_columns(tableName,columnValue,columnName,columnType,columnSize, isNull,defaultValue,columnNo) values ('IB_PRODUCTION_SCHEDULE','POSITION','质检员','VARCHAR','64','是','',7);
insert into ib_conf_table_columns(tableName,columnValue,columnName,columnType,columnSize, isNull,defaultValue,columnNo) values ('IB_PRODUCTION_SCHEDULE','ID','UUID主键','VARCHAR','64','否','null',91);
insert into ib_conf_table_columns(tableName,columnValue,columnName,columnType,columnSize, isNull,defaultValue,columnNo) values ('IB_PRODUCTION_SCHEDULE','EXECUTIONID','流程执行实例ID','VARCHAR','64','是','null',92);
insert into ib_conf_table_columns(tableName,columnValue,columnName,columnType,columnSize, isNull,defaultValue,columnNo) values ('IB_PRODUCTION_SCHEDULE','CREATEDATEBPM','流程创建时间','DATETIME','','是','null',93);
insert into ib_conf_table_columns(tableName,columnValue,columnName,columnType,columnSize, isNull,defaultValue,columnNo) values ('IB_PRODUCTION_SCHEDULE','NODENAME','流程节点名','VARCHAR','128','是','null',94);
insert into ib_conf_table_columns(tableName,columnValue,columnName,columnType,columnSize, isNull,defaultValue,columnNo) values ('IB_PRODUCTION_SCHEDULE','USERNAME','负责人名','VARCHAR','128','是','null',95);
insert into ib_conf_table_columns(tableName,columnValue,columnName,columnType,columnSize, isNull,defaultValue,columnNo) values ('IB_PRODUCTION_SCHEDULE','ASSIGNEEUSER','负责人','VARCHAR','64','是','null',95);
insert into ib_conf_table_columns(tableName,columnValue,columnName,columnType,columnSize, isNull,defaultValue,columnNo) values ('IB_PRODUCTION_SCHEDULE','DONEFLAG','流程结束标记','INTEGER','4','是','null',96);
insert into ib_conf_table_columns(tableName,columnValue,columnName,columnType,columnSize, isNull,defaultValue,columnNo) values ('IB_PRODUCTION_SCHEDULE','TASKTITLE','流程实例标题','VARCHAR','256','是','null',97);
insert into ib_conf_table_columns(tableName,columnValue,columnName,columnType,columnSize, isNull,defaultValue,columnNo) values ('IB_PRODUCTION_SCHEDULE_S','PARENTID','主表编号','VARCHAR','64','是','',1);
insert into ib_conf_table_columns(tableName,columnValue,columnName,columnType,columnSize, isNull,defaultValue,columnNo) values ('IB_PRODUCTION_SCHEDULE_S','BATCHNO','批次号','VARCHAR','64','是','',2);
insert into ib_conf_table_columns(tableName,columnValue,columnName,columnType,columnSize, isNull,defaultValue,columnNo) values ('IB_PRODUCTION_SCHEDULE_S','PRODUCTTYPE','产品类型','VARCHAR','64','是','',3);
insert into ib_conf_table_columns(tableName,columnValue,columnName,columnType,columnSize, isNull,defaultValue,columnNo) values ('IB_PRODUCTION_SCHEDULE_S','PRODUCTFLOWID','产品件号','VARCHAR','64','是','',4);
insert into ib_conf_table_columns(tableName,columnValue,columnName,columnType,columnSize, isNull,defaultValue,columnNo) values ('IB_PRODUCTION_SCHEDULE_S','PRODUCTNO','产品编号','VARCHAR','64','是','',5);
insert into ib_conf_table_columns(tableName,columnValue,columnName,columnType,columnSize, isNull,defaultValue,columnNo) values ('IB_PRODUCTION_SCHEDULE_S','PRODUCTNAME','产品名','VARCHAR','128','是','',6);
insert into ib_conf_table_columns(tableName,columnValue,columnName,columnType,columnSize, isNull,defaultValue,columnNo) values ('IB_PRODUCTION_SCHEDULE_S','PRODUCTMODEL','规格型号','VARCHAR','64','是','',7);
insert into ib_conf_table_columns(tableName,columnValue,columnName,columnType,columnSize, isNull,defaultValue,columnNo) values ('IB_PRODUCTION_SCHEDULE_S','MATERIALNUM','数量','VARCHAR','10','是','',8);
insert into ib_conf_table_columns(tableName,columnValue,columnName,columnType,columnSize, isNull,defaultValue,columnNo) values ('IB_PRODUCTION_SCHEDULE_S','STARTTIME','开始时间','DATE','0','是','',9);
insert into ib_conf_table_columns(tableName,columnValue,columnName,columnType,columnSize, isNull,defaultValue,columnNo) values ('IB_PRODUCTION_SCHEDULE_S','ENDTIME','结束时间','DATE','0','是','',10);
insert into ib_conf_table_columns(tableName,columnValue,columnName,columnType,columnSize, isNull,defaultValue,columnNo) values ('IB_PRODUCTION_SCHEDULE_S','PRODUCTIONADDRESS','场地类型','VARCHAR','128','是','',11);
insert into ib_conf_table_columns(tableName,columnValue,columnName,columnType,columnSize, isNull,defaultValue,columnNo) values ('IB_PRODUCTION_SCHEDULE_S','ID','UUID主键','VARCHAR','64','否','null',91);

/* ================================================================================   */
/* ==================================  产品质监任务表  =================================   */
/* ================================================================================   */
/*======= 表单 ==========*/
 insert into ib_conf_form(ID,PACKAGENAME,FORMNAME,FORMTITLE,FORMURL, ISEDIT,ISADD,ISDELETE,ISQUERY,ISEXCELEXPORT,ISIMPORTEXPORT,ISBPMFORM) values ('6cd2d9b9-615c-440a-85fb-0baaa5dff938','projectmanage','projectQuality','产品质监任务表','/project_quality/project_quality-list.do',1,1,1,1,1,2,2);
/*======= 表单对应表 ==========*/
insert into ib_conf_form_table(PACKAGENAME,FORMNAME,TABLENAME,TABLETYPE) values ('projectmanage','projectQuality','IB_PROJECT_QUALITY','main');
/*======= 表单字段 ==========*/
insert into ib_conf_form_table_colums(PACKAGENAME,FORMNAME,FORMCOLUMN,FORMCOLUMNTITLE,TABLECOLUMN, TABLENAME,COLUMNNO,FCTYPE,FCWIDTH,FCHEIGHT,FCDISPLAY,FCEDIT,FCQUERY,FCMUST,FCDEFAULT, CONFSELECTINFO) values ('projectmanage','projectQuality','IB_PROJECT_QUALITY.PROJECTNO','项目编号','PROJECTNO','IB_PROJECT_QUALITY',1,'1','null','null','1','1','2','null','null','null');
insert into ib_conf_form_table_colums(PACKAGENAME,FORMNAME,FORMCOLUMN,FORMCOLUMNTITLE,TABLECOLUMN, TABLENAME,COLUMNNO,FCTYPE,FCWIDTH,FCHEIGHT,FCDISPLAY,FCEDIT,FCQUERY,FCMUST,FCDEFAULT, CONFSELECTINFO) values ('projectmanage','projectQuality','IB_PROJECT_QUALITY.BATCHNO','批次号','BATCHNO','IB_PROJECT_QUALITY',2,'1','null','null','1','1','2','null','null','null');
insert into ib_conf_form_table_colums(PACKAGENAME,FORMNAME,FORMCOLUMN,FORMCOLUMNTITLE,TABLECOLUMN, TABLENAME,COLUMNNO,FCTYPE,FCWIDTH,FCHEIGHT,FCDISPLAY,FCEDIT,FCQUERY,FCMUST,FCDEFAULT, CONFSELECTINFO) values ('projectmanage','projectQuality','IB_PROJECT_QUALITY.PRODUCTTYPE','产品类型','PRODUCTTYPE','IB_PROJECT_QUALITY',3,'1','null','null','1','1','2','null','null','null');
insert into ib_conf_form_table_colums(PACKAGENAME,FORMNAME,FORMCOLUMN,FORMCOLUMNTITLE,TABLECOLUMN, TABLENAME,COLUMNNO,FCTYPE,FCWIDTH,FCHEIGHT,FCDISPLAY,FCEDIT,FCQUERY,FCMUST,FCDEFAULT, CONFSELECTINFO) values ('projectmanage','projectQuality','IB_PROJECT_QUALITY.PRODUCTFLOWID','产品件号','PRODUCTFLOWID','IB_PROJECT_QUALITY',4,'1','null','null','1','1','2','null','null','null');
insert into ib_conf_form_table_colums(PACKAGENAME,FORMNAME,FORMCOLUMN,FORMCOLUMNTITLE,TABLECOLUMN, TABLENAME,COLUMNNO,FCTYPE,FCWIDTH,FCHEIGHT,FCDISPLAY,FCEDIT,FCQUERY,FCMUST,FCDEFAULT, CONFSELECTINFO) values ('projectmanage','projectQuality','IB_PROJECT_QUALITY.PRODUCTNO','产品编号','PRODUCTNO','IB_PROJECT_QUALITY',5,'1','null','null','1','1','2','null','null','null');
insert into ib_conf_form_table_colums(PACKAGENAME,FORMNAME,FORMCOLUMN,FORMCOLUMNTITLE,TABLECOLUMN, TABLENAME,COLUMNNO,FCTYPE,FCWIDTH,FCHEIGHT,FCDISPLAY,FCEDIT,FCQUERY,FCMUST,FCDEFAULT, CONFSELECTINFO) values ('projectmanage','projectQuality','IB_PROJECT_QUALITY.PRODUCTNAME','产品名','PRODUCTNAME','IB_PROJECT_QUALITY',6,'1','','','1','1','1','1','','');
insert into ib_conf_form_table_colums(PACKAGENAME,FORMNAME,FORMCOLUMN,FORMCOLUMNTITLE,TABLECOLUMN, TABLENAME,COLUMNNO,FCTYPE,FCWIDTH,FCHEIGHT,FCDISPLAY,FCEDIT,FCQUERY,FCMUST,FCDEFAULT, CONFSELECTINFO) values ('projectmanage','projectQuality','IB_PROJECT_QUALITY.PRODUCTMODEL','规格型号','PRODUCTMODEL','IB_PROJECT_QUALITY',7,'1','null','null','1','1','2','null','null','null');
insert into ib_conf_form_table_colums(PACKAGENAME,FORMNAME,FORMCOLUMN,FORMCOLUMNTITLE,TABLECOLUMN, TABLENAME,COLUMNNO,FCTYPE,FCWIDTH,FCHEIGHT,FCDISPLAY,FCEDIT,FCQUERY,FCMUST,FCDEFAULT, CONFSELECTINFO) values ('projectmanage','projectQuality','IB_PROJECT_QUALITY.MATERIALNUM','数量','MATERIALNUM','IB_PROJECT_QUALITY',8,'1','null','null','1','1','2','null','null','null');
insert into ib_conf_form_table_colums(PACKAGENAME,FORMNAME,FORMCOLUMN,FORMCOLUMNTITLE,TABLECOLUMN, TABLENAME,COLUMNNO,FCTYPE,FCWIDTH,FCHEIGHT,FCDISPLAY,FCEDIT,FCQUERY,FCMUST,FCDEFAULT, CONFSELECTINFO) values ('projectmanage','projectQuality','IB_PROJECT_QUALITY.QUALITYDATE','质检日期','QUALITYDATE','IB_PROJECT_QUALITY',9,'1','null','null','1','1','2','null','null','null');
insert into ib_conf_form_table_colums(PACKAGENAME,FORMNAME,FORMCOLUMN,FORMCOLUMNTITLE,TABLECOLUMN, TABLENAME,COLUMNNO,FCTYPE,FCWIDTH,FCHEIGHT,FCDISPLAY,FCEDIT,FCQUERY,FCMUST,FCDEFAULT, CONFSELECTINFO) values ('projectmanage','projectQuality','IB_PROJECT_QUALITY.QUALITYRESULT','质检结果','QUALITYRESULT','IB_PROJECT_QUALITY',10,'1','null','null','1','1','2','null','null','null');
insert into ib_conf_form_table_colums(PACKAGENAME,FORMNAME,FORMCOLUMN,FORMCOLUMNTITLE,TABLECOLUMN, TABLENAME,COLUMNNO,FCTYPE,FCWIDTH,FCHEIGHT,FCDISPLAY,FCEDIT,FCQUERY,FCMUST,FCDEFAULT, CONFSELECTINFO) values ('projectmanage','projectQuality','IB_PROJECT_QUALITY.QUALITYUSER','质检员','QUALITYUSER','IB_PROJECT_QUALITY',11,'1','null','null','1','1','2','null','null','null');
insert into ib_conf_form_table_colums(PACKAGENAME,FORMNAME,FORMCOLUMN,FORMCOLUMNTITLE,TABLECOLUMN, TABLENAME,COLUMNNO,FCTYPE,FCWIDTH,FCHEIGHT,FCDISPLAY,FCEDIT,FCQUERY,FCMUST,FCDEFAULT, CONFSELECTINFO) values ('projectmanage','projectQuality','IB_PROJECT_QUALITY.QUALITYREPORT','质检报告','QUALITYREPORT','IB_PROJECT_QUALITY',12,'1','null','null','1','1','2','null','null','null');
/*======= 表 ==========*/
insert into ib_conf_table(ID,PACKAGENAME,TABLENAME,TABLENAMECOMMENT,TABLETYPE, PARENTTABLEID,ISBPMTABLE) values ('ib_project_quality001','projectmanage','IB_PROJECT_QUALITY','产品质监任务表','1','null',2);
/*======= 表字段 ==========*/
insert into ib_conf_table_columns(tableName,columnValue,columnName,columnType,columnSize, isNull,defaultValue,columnNo) values ('IB_PROJECT_QUALITY','PROJECTNO','项目编号','VARCHAR','64','是','',1);
insert into ib_conf_table_columns(tableName,columnValue,columnName,columnType,columnSize, isNull,defaultValue,columnNo) values ('IB_PROJECT_QUALITY','BATCHNO','批次号','VARCHAR','64','是','',2);
insert into ib_conf_table_columns(tableName,columnValue,columnName,columnType,columnSize, isNull,defaultValue,columnNo) values ('IB_PROJECT_QUALITY','PRODUCTTYPE','产品类型','VARCHAR','64','是','',3);
insert into ib_conf_table_columns(tableName,columnValue,columnName,columnType,columnSize, isNull,defaultValue,columnNo) values ('IB_PROJECT_QUALITY','PRODUCTFLOWID','产品件号','VARCHAR','64','是','',4);
insert into ib_conf_table_columns(tableName,columnValue,columnName,columnType,columnSize, isNull,defaultValue,columnNo) values ('IB_PROJECT_QUALITY','PRODUCTNO','产品编号','VARCHAR','64','是','',5);
insert into ib_conf_table_columns(tableName,columnValue,columnName,columnType,columnSize, isNull,defaultValue,columnNo) values ('IB_PROJECT_QUALITY','PRODUCTNAME','产品名','VARCHAR','128','是','',6);
insert into ib_conf_table_columns(tableName,columnValue,columnName,columnType,columnSize, isNull,defaultValue,columnNo) values ('IB_PROJECT_QUALITY','PRODUCTMODEL','规格型号','VARCHAR','64','是','',7);
insert into ib_conf_table_columns(tableName,columnValue,columnName,columnType,columnSize, isNull,defaultValue,columnNo) values ('IB_PROJECT_QUALITY','MATERIALNUM','数量','NUMBER','10','是','',8);
insert into ib_conf_table_columns(tableName,columnValue,columnName,columnType,columnSize, isNull,defaultValue,columnNo) values ('IB_PROJECT_QUALITY','QUALITYDATE','质检日期','DATE','0','是','',9);
insert into ib_conf_table_columns(tableName,columnValue,columnName,columnType,columnSize, isNull,defaultValue,columnNo) values ('IB_PROJECT_QUALITY','QUALITYRESULT','质检结果','VARCHAR','16','是','',10);
insert into ib_conf_table_columns(tableName,columnValue,columnName,columnType,columnSize, isNull,defaultValue,columnNo) values ('IB_PROJECT_QUALITY','QUALITYUSER','质检员','VARCHAR','64','是','',11);
insert into ib_conf_table_columns(tableName,columnValue,columnName,columnType,columnSize, isNull,defaultValue,columnNo) values ('IB_PROJECT_QUALITY','QUALITYREPORT','质检报告','VARCHAR','512','是','',12);
insert into ib_conf_table_columns(tableName,columnValue,columnName,columnType,columnSize, isNull,defaultValue,columnNo) values ('IB_PROJECT_QUALITY','ID','UUID主键','VARCHAR','64','否','null',91);

/* ================================================================================   */
/* ==================================  作废产品原料清单  =================================   */
/* ================================================================================   */
/*======= 表单 ==========*/
 insert into ib_conf_form(ID,PACKAGENAME,FORMNAME,FORMTITLE,FORMURL, ISEDIT,ISADD,ISDELETE,ISQUERY,ISEXCELEXPORT,ISIMPORTEXPORT,ISBPMFORM) values ('a62935e4-a8a3-4dbb-9a97-73814f045adb','projectmanage','materialWaste','作废产品原料清单','/material_waste/material_waste-list.do',1,1,1,1,1,2,2);
/*======= 表单对应表 ==========*/
insert into ib_conf_form_table(PACKAGENAME,FORMNAME,TABLENAME,TABLETYPE) values ('projectmanage','materialWaste','IB_MATERIAL_WASTE','main');
/*======= 表单字段 ==========*/
insert into ib_conf_form_table_colums(PACKAGENAME,FORMNAME,FORMCOLUMN,FORMCOLUMNTITLE,TABLECOLUMN, TABLENAME,COLUMNNO,FCTYPE,FCWIDTH,FCHEIGHT,FCDISPLAY,FCEDIT,FCQUERY,FCMUST,FCDEFAULT, CONFSELECTINFO) values ('projectmanage','materialWaste','IB_MATERIAL_WASTE.MATERIALNO','原料编号','MATERIALNO','IB_MATERIAL_WASTE',1,'1','null','null','1','1','2','null','null','null');
insert into ib_conf_form_table_colums(PACKAGENAME,FORMNAME,FORMCOLUMN,FORMCOLUMNTITLE,TABLECOLUMN, TABLENAME,COLUMNNO,FCTYPE,FCWIDTH,FCHEIGHT,FCDISPLAY,FCEDIT,FCQUERY,FCMUST,FCDEFAULT, CONFSELECTINFO) values ('projectmanage','materialWaste','IB_MATERIAL_WASTE.MATERIALNAME','原料名称','MATERIALNAME','IB_MATERIAL_WASTE',2,'1','','','1','1','1','1','','');
insert into ib_conf_form_table_colums(PACKAGENAME,FORMNAME,FORMCOLUMN,FORMCOLUMNTITLE,TABLECOLUMN, TABLENAME,COLUMNNO,FCTYPE,FCWIDTH,FCHEIGHT,FCDISPLAY,FCEDIT,FCQUERY,FCMUST,FCDEFAULT, CONFSELECTINFO) values ('projectmanage','materialWaste','IB_MATERIAL_WASTE.MODEL','规格型号','MODEL','IB_MATERIAL_WASTE',3,'1','null','null','1','1','2','null','null','null');
insert into ib_conf_form_table_colums(PACKAGENAME,FORMNAME,FORMCOLUMN,FORMCOLUMNTITLE,TABLECOLUMN, TABLENAME,COLUMNNO,FCTYPE,FCWIDTH,FCHEIGHT,FCDISPLAY,FCEDIT,FCQUERY,FCMUST,FCDEFAULT, CONFSELECTINFO) values ('projectmanage','materialWaste','IB_MATERIAL_WASTE.MATERIALNUM','数量','MATERIALNUM','IB_MATERIAL_WASTE',4,'1','null','null','1','1','2','null','null','null');
insert into ib_conf_form_table_colums(PACKAGENAME,FORMNAME,FORMCOLUMN,FORMCOLUMNTITLE,TABLECOLUMN, TABLENAME,COLUMNNO,FCTYPE,FCWIDTH,FCHEIGHT,FCDISPLAY,FCEDIT,FCQUERY,FCMUST,FCDEFAULT, CONFSELECTINFO) values ('projectmanage','materialWaste','IB_MATERIAL_WASTE.CURRENTSTATUS','目前状态','CURRENTSTATUS','IB_MATERIAL_WASTE',5,'1','null','null','1','1','2','null','null','null');
insert into ib_conf_form_table_colums(PACKAGENAME,FORMNAME,FORMCOLUMN,FORMCOLUMNTITLE,TABLECOLUMN, TABLENAME,COLUMNNO,FCTYPE,FCWIDTH,FCHEIGHT,FCDISPLAY,FCEDIT,FCQUERY,FCMUST,FCDEFAULT, CONFSELECTINFO) values ('projectmanage','materialWaste','IB_MATERIAL_WASTE.PROCESSINGRESULTS','处理结果','PROCESSINGRESULTS','IB_MATERIAL_WASTE',6,'1','null','null','1','1','2','null','null','null');
/*======= 表 ==========*/
insert into ib_conf_table(ID,PACKAGENAME,TABLENAME,TABLENAMECOMMENT,TABLETYPE, PARENTTABLEID,ISBPMTABLE) values ('ib_material_waste001','projectmanage','IB_MATERIAL_WASTE','作废产品原料清单','1','null',2);
/*======= 表字段 ==========*/
insert into ib_conf_table_columns(tableName,columnValue,columnName,columnType,columnSize, isNull,defaultValue,columnNo) values ('IB_MATERIAL_WASTE','MATERIALNO','原料编号','VARCHAR','32','是','',1);
insert into ib_conf_table_columns(tableName,columnValue,columnName,columnType,columnSize, isNull,defaultValue,columnNo) values ('IB_MATERIAL_WASTE','MATERIALNAME','原料名称','VARCHAR','64','是','',2);
insert into ib_conf_table_columns(tableName,columnValue,columnName,columnType,columnSize, isNull,defaultValue,columnNo) values ('IB_MATERIAL_WASTE','MODEL','规格型号','VARCHAR','32','是','',3);
insert into ib_conf_table_columns(tableName,columnValue,columnName,columnType,columnSize, isNull,defaultValue,columnNo) values ('IB_MATERIAL_WASTE','MATERIALNUM','数量','NUMBER','10','是','',4);
insert into ib_conf_table_columns(tableName,columnValue,columnName,columnType,columnSize, isNull,defaultValue,columnNo) values ('IB_MATERIAL_WASTE','CURRENTSTATUS','目前状态','VARCHAR','10','是','',5);
insert into ib_conf_table_columns(tableName,columnValue,columnName,columnType,columnSize, isNull,defaultValue,columnNo) values ('IB_MATERIAL_WASTE','PROCESSINGRESULTS','处理结果','VARCHAR','512','是','',6);
insert into ib_conf_table_columns(tableName,columnValue,columnName,columnType,columnSize, isNull,defaultValue,columnNo) values ('IB_MATERIAL_WASTE','ID','UUID主键','VARCHAR','64','否','null',91);
