/* ==========================================================================================  */
/* =============================  IB_CONF_COMPONENT 业务模块组件管理表    =============================  */
/* ==========================================================================================  */
INSERT INTO IB_CONF_COMPONENT(ID,PACKAGENAME,MODULENAME,PARENTID,TYPEID) VALUES('budgetmanage0000','budgetmanage','预算管理','0','sModule');
INSERT INTO IB_CONF_COMPONENT(ID,PACKAGENAME,MODULENAME,PARENTID,TYPEID) VALUES('budgetmanage0001','budgetmanage','表存储设计器','budgetmanage0000','Table');
INSERT INTO IB_CONF_COMPONENT(ID,PACKAGENAME,MODULENAME,PARENTID,TYPEID) VALUES('budgetmanage0002','budgetmanage','表单设计器','budgetmanage0000','Form');
INSERT INTO IB_CONF_COMPONENT(ID,PACKAGENAME,MODULENAME,PARENTID,TYPEID) VALUES('budgetmanage0003','budgetmanage','流程表设计器','budgetmanage0000','BpmTable');
INSERT INTO IB_CONF_COMPONENT(ID,PACKAGENAME,MODULENAME,PARENTID,TYPEID) VALUES('budgetmanage0004','budgetmanage','流程表单设计器','budgetmanage0000','BpmForm');
INSERT INTO IB_CONF_COMPONENT(ID,PACKAGENAME,MODULENAME,PARENTID,TYPEID) VALUES('budgetmanage0005','budgetmanage','流程设计器','budgetmanage0000','Bpm');
/* ================= 菜单管理表  ==================   */
INSERT INTO IB_MENU(ID,MENUNAME,MENULEVEL,MENUURL,MENUIFRAME,MENUORDER,PARENTID) VALUES('budgetmanageOne','预算管理','1','#','URL','5','0');
INSERT INTO IB_MENU(ID,MENUNAME,MENULEVEL,MENUURL,MENUIFRAME,MENUORDER,PARENTID) VALUES('budgetmanageTwo1','年度预算 ','2','#','URL','1','budgetmanageOne');
INSERT INTO IB_MENU(ID,MENUNAME,MENULEVEL,MENUURL,MENUIFRAME,MENUORDER,PARENTID) VALUES('budgetmanageTwo2','月度预算 ','2','#','URL','2','budgetmanageOne');
INSERT INTO IB_MENU(ID,MENUNAME,MENULEVEL,MENUURL,MENUIFRAME,MENUORDER,PARENTID) VALUES('budgetmanageTwo3','基础信息','2','#','URL','3','budgetmanageOne');
INSERT INTO IB_MENU(ID,MENUNAME,MENULEVEL,MENUURL,MENUIFRAME,MENUORDER,PARENTID) VALUES('budgetmanageTwo4','预算信息','2','#','URL','5','budgetmanageOne');
INSERT INTO IB_MENU(ID,MENUNAME,MENULEVEL,MENUURL,MENUIFRAME,MENUORDER,PARENTID) VALUES('budgetmanageThree12','经营预算年度计划申报流程','3','/operatbudgetplan/operatbudgetplan-list.do?flowType=0&flowId=operatBudgetPlan001','URL','2','budgetmanageTwo1');
INSERT INTO IB_MENU(ID,MENUNAME,MENULEVEL,MENUURL,MENUIFRAME, MENUORDER,PARENTID) VALUES('budgetmanageThree13','年度经营预算材料计划汇总流程','3','/annualmaterialplan/annualmaterialplan-list.do?flowType=0&flowId=annualMaterialPlan001','URL','3','budgetmanageTwo1');
INSERT INTO IB_MENU(ID,MENUNAME,MENULEVEL,MENUURL,MENUIFRAME, MENUORDER,PARENTID) VALUES('budgetmanageThree14','经营预算年度计划增补、变更流程','3','/annualchangeplan/annualchangeplan-list.do?flowType=0&flowId=annualChangePlan001','URL','4','budgetmanageTwo1');
INSERT INTO IB_MENU(ID,MENUNAME,MENULEVEL,MENUURL,MENUIFRAME, MENUORDER,PARENTID) VALUES('budgetmanageThree21','经营预算月计划流程','3','/monthbudgetplan/monthbudgetplan-list.do?flowType=0&flowId=monthBudgetPlan001','URL','1','budgetmanageTwo2');
INSERT INTO IB_MENU(ID,MENUNAME,MENULEVEL,MENUURL,MENUIFRAME, MENUORDER,PARENTID) VALUES('budgetmanageThree22','经营预算月计划执行流程','3','/monthbudgetreal/monthbudgetreal-list.do?flowType=0&flowId=monthBudgetReal001','URL','2','budgetmanageTwo2');
INSERT INTO IB_MENU(ID,MENUNAME,MENULEVEL,MENUURL,MENUIFRAME, MENUORDER,PARENTID) VALUES('budgetmanageThree23','预算月度计划执行情况分析汇总流程','3','/monthplananalysis/monthplananalysis-list.do?flowType=0&flowId=monthPlanAnalysis001','URL','3','budgetmanageTwo2');

INSERT INTO IB_MENU(ID,MENUNAME,MENULEVEL,MENUURL,MENUIFRAME,MENUORDER,PARENTID) VALUES('budgetmanageThree41','经营预算年度数据','3','/operatbudgetyear/operatbudgetyear-list.do','URL','1','budgetmanageTwo4');

/*===============   菜单和角色模板关联表  =============================*/
INSERT INTO IB_MENU_ROLE_DEF(MENU_ID,ROLE_DEF_ID) VALUES('budgetmanageOne','2');
INSERT INTO IB_MENU_ROLE_DEF(MENU_ID,ROLE_DEF_ID) VALUES('budgetmanageTwo1','2');
INSERT INTO IB_MENU_ROLE_DEF(MENU_ID,ROLE_DEF_ID) VALUES('budgetmanageTwo2','2');
INSERT INTO IB_MENU_ROLE_DEF(MENU_ID,ROLE_DEF_ID) VALUES('budgetmanageTwo3','2');
INSERT INTO IB_MENU_ROLE_DEF(MENU_ID,ROLE_DEF_ID) VALUES('budgetmanageTwo4','2');
INSERT INTO IB_MENU_ROLE_DEF(MENU_ID,ROLE_DEF_ID) VALUES('budgetmanageThree11','2');
INSERT INTO IB_MENU_ROLE_DEF(MENU_ID,ROLE_DEF_ID) VALUES('budgetmanageThree12','2');
INSERT INTO IB_MENU_ROLE_DEF(MENU_ID,ROLE_DEF_ID) VALUES('budgetmanageThree14','2');

/* ================================================================================   */
/* ================================   经营预算年度数据表      =================================   */
/* ================================================================================   */
/*======= 表单 ==========*/
 insert into ib_conf_form(ID,PACKAGENAME,FORMNAME,FORMTITLE,FORMURL, ISEDIT,ISADD,ISDELETE,ISQUERY,ISEXCELEXPORT,ISIMPORTEXPORT,ISBPMFORM) values ('0e7b534c-f8c3-4569-a8b6-9739dd5fd9d0','budgetmanage','OperatBudgetYear','经营预算年度数据','/operatbudgetyear/operatbudgetyear-list.do',1,1,1,1,1,2,2);
/*======= 表单对应表 ==========*/
insert into ib_conf_form_table(PACKAGENAME,FORMNAME,TABLENAME,TABLETYPE) values ('budgetmanage','OperatBudgetYear','IB_OPERATBUDGETYEAR','main');
/*======= 表单字段 ==========*/
insert into ib_conf_form_table_colums(PACKAGENAME,FORMNAME,FORMCOLUMN,FORMCOLUMNTITLE,TABLECOLUMN, TABLENAME,COLUMNNO,FCTYPE,FCWIDTH,FCHEIGHT,FCDISPLAY,FCEDIT,FCQUERY,FCMUST,FCDEFAULT, CONFSELECTINFO) values ('budgetmanage','OperatBudgetYear','IB_OPERATBUDGETYEAR.PLANYEAR','计划年','PLANYEAR','IB_OPERATBUDGETYEAR',1,'1','','','1','1','1','1','','');
insert into ib_conf_form_table_colums(PACKAGENAME,FORMNAME,FORMCOLUMN,FORMCOLUMNTITLE,TABLECOLUMN, TABLENAME,COLUMNNO,FCTYPE,FCWIDTH,FCHEIGHT,FCDISPLAY,FCEDIT,FCQUERY,FCMUST,FCDEFAULT, CONFSELECTINFO) values ('budgetmanage','OperatBudgetYear','IB_OPERATBUDGETYEAR.PROJECTTYPE','资金项目类别','PROJECTTYPE','IB_OPERATBUDGETYEAR',2,'1','','','1','1','2','','','');
insert into ib_conf_form_table_colums(PACKAGENAME,FORMNAME,FORMCOLUMN,FORMCOLUMNTITLE,TABLECOLUMN, TABLENAME,COLUMNNO,FCTYPE,FCWIDTH,FCHEIGHT,FCDISPLAY,FCEDIT,FCQUERY,FCMUST,FCDEFAULT, CONFSELECTINFO) values ('budgetmanage','OperatBudgetYear','IB_OPERATBUDGETYEAR.PROJECTNAME','项目计划名称','PROJECTNAME','IB_OPERATBUDGETYEAR',3,'1','','','1','1','2','','','');
insert into ib_conf_form_table_colums(PACKAGENAME,FORMNAME,FORMCOLUMN,FORMCOLUMNTITLE,TABLECOLUMN, TABLENAME,COLUMNNO,FCTYPE,FCWIDTH,FCHEIGHT,FCDISPLAY,FCEDIT,FCQUERY,FCMUST,FCDEFAULT, CONFSELECTINFO) values ('budgetmanage','OperatBudgetYear','IB_OPERATBUDGETYEAR.CHANGEPLANAM','变更前计划数','CHANGEPLANAM','IB_OPERATBUDGETYEAR',4,'1','','','1','1','2','','','');
insert into ib_conf_form_table_colums(PACKAGENAME,FORMNAME,FORMCOLUMN,FORMCOLUMNTITLE,TABLECOLUMN, TABLENAME,COLUMNNO,FCTYPE,FCWIDTH,FCHEIGHT,FCDISPLAY,FCEDIT,FCQUERY,FCMUST,FCDEFAULT, CONFSELECTINFO) values ('budgetmanage','OperatBudgetYear','IB_OPERATBUDGETYEAR.ADDPLANAMOUNT','项目增补变更计划数','ADDPLANAMOUNT','IB_OPERATBUDGETYEAR',5,'1','','','1','1','2','','','');
insert into ib_conf_form_table_colums(PACKAGENAME,FORMNAME,FORMCOLUMN,FORMCOLUMNTITLE,TABLECOLUMN, TABLENAME,COLUMNNO,FCTYPE,FCWIDTH,FCHEIGHT,FCDISPLAY,FCEDIT,FCQUERY,FCMUST,FCDEFAULT, CONFSELECTINFO) values ('budgetmanage','OperatBudgetYear','IB_OPERATBUDGETYEAR.PLANAMOUNT','现计划数','PLANAMOUNT','IB_OPERATBUDGETYEAR',6,'1','','','1','1','2','','','');
insert into ib_conf_form_table_colums(PACKAGENAME,FORMNAME,FORMCOLUMN,FORMCOLUMNTITLE,TABLECOLUMN, TABLENAME,COLUMNNO,FCTYPE,FCWIDTH,FCHEIGHT,FCDISPLAY,FCEDIT,FCQUERY,FCMUST,FCDEFAULT, CONFSELECTINFO) values ('budgetmanage','OperatBudgetYear','IB_OPERATBUDGETYEAR.YEARPLANBALANCE','年计划数余额','YEARPLANBALANCE','IB_OPERATBUDGETYEAR',7,'1','','','1','1','2','','','');
insert into ib_conf_form_table_colums(PACKAGENAME,FORMNAME,FORMCOLUMN,FORMCOLUMNTITLE,TABLECOLUMN, TABLENAME,COLUMNNO,FCTYPE,FCWIDTH,FCHEIGHT,FCDISPLAY,FCEDIT,FCQUERY,FCMUST,FCDEFAULT, CONFSELECTINFO) values ('budgetmanage','OperatBudgetYear','IB_OPERATBUDGETYEAR.AMOUNT','实际发生数','AMOUNT','IB_OPERATBUDGETYEAR',8,'1','','','1','1','2','','','');
insert into ib_conf_form_table_colums(PACKAGENAME,FORMNAME,FORMCOLUMN,FORMCOLUMNTITLE,TABLECOLUMN, TABLENAME,COLUMNNO,FCTYPE,FCWIDTH,FCHEIGHT,FCDISPLAY,FCEDIT,FCQUERY,FCMUST,FCDEFAULT, CONFSELECTINFO) values ('budgetmanage','OperatBudgetYear','IB_OPERATBUDGETYEAR.DEPT','所属部门','DEPT','IB_OPERATBUDGETYEAR',9,'1','','','1','1','2','','','');
/*======= 表 ==========*/
insert into ib_conf_table(ID,PACKAGENAME,TABLENAME,TABLENAMECOMMENT,TABLETYPE, PARENTTABLEID,ISBPMTABLE) values ('ib_operatbudgetyear001','budgetmanage','IB_OPERATBUDGETYEAR','经营预算年度数据表','1','',2);
/*======= 表字段 ==========*/
insert into ib_conf_table_columns(tableName,columnValue,columnName,columnType,columnSize, isNull,defaultValue,columnNo) values ('IB_OPERATBUDGETYEAR','PLANYEAR','计划年','VARCHAR','32','是','',1);
insert into ib_conf_table_columns(tableName,columnValue,columnName,columnType,columnSize, isNull,defaultValue,columnNo) values ('IB_OPERATBUDGETYEAR','PROJECTTYPE','资金项目类别','VARCHAR','128','是','',2);
insert into ib_conf_table_columns(tableName,columnValue,columnName,columnType,columnSize, isNull,defaultValue,columnNo) values ('IB_OPERATBUDGETYEAR','PROJECTNAME','项目计划名称','VARCHAR','256','是','',3);
insert into ib_conf_table_columns(tableName,columnValue,columnName,columnType,columnSize, isNull,defaultValue,columnNo) values ('IB_OPERATBUDGETYEAR','CHANGEPLANAM','变更前计划数','NUMBER','12,2','是','',4);
insert into ib_conf_table_columns(tableName,columnValue,columnName,columnType,columnSize, isNull,defaultValue,columnNo) values ('IB_OPERATBUDGETYEAR','ADDPLANAMOUNT','项目增补变更计划数','NUMBER','12,2','是','',5);
insert into ib_conf_table_columns(tableName,columnValue,columnName,columnType,columnSize, isNull,defaultValue,columnNo) values ('IB_OPERATBUDGETYEAR','PLANAMOUNT','现计划数','NUMBER','12,2','是','',6);
insert into ib_conf_table_columns(tableName,columnValue,columnName,columnType,columnSize, isNull,defaultValue,columnNo) values ('IB_OPERATBUDGETYEAR','YEARPLANBALANCE','年计划数余额','NUMBER','12,2','是','',7);
insert into ib_conf_table_columns(tableName,columnValue,columnName,columnType,columnSize, isNull,defaultValue,columnNo) values ('IB_OPERATBUDGETYEAR','AMOUNT','实际发生数','NUMBER','12,2','是','',8);
insert into ib_conf_table_columns(tableName,columnValue,columnName,columnType,columnSize, isNull,defaultValue,columnNo) values ('IB_OPERATBUDGETYEAR','DEPT','所属部门','VARCHAR','128','是','',9);
insert into ib_conf_table_columns(tableName,columnValue,columnName,columnType,columnSize, isNull,defaultValue,columnNo) values ('IB_OPERATBUDGETYEAR','ID','UUID主键','VARCHAR','64','否','',91);

/* ================================================================================   */
/* ========================= 经营预算年度计划申报流程 =================================  */
/* ================================================================================   */
/*======= 流程 ==========*/
INSERT INTO IB_BPM_PROCESS(ID,PACKAGENAME,FLOWNAME,FLOWTITLE,VERSIONID, FORMID,FLOWURL) VALUES('operatBudgetPlan001','budgetmanage','operatBudgetPlan','经营预算年度计划申报流程','4371a746-b0bb-4b28-849d-b6bc552c2516','af21e2bf-3730-4fc8-af09-b91acba146d7','/operatbudgetplan/operatbudgetplan-list.do?flowType=0&flowId=operatBudgetPlan001');
/*======= 流程图 ==========*/
insert into ib_conf_flow_chart(ID,FLOWID,ITEMID,NODEID,CONTEXT) values ('0501c8f9-f5b3-4806-883f-9e80c3382839','operatBudgetPlan001','f0710dd7-9901-48b7-8918-303f5596f99b','','{"id":"f0710dd7-9901-48b7-8918-303f5596f99b","name":"计划员确认","type":"TaskNode","title":"计划员确认","x":"800","y":"395","width":"100","height":"50","headLineIds":"2d36317f-96cf-451c-9261-0cf1cdf9713a","afterLineIds":"c0c60d23-f875-4835-aca5-b6bcdcc375ac"}');
insert into ib_conf_flow_chart(ID,FLOWID,ITEMID,NODEID,CONTEXT) values ('40bbb107-fbb7-42fc-99b6-83b4abe61dc0','operatBudgetPlan001','e388ff26-8ddd-4c2b-87cc-e994e1966a6c','','{"id":"e388ff26-8ddd-4c2b-87cc-e994e1966a6c","name":"泳道","type":"Lane","title":"计划员确认","x":"0","y":"370","width":"35","height":"110"}');
insert into ib_conf_flow_chart(ID,FLOWID,ITEMID,NODEID,CONTEXT) values ('4366812d-4126-4ab4-b298-d67e928f9cd9','operatBudgetPlan001','2cc8af70-cd65-438d-96ac-a5f3f437d197','','{"id":"2cc8af70-cd65-438d-96ac-a5f3f437d197","name":"线","type":"Line","title":"部门经理","x":"0","y":"150","realPoints":"250,115,250,200,400,200","startElmId":"d1ffea25-f486-470b-bcfe-124f84b2fc85","endElmId":"5dcca084-43f4-42ff-a820-4163979e281e"}');
insert into ib_conf_flow_chart(ID,FLOWID,ITEMID,NODEID,CONTEXT) values ('5a200b95-8356-4150-8df3-0cd3f4bb6200','operatBudgetPlan001','68b3f778-7d52-40ce-89ca-f60a192c3e40','','{"id":"68b3f778-7d52-40ce-89ca-f60a192c3e40","name":"泳道","type":"Lane","title":"发起","x":"0","y":"40","width":"35","height":"110"}');
insert into ib_conf_flow_chart(ID,FLOWID,ITEMID,NODEID,CONTEXT) values ('67108baa-d017-4f15-bfa5-944b7dfbd655','operatBudgetPlan001','d1ffea25-f486-470b-bcfe-124f84b2fc85','','{"id":"d1ffea25-f486-470b-bcfe-124f84b2fc85","name":"发起","type":"TaskNode","title":"发起","x":"200","y":"65","width":"100","height":"50","headLineIds":"81911031-9097-48b1-8890-aad7e1242888","afterLineIds":"2cc8af70-cd65-438d-96ac-a5f3f437d197"}');
insert into ib_conf_flow_chart(ID,FLOWID,ITEMID,NODEID,CONTEXT) values ('81c4f717-6d8d-44ba-830b-4c30bf201dc1','operatBudgetPlan001','42cac0a1-bf12-4353-9659-e2127858975e','','{"id":"42cac0a1-bf12-4353-9659-e2127858975e","name":"泳道","type":"Lane","title":"部门经理","x":"0","y":"150","width":"35","height":"110"}');
insert into ib_conf_flow_chart(ID,FLOWID,ITEMID,NODEID,CONTEXT) values ('8b8cdd1b-c12e-4784-9191-0fef626c3cbf','operatBudgetPlan001','8d7d9bf9-11ae-4b5e-9e07-08390f32757b','','{"id":"8d7d9bf9-11ae-4b5e-9e07-08390f32757b","name":"线","type":"Line","title":"总经理","x":"0","y":"260","realPoints":"450,225,450,310,600,310","startElmId":"5dcca084-43f4-42ff-a820-4163979e281e","endElmId":"639e5b7e-e870-4dc8-a6b6-7252b007a2aa"}');
insert into ib_conf_flow_chart(ID,FLOWID,ITEMID,NODEID,CONTEXT) values ('a088348e-bcf1-4f8d-b238-73f73d6c906c','operatBudgetPlan001','c0c60d23-f875-4835-aca5-b6bcdcc375ac','','{"id":"c0c60d23-f875-4835-aca5-b6bcdcc375ac","name":"线","type":"Line","title":"计划员确认","x":"0","y":"370","realPoints":"900,420,950,420,950,420","startElmId":"f0710dd7-9901-48b7-8918-303f5596f99b","endElmId":"369d9d47-9ea3-4c7e-b41f-1182a682455c"}');
insert into ib_conf_flow_chart(ID,FLOWID,ITEMID,NODEID,CONTEXT) values ('a26aa5ce-d7bb-4a47-b6dd-29b0a654d89e','operatBudgetPlan001','3816d635-56f4-47fb-a76a-7099e000397b','','{"id":"3816d635-56f4-47fb-a76a-7099e000397b","name":"泳道","type":"Lane","title":"总经理","x":"0","y":"260","width":"35","height":"110"}');
insert into ib_conf_flow_chart(ID,FLOWID,ITEMID,NODEID,CONTEXT) values ('a30cfa2d-03c9-4642-89da-0f8dfa00d540','operatBudgetPlan001','639e5b7e-e870-4dc8-a6b6-7252b007a2aa','','{"id":"639e5b7e-e870-4dc8-a6b6-7252b007a2aa","name":"总经理","type":"TaskNode","title":"总经理","x":"600","y":"285","width":"100","height":"50","headLineIds":"8d7d9bf9-11ae-4b5e-9e07-08390f32757b","afterLineIds":"2d36317f-96cf-451c-9261-0cf1cdf9713a"}');
insert into ib_conf_flow_chart(ID,FLOWID,ITEMID,NODEID,CONTEXT) values ('b17e3497-ece8-478a-83a1-386cc84d0439','operatBudgetPlan001','369d9d47-9ea3-4c7e-b41f-1182a682455c','','{"id":"369d9d47-9ea3-4c7e-b41f-1182a682455c","name":"结束节点","type":"EndNode","title":"结束","x":"950","y":"395","width":"50","height":"50","headLineIds":"c0c60d23-f875-4835-aca5-b6bcdcc375ac"}');
insert into ib_conf_flow_chart(ID,FLOWID,ITEMID,NODEID,CONTEXT) values ('c4a28030-9c3e-45b6-a4ba-3a10cbe6f887','operatBudgetPlan001','5dcca084-43f4-42ff-a820-4163979e281e','','{"id":"5dcca084-43f4-42ff-a820-4163979e281e","name":"部门经理","type":"TaskNode","title":"部门经理","x":"400","y":"175","width":"100","height":"50","headLineIds":"2cc8af70-cd65-438d-96ac-a5f3f437d197","afterLineIds":"8d7d9bf9-11ae-4b5e-9e07-08390f32757b"}');
insert into ib_conf_flow_chart(ID,FLOWID,ITEMID,NODEID,CONTEXT) values ('d82b2126-1b98-41f1-8109-4960e9b042c5','operatBudgetPlan001','f5283262-d8cd-454b-9d0f-13e95914c302','','{"id":"f5283262-d8cd-454b-9d0f-13e95914c302","name":"开始节点","type":"StartNode","title":"开始节点","x":"70","y":"65","width":"50","height":"50","afterLineIds":"81911031-9097-48b1-8890-aad7e1242888"}');
insert into ib_conf_flow_chart(ID,FLOWID,ITEMID,NODEID,CONTEXT) values ('efdb3129-f9de-4646-a8b8-5bd18a959128','operatBudgetPlan001','81911031-9097-48b1-8890-aad7e1242888','','{"id":"81911031-9097-48b1-8890-aad7e1242888","name":"线","type":"Line","title":"发起","x":"0","y":"40","realPoints":"120,90,200,90","startElmId":"f5283262-d8cd-454b-9d0f-13e95914c302","endElmId":"d1ffea25-f486-470b-bcfe-124f84b2fc85"}');
insert into ib_conf_flow_chart(ID,FLOWID,ITEMID,NODEID,CONTEXT) values ('fd6afd8e-3eca-44cd-b5ec-a356be6edb31','operatBudgetPlan001','2d36317f-96cf-451c-9261-0cf1cdf9713a','','{"id":"2d36317f-96cf-451c-9261-0cf1cdf9713a","name":"线","type":"Line","title":"计划员确认","x":"0","y":"370","realPoints":"650,335,650,420,800,420","startElmId":"639e5b7e-e870-4dc8-a6b6-7252b007a2aa","endElmId":"f0710dd7-9901-48b7-8918-303f5596f99b"}');
/*======= 表单 ==========*/
 insert into ib_conf_form(ID,PACKAGENAME,FORMNAME,FORMTITLE,FORMURL, ISEDIT,ISADD,ISDELETE,ISQUERY,ISEXCELEXPORT,ISIMPORTEXPORT,ISBPMFORM) values ('af21e2bf-3730-4fc8-af09-b91acba146d7','budgetmanage','operatBudgetPlan','经营预算年度计划申报表','/operatbudgetplan/operatbudgetplan-list.do',1,1,1,2,2,2,1);
/*======= 表单对应表 ==========*/
insert into ib_conf_form_table(PACKAGENAME,FORMNAME,TABLENAME,TABLETYPE) values ('budgetmanage','operatBudgetPlan','IB_OPERATBUDGETPLAN','main');
insert into ib_conf_form_table(PACKAGENAME,FORMNAME,TABLENAME,TABLETYPE) values ('budgetmanage','operatBudgetPlan','IB_OPERATBUDGETPLAN_S','sub');
/*======= 表单字段 ==========*/
insert into ib_conf_form_table_colums(PACKAGENAME,FORMNAME,FORMCOLUMN,FORMCOLUMNTITLE,TABLECOLUMN, TABLENAME,COLUMNNO,FCTYPE,FCWIDTH,FCHEIGHT,FCDISPLAY,FCEDIT,FCQUERY,FCMUST,FCDEFAULT, CONFSELECTINFO) values ('budgetmanage','operatBudgetPlan','IB_OPERATBUDGETPLAN.PLANYEAR','计划年','PLANYEAR','IB_OPERATBUDGETPLAN',1,'1','','','1','1','2','','','');
insert into ib_conf_form_table_colums(PACKAGENAME,FORMNAME,FORMCOLUMN,FORMCOLUMNTITLE,TABLECOLUMN, TABLENAME,COLUMNNO,FCTYPE,FCWIDTH,FCHEIGHT,FCDISPLAY,FCEDIT,FCQUERY,FCMUST,FCDEFAULT, CONFSELECTINFO) values ('budgetmanage','operatBudgetPlan','IB_OPERATBUDGETPLAN.PLANNAME','计划名称','PLANNAME','IB_OPERATBUDGETPLAN',2,'1','','','1','1','2','','','');
insert into ib_conf_form_table_colums(PACKAGENAME,FORMNAME,FORMCOLUMN,FORMCOLUMNTITLE,TABLECOLUMN, TABLENAME,COLUMNNO,FCTYPE,FCWIDTH,FCHEIGHT,FCDISPLAY,FCEDIT,FCQUERY,FCMUST,FCDEFAULT, CONFSELECTINFO) values ('budgetmanage','operatBudgetPlan','IB_OPERATBUDGETPLAN.DEPT','编制部门','DEPT','IB_OPERATBUDGETPLAN',3,'1','','','1','1','2','','','');
insert into ib_conf_form_table_colums(PACKAGENAME,FORMNAME,FORMCOLUMN,FORMCOLUMNTITLE,TABLECOLUMN, TABLENAME,COLUMNNO,FCTYPE,FCWIDTH,FCHEIGHT,FCDISPLAY,FCEDIT,FCQUERY,FCMUST,FCDEFAULT, CONFSELECTINFO) values ('budgetmanage','operatBudgetPlan','IB_OPERATBUDGETPLAN.EVENTTIME','编制时间','EVENTTIME','IB_OPERATBUDGETPLAN',4,'4','','','1','2','2','1','@currentDate','');
insert into ib_conf_form_table_colums(PACKAGENAME,FORMNAME,FORMCOLUMN,FORMCOLUMNTITLE,TABLECOLUMN, TABLENAME,COLUMNNO,FCTYPE,FCWIDTH,FCHEIGHT,FCDISPLAY,FCEDIT,FCQUERY,FCMUST,FCDEFAULT, CONFSELECTINFO) values ('budgetmanage','operatBudgetPlan','IB_OPERATBUDGETPLAN.NO','编号','NO','IB_OPERATBUDGETPLAN',5,'1','','','1','1','2','','','');
insert into ib_conf_form_table_colums(PACKAGENAME,FORMNAME,FORMCOLUMN,FORMCOLUMNTITLE,TABLECOLUMN, TABLENAME,COLUMNNO,FCTYPE,FCWIDTH,FCHEIGHT,FCDISPLAY,FCEDIT,FCQUERY,FCMUST,FCDEFAULT, CONFSELECTINFO) values ('budgetmanage','operatBudgetPlan','IB_OPERATBUDGETPLAN.PLANAMOUNT','计划总数','PLANAMOUNT','IB_OPERATBUDGETPLAN',7,'1','','','1','1','2','','','');
insert into ib_conf_form_table_colums(PACKAGENAME,FORMNAME,FORMCOLUMN,FORMCOLUMNTITLE,TABLECOLUMN, TABLENAME,COLUMNNO,FCTYPE,FCWIDTH,FCHEIGHT,FCDISPLAY,FCEDIT,FCQUERY,FCMUST,FCDEFAULT, CONFSELECTINFO) values ('budgetmanage','operatBudgetPlan','IB_OPERATBUDGETPLAN.DEPTLEADER','科长审批','DEPTLEADER','IB_OPERATBUDGETPLAN',8,'1','','','1','1','2','','','');
insert into ib_conf_form_table_colums(PACKAGENAME,FORMNAME,FORMCOLUMN,FORMCOLUMNTITLE,TABLECOLUMN, TABLENAME,COLUMNNO,FCTYPE,FCWIDTH,FCHEIGHT,FCDISPLAY,FCEDIT,FCQUERY,FCMUST,FCDEFAULT, CONFSELECTINFO) values ('budgetmanage','operatBudgetPlan','IB_OPERATBUDGETPLAN.DIRECTORMANAGER','主管领导审批','DIRECTORMANAGER','IB_OPERATBUDGETPLAN',9,'1','','','1','1','2','','','');
insert into ib_conf_form_table_colums(PACKAGENAME,FORMNAME,FORMCOLUMN,FORMCOLUMNTITLE,TABLECOLUMN, TABLENAME,COLUMNNO,FCTYPE,FCWIDTH,FCHEIGHT,FCDISPLAY,FCEDIT,FCQUERY,FCMUST,FCDEFAULT, CONFSELECTINFO) values ('budgetmanage','operatBudgetPlan','IB_OPERATBUDGETPLAN.GENERALMANAGER','总经理审批','GENERALMANAGER','IB_OPERATBUDGETPLAN',10,'1','','','1','1','2','','','');
insert into ib_conf_form_table_colums(PACKAGENAME,FORMNAME,FORMCOLUMN,FORMCOLUMNTITLE,TABLECOLUMN, TABLENAME,COLUMNNO,FCTYPE,FCWIDTH,FCHEIGHT,FCDISPLAY,FCEDIT,FCQUERY,FCMUST,FCDEFAULT, CONFSELECTINFO) values ('budgetmanage','operatBudgetPlan','IB_OPERATBUDGETPLAN.PLANNER','计划员确认','PLANNER','IB_OPERATBUDGETPLAN',11,'1','','','1','1','2','','','');
insert into ib_conf_form_table_colums(PACKAGENAME,FORMNAME,FORMCOLUMN,FORMCOLUMNTITLE,TABLECOLUMN, TABLENAME,COLUMNNO,FCTYPE,FCWIDTH,FCHEIGHT,FCDISPLAY,FCEDIT,FCQUERY,FCMUST,FCDEFAULT, CONFSELECTINFO) values ('budgetmanage','operatBudgetPlan','IB_OPERATBUDGETPLAN.PROJECTTYPESUM','项目类别合计','PROJECTTYPESUM','IB_OPERATBUDGETPLAN',12,'1','','','1','1','2','','','');
insert into ib_conf_form_table_colums(PACKAGENAME,FORMNAME,FORMCOLUMN,FORMCOLUMNTITLE,TABLECOLUMN, TABLENAME,COLUMNNO,FCTYPE,FCWIDTH,FCHEIGHT,FCDISPLAY,FCEDIT,FCQUERY,FCMUST,FCDEFAULT, CONFSELECTINFO) values ('budgetmanage','operatBudgetPlan','IB_OPERATBUDGETPLAN.PROJECTNAMESUM','项目名称合计','PROJECTNAMESUM','IB_OPERATBUDGETPLAN',13,'1','','','1','1','2','','','');
insert into ib_conf_form_table_colums(PACKAGENAME,FORMNAME,FORMCOLUMN,FORMCOLUMNTITLE,TABLECOLUMN, TABLENAME,COLUMNNO,FCTYPE,FCWIDTH,FCHEIGHT,FCDISPLAY,FCEDIT,FCQUERY,FCMUST,FCDEFAULT, CONFSELECTINFO) values ('budgetmanage','operatBudgetPlan','IB_OPERATBUDGETPLAN.ISGM','是否需要总经理审批','ISGM','IB_OPERATBUDGETPLAN',14,'8','','','1','1','2','1','','');
insert into ib_conf_form_table_colums(PACKAGENAME,FORMNAME,FORMCOLUMN,FORMCOLUMNTITLE,TABLECOLUMN, TABLENAME,COLUMNNO,FCTYPE,FCWIDTH,FCHEIGHT,FCDISPLAY,FCEDIT,FCQUERY,FCMUST,FCDEFAULT, CONFSELECTINFO) values ('budgetmanage','operatBudgetPlan','IB_OPERATBUDGETPLAN.ISDM','是否需要主管领导审批','ISDM','IB_OPERATBUDGETPLAN',15,'8','','','1','1','2','1','','');
insert into ib_conf_form_table_colums(PACKAGENAME,FORMNAME,FORMCOLUMN,FORMCOLUMNTITLE,TABLECOLUMN, TABLENAME,COLUMNNO,FCTYPE,FCWIDTH,FCHEIGHT,FCDISPLAY,FCEDIT,FCQUERY,FCMUST,FCDEFAULT, CONFSELECTINFO) values ('budgetmanage','operatBudgetPlan','IB_OPERATBUDGETPLAN_S.PROJECTTYPE','资金项目类别','PROJECTTYPE','IB_OPERATBUDGETPLAN_S',1,'1','','','1','1','2','','','');
insert into ib_conf_form_table_colums(PACKAGENAME,FORMNAME,FORMCOLUMN,FORMCOLUMNTITLE,TABLECOLUMN, TABLENAME,COLUMNNO,FCTYPE,FCWIDTH,FCHEIGHT,FCDISPLAY,FCEDIT,FCQUERY,FCMUST,FCDEFAULT, CONFSELECTINFO) values ('budgetmanage','operatBudgetPlan','IB_OPERATBUDGETPLAN_S.PROJECTNAME','项目计划名称','PROJECTNAME','IB_OPERATBUDGETPLAN_S',2,'1','','','1','1','2','','','');
insert into ib_conf_form_table_colums(PACKAGENAME,FORMNAME,FORMCOLUMN,FORMCOLUMNTITLE,TABLECOLUMN, TABLENAME,COLUMNNO,FCTYPE,FCWIDTH,FCHEIGHT,FCDISPLAY,FCEDIT,FCQUERY,FCMUST,FCDEFAULT, CONFSELECTINFO) values ('budgetmanage','operatBudgetPlan','IB_OPERATBUDGETPLAN_S.MATERIALTYPE','材料类别','MATERIALTYPE','IB_OPERATBUDGETPLAN_S',3,'1','','','1','1','2','','','');
insert into ib_conf_form_table_colums(PACKAGENAME,FORMNAME,FORMCOLUMN,FORMCOLUMNTITLE,TABLECOLUMN, TABLENAME,COLUMNNO,FCTYPE,FCWIDTH,FCHEIGHT,FCDISPLAY,FCEDIT,FCQUERY,FCMUST,FCDEFAULT, CONFSELECTINFO) values ('budgetmanage','operatBudgetPlan','IB_OPERATBUDGETPLAN_S.MATERIALNAME','材料/用品/费用名称','MATERIALNAME','IB_OPERATBUDGETPLAN_S',4,'1','','','1','1','2','','','');
insert into ib_conf_form_table_colums(PACKAGENAME,FORMNAME,FORMCOLUMN,FORMCOLUMNTITLE,TABLECOLUMN, TABLENAME,COLUMNNO,FCTYPE,FCWIDTH,FCHEIGHT,FCDISPLAY,FCEDIT,FCQUERY,FCMUST,FCDEFAULT, CONFSELECTINFO) values ('budgetmanage','operatBudgetPlan','IB_OPERATBUDGETPLAN_S.SPEC','规格/型号','SPEC','IB_OPERATBUDGETPLAN_S',5,'1','','','1','1','2','','','');
insert into ib_conf_form_table_colums(PACKAGENAME,FORMNAME,FORMCOLUMN,FORMCOLUMNTITLE,TABLECOLUMN, TABLENAME,COLUMNNO,FCTYPE,FCWIDTH,FCHEIGHT,FCDISPLAY,FCEDIT,FCQUERY,FCMUST,FCDEFAULT, CONFSELECTINFO) values ('budgetmanage','operatBudgetPlan','IB_OPERATBUDGETPLAN_S.UNIT','单位','UNIT','IB_OPERATBUDGETPLAN_S',6,'1','','','1','1','2','','','');
insert into ib_conf_form_table_colums(PACKAGENAME,FORMNAME,FORMCOLUMN,FORMCOLUMNTITLE,TABLECOLUMN, TABLENAME,COLUMNNO,FCTYPE,FCWIDTH,FCHEIGHT,FCDISPLAY,FCEDIT,FCQUERY,FCMUST,FCDEFAULT, CONFSELECTINFO) values ('budgetmanage','operatBudgetPlan','IB_OPERATBUDGETPLAN_S.PRICE','单价','PRICE','IB_OPERATBUDGETPLAN_S',7,'1','','','1','1','2','','','');
insert into ib_conf_form_table_colums(PACKAGENAME,FORMNAME,FORMCOLUMN,FORMCOLUMNTITLE,TABLECOLUMN, TABLENAME,COLUMNNO,FCTYPE,FCWIDTH,FCHEIGHT,FCDISPLAY,FCEDIT,FCQUERY,FCMUST,FCDEFAULT, CONFSELECTINFO) values ('budgetmanage','operatBudgetPlan','IB_OPERATBUDGETPLAN_S.NUMB','数量','NUMB','IB_OPERATBUDGETPLAN_S',8,'1','','','1','1','2','','','');
insert into ib_conf_form_table_colums(PACKAGENAME,FORMNAME,FORMCOLUMN,FORMCOLUMNTITLE,TABLECOLUMN, TABLENAME,COLUMNNO,FCTYPE,FCWIDTH,FCHEIGHT,FCDISPLAY,FCEDIT,FCQUERY,FCMUST,FCDEFAULT, CONFSELECTINFO) values ('budgetmanage','operatBudgetPlan','IB_OPERATBUDGETPLAN_S.PLANAMOUNTS','计划数（元）','PLANAMOUNTS','IB_OPERATBUDGETPLAN_S',9,'1','','','1','1','2','','','');
insert into ib_conf_form_table_colums(PACKAGENAME,FORMNAME,FORMCOLUMN,FORMCOLUMNTITLE,TABLECOLUMN, TABLENAME,COLUMNNO,FCTYPE,FCWIDTH,FCHEIGHT,FCDISPLAY,FCEDIT,FCQUERY,FCMUST,FCDEFAULT, CONFSELECTINFO) values ('budgetmanage','operatBudgetPlan','IB_OPERATBUDGETPLAN_S.REASON','实施原因','REASON','IB_OPERATBUDGETPLAN_S',10,'1','','','1','1','2','','','');
insert into ib_conf_form_table_colums(PACKAGENAME,FORMNAME,FORMCOLUMN,FORMCOLUMNTITLE,TABLECOLUMN, TABLENAME,COLUMNNO,FCTYPE,FCWIDTH,FCHEIGHT,FCDISPLAY,FCEDIT,FCQUERY,FCMUST,FCDEFAULT, CONFSELECTINFO) values ('budgetmanage','operatBudgetPlan','IB_OPERATBUDGETPLAN_S.INFO','措施/内容','INFO','IB_OPERATBUDGETPLAN_S',11,'1','','','1','1','2','','','');
insert into ib_conf_form_table_colums(PACKAGENAME,FORMNAME,FORMCOLUMN,FORMCOLUMNTITLE,TABLECOLUMN, TABLENAME,COLUMNNO,FCTYPE,FCWIDTH,FCHEIGHT,FCDISPLAY,FCEDIT,FCQUERY,FCMUST,FCDEFAULT, CONFSELECTINFO) values ('budgetmanage','operatBudgetPlan','IB_OPERATBUDGETPLAN_S.DEPT','所属部门','DEPT','IB_OPERATBUDGETPLAN_S',12,'1','','','1','1','2','','','');
insert into ib_conf_form_table_colums(PACKAGENAME,FORMNAME,FORMCOLUMN,FORMCOLUMNTITLE,TABLECOLUMN, TABLENAME,COLUMNNO,FCTYPE,FCWIDTH,FCHEIGHT,FCDISPLAY,FCEDIT,FCQUERY,FCMUST,FCDEFAULT, CONFSELECTINFO) values ('budgetmanage','operatBudgetPlan','IB_OPERATBUDGETPLAN_S.REMARK','备注','REMARK','IB_OPERATBUDGETPLAN_S',13,'1','','','1','1','2','','','');
/*======= 表 ==========*/
insert into ib_conf_table(ID,PACKAGENAME,TABLENAME,TABLENAMECOMMENT,TABLETYPE, PARENTTABLEID,ISBPMTABLE) values ('ib_operatbudgetplan001','budgetmanage','IB_OPERATBUDGETPLAN','经营预算年度计划申报表','1','',1);
insert into ib_conf_table(ID,PACKAGENAME,TABLENAME,TABLENAMECOMMENT,TABLETYPE, PARENTTABLEID,ISBPMTABLE) values ('ib_operatbudgetplan_s001','budgetmanage','IB_OPERATBUDGETPLAN_S','经营预算年度计划申报子表','2','',1);
/*======= 表字段 ==========*/
insert into ib_conf_table_columns(tableName,columnValue,columnName,columnType,columnSize, isNull,defaultValue,columnNo) values ('IB_OPERATBUDGETPLAN','PLANYEAR','计划年','VARCHAR','32','是','',1);
insert into ib_conf_table_columns(tableName,columnValue,columnName,columnType,columnSize, isNull,defaultValue,columnNo) values ('IB_OPERATBUDGETPLAN','PLANNAME','计划名称','VARCHAR','256','是','',2);
insert into ib_conf_table_columns(tableName,columnValue,columnName,columnType,columnSize, isNull,defaultValue,columnNo) values ('IB_OPERATBUDGETPLAN','DEPT','编制部门','VARCHAR','128','是','',3);
insert into ib_conf_table_columns(tableName,columnValue,columnName,columnType,columnSize, isNull,defaultValue,columnNo) values ('IB_OPERATBUDGETPLAN','EVENTTIME','编制时间','DATE','0','是','',4);
insert into ib_conf_table_columns(tableName,columnValue,columnName,columnType,columnSize, isNull,defaultValue,columnNo) values ('IB_OPERATBUDGETPLAN','NO','编号','VARCHAR','64','是','',5);
insert into ib_conf_table_columns(tableName,columnValue,columnName,columnType,columnSize, isNull,defaultValue,columnNo) values ('IB_OPERATBUDGETPLAN','PLANAMOUNT','计划总数','NUMBER','12,2','是','',7);
insert into ib_conf_table_columns(tableName,columnValue,columnName,columnType,columnSize, isNull,defaultValue,columnNo) values ('IB_OPERATBUDGETPLAN','DEPTLEADER','科长审批','VARCHAR','512','是','',8);
insert into ib_conf_table_columns(tableName,columnValue,columnName,columnType,columnSize, isNull,defaultValue,columnNo) values ('IB_OPERATBUDGETPLAN','DIRECTORMANAGER','主管领导审批','VARCHAR','512','是','',9);
insert into ib_conf_table_columns(tableName,columnValue,columnName,columnType,columnSize, isNull,defaultValue,columnNo) values ('IB_OPERATBUDGETPLAN','GENERALMANAGER','总经理审批','VARCHAR','512','是','',10);
insert into ib_conf_table_columns(tableName,columnValue,columnName,columnType,columnSize, isNull,defaultValue,columnNo) values ('IB_OPERATBUDGETPLAN','PLANNER','计划员确认','VARCHAR','512','是','',11);
insert into ib_conf_table_columns(tableName,columnValue,columnName,columnType,columnSize, isNull,defaultValue,columnNo) values ('IB_OPERATBUDGETPLAN','PROJECTTYPESUM','项目类别合计','NUMBER','12,2','是','',12);
insert into ib_conf_table_columns(tableName,columnValue,columnName,columnType,columnSize, isNull,defaultValue,columnNo) values ('IB_OPERATBUDGETPLAN','PROJECTNAMESUM','项目名称合计','NUMBER','12,2','是','',13);
insert into ib_conf_table_columns(tableName,columnValue,columnName,columnType,columnSize, isNull,defaultValue,columnNo) values ('IB_OPERATBUDGETPLAN','ISGM','是否需要总经理审批','VARCHAR','16','是','',14);
insert into ib_conf_table_columns(tableName,columnValue,columnName,columnType,columnSize, isNull,defaultValue,columnNo) values ('IB_OPERATBUDGETPLAN','ISDM','是否需要主管领导审批','VARCHAR','16','是','',15);
insert into ib_conf_table_columns(tableName,columnValue,columnName,columnType,columnSize, isNull,defaultValue,columnNo) values ('IB_OPERATBUDGETPLAN','ID','UUID主键','VARCHAR','64','否','',91);
insert into ib_conf_table_columns(tableName,columnValue,columnName,columnType,columnSize, isNull,defaultValue,columnNo) values ('IB_OPERATBUDGETPLAN','EXECUTIONID','流程执行实例ID','VARCHAR','64','是','',92);
insert into ib_conf_table_columns(tableName,columnValue,columnName,columnType,columnSize, isNull,defaultValue,columnNo) values ('IB_OPERATBUDGETPLAN','CREATEDATEBPM','流程创建时间','DATETIME','','是','',93);
insert into ib_conf_table_columns(tableName,columnValue,columnName,columnType,columnSize, isNull,defaultValue,columnNo) values ('IB_OPERATBUDGETPLAN','NODENAME','流程节点名','VARCHAR','128','是','',94);
insert into ib_conf_table_columns(tableName,columnValue,columnName,columnType,columnSize, isNull,defaultValue,columnNo) values ('IB_OPERATBUDGETPLAN','@USERNAME','负责人名','VARCHAR','128','是','',95);
insert into ib_conf_table_columns(tableName,columnValue,columnName,columnType,columnSize, isNull,defaultValue,columnNo) values ('IB_OPERATBUDGETPLAN','ASSIGNEEUSER','负责人','VARCHAR','64','是','',95);
insert into ib_conf_table_columns(tableName,columnValue,columnName,columnType,columnSize, isNull,defaultValue,columnNo) values ('IB_OPERATBUDGETPLAN','DONEFLAG','流程结束标记','INTEGER','4','是','',96);
insert into ib_conf_table_columns(tableName,columnValue,columnName,columnType,columnSize, isNull,defaultValue,columnNo) values ('IB_OPERATBUDGETPLAN','TASKTITLE','流程实例标题','VARCHAR','256','是','',97);
insert into ib_conf_table_columns(tableName,columnValue,columnName,columnType,columnSize, isNull,defaultValue,columnNo) values ('IB_OPERATBUDGETPLAN_S','PROJECTTYPE','资金项目类别','VARCHAR','128','是','128',1);
insert into ib_conf_table_columns(tableName,columnValue,columnName,columnType,columnSize, isNull,defaultValue,columnNo) values ('IB_OPERATBUDGETPLAN_S','PROJECTNAME','项目计划名称','VARCHAR','256','是','',2);
insert into ib_conf_table_columns(tableName,columnValue,columnName,columnType,columnSize, isNull,defaultValue,columnNo) values ('IB_OPERATBUDGETPLAN_S','MATERIALTYPE','材料类别','VARCHAR','128','是','',3);
insert into ib_conf_table_columns(tableName,columnValue,columnName,columnType,columnSize, isNull,defaultValue,columnNo) values ('IB_OPERATBUDGETPLAN_S','MATERIALNAME','材料/用品/费用名称','VARCHAR','128','是','',4);
insert into ib_conf_table_columns(tableName,columnValue,columnName,columnType,columnSize, isNull,defaultValue,columnNo) values ('IB_OPERATBUDGETPLAN_S','SPEC','规格/型号','VARCHAR','64','是','',5);
insert into ib_conf_table_columns(tableName,columnValue,columnName,columnType,columnSize, isNull,defaultValue,columnNo) values ('IB_OPERATBUDGETPLAN_S','UNIT','单位','VARCHAR','64','是','',6);
insert into ib_conf_table_columns(tableName,columnValue,columnName,columnType,columnSize, isNull,defaultValue,columnNo) values ('IB_OPERATBUDGETPLAN_S','PRICE','单价','NUMBER','12,2','是','',7);
insert into ib_conf_table_columns(tableName,columnValue,columnName,columnType,columnSize, isNull,defaultValue,columnNo) values ('IB_OPERATBUDGETPLAN_S','NUMB','数量','NUMBER','10','是','',8);
insert into ib_conf_table_columns(tableName,columnValue,columnName,columnType,columnSize, isNull,defaultValue,columnNo) values ('IB_OPERATBUDGETPLAN_S','PLANAMOUNTS','计划数（元）','NUMBER','12,2','是','',9);
insert into ib_conf_table_columns(tableName,columnValue,columnName,columnType,columnSize, isNull,defaultValue,columnNo) values ('IB_OPERATBUDGETPLAN_S','REASON','实施原因','VARCHAR','128','是','',10);
insert into ib_conf_table_columns(tableName,columnValue,columnName,columnType,columnSize, isNull,defaultValue,columnNo) values ('IB_OPERATBUDGETPLAN_S','INFO','措施/内容','VARCHAR','512','是','',11);
insert into ib_conf_table_columns(tableName,columnValue,columnName,columnType,columnSize, isNull,defaultValue,columnNo) values ('IB_OPERATBUDGETPLAN_S','DEPT','所属部门','VARCHAR','128','是','',12);
insert into ib_conf_table_columns(tableName,columnValue,columnName,columnType,columnSize, isNull,defaultValue,columnNo) values ('IB_OPERATBUDGETPLAN_S','REMARK','备注','VARCHAR','512','是','',13);
insert into ib_conf_table_columns(tableName,columnValue,columnName,columnType,columnSize, isNull,defaultValue,columnNo) values ('IB_OPERATBUDGETPLAN_S','ID','UUID主键','VARCHAR','64','否','',91);
insert into ib_conf_table_columns(tableName,columnValue,columnName,columnType,columnSize, isNull,defaultValue,columnNo) values ('IB_OPERATBUDGETPLAN_S','PARENTID','主表UUID','VARCHAR','64','否','',92);

/* ================================================================================   */
/* ==================== 经营预算年度计划增补、变更流程表流程 ===========================  */
/* ================================================================================   */
/*======= 流程 ==========*/
INSERT INTO IB_BPM_PROCESS(ID,PACKAGENAME,FLOWNAME,FLOWTITLE,VERSIONID, FORMID,FLOWURL) VALUES('annualChangePlan001','budgetmanage','annualChangePlan','经营预算年度计划增补、变更流程','7d31dfb9-8fb4-4802-829c-d0f5601182a4','9df43cb2-1c98-41d7-bd52-3ceec17e554a','/annualchangeplan/annualchangeplan-list.do?flowType=0&flowId=annualChangePlan001');
/*======= 流程图 ==========*/
insert into ib_conf_flow_chart(ID,FLOWID,ITEMID,NODEID,CONTEXT) values ('04104633-d2e4-4075-863d-dbc3cd2774e0','annualChangePlan001','57256754-1f8f-4a1c-8b66-334a4d0c071d','','{"id":"57256754-1f8f-4a1c-8b66-334a4d0c071d","name":"科长审批","type":"TaskNode","title":"科长审批","x":"400","y":"175","width":"100","height":"50","headLineIds":"6daeab72-e970-48a2-ac2b-8f44631dd4a8","afterLineIds":"0eeb0506-8747-441d-8e69-582bd41e11b7"}');
insert into ib_conf_flow_chart(ID,FLOWID,ITEMID,NODEID,CONTEXT) values ('209a699a-b2f4-4678-8935-8611d65710ce','annualChangePlan001','edd8f736-f90d-47ce-b3ab-1382a25b68a7','','{"id":"edd8f736-f90d-47ce-b3ab-1382a25b68a7","name":"泳道","type":"Lane","title":"科员","x":"0","y":"40","width":"35","height":"110"}');
insert into ib_conf_flow_chart(ID,FLOWID,ITEMID,NODEID,CONTEXT) values ('4df4f6d2-456c-4875-8a01-2cc903495aa7','annualChangePlan001','1988faaa-6376-4726-96b8-86a648982334','','{"id":"1988faaa-6376-4726-96b8-86a648982334","name":"线","type":"Line","title":"科员","x":"0","y":"40","realPoints":"120,90,200,90","startElmId":"8738b50e-aaf3-443d-a36a-1088709e7bdd","endElmId":"896063c2-3580-4451-9d6a-c18802f5a245"}');
insert into ib_conf_flow_chart(ID,FLOWID,ITEMID,NODEID,CONTEXT) values ('561d4968-a1b3-409c-9e4d-708603a6472a','annualChangePlan001','e687e676-480d-4b79-a513-dbd859e44dc8','','{"id":"e687e676-480d-4b79-a513-dbd859e44dc8","name":"总经理审批","type":"TaskNode","title":"总经理审批","x":"600","y":"285","width":"100","height":"50","headLineIds":"0eeb0506-8747-441d-8e69-582bd41e11b7","afterLineIds":"d0680be3-6781-4da6-98c4-2d2768583d5d"}');
insert into ib_conf_flow_chart(ID,FLOWID,ITEMID,NODEID,CONTEXT) values ('56394d40-2e0e-4efb-a935-798ff13cc002','annualChangePlan001','b5c5ec07-5b38-41e8-aed1-c9f75828e579','','{"id":"b5c5ec07-5b38-41e8-aed1-c9f75828e579","name":"结束节点","type":"EndNode","title":"结束","x":"750","y":"285","width":"50","height":"50","headLineIds":"d0680be3-6781-4da6-98c4-2d2768583d5d"}');
insert into ib_conf_flow_chart(ID,FLOWID,ITEMID,NODEID,CONTEXT) values ('6d2db49c-4c4f-4144-8b7d-a9c0b91746d4','annualChangePlan001','f2342566-591b-499b-ab17-0e29e2833446','','{"id":"f2342566-591b-499b-ab17-0e29e2833446","name":"泳道","type":"Lane","title":"科长审批","x":"0","y":"150","width":"35","height":"110"}');
insert into ib_conf_flow_chart(ID,FLOWID,ITEMID,NODEID,CONTEXT) values ('9286e006-9b8e-4edf-b4d7-ac00a44916a9','annualChangePlan001','d0680be3-6781-4da6-98c4-2d2768583d5d','','{"id":"d0680be3-6781-4da6-98c4-2d2768583d5d","name":"线","type":"Line","title":"总经理审批","x":"0","y":"260","realPoints":"700,310,750,310,750,310","startElmId":"e687e676-480d-4b79-a513-dbd859e44dc8","endElmId":"b5c5ec07-5b38-41e8-aed1-c9f75828e579"}');
insert into ib_conf_flow_chart(ID,FLOWID,ITEMID,NODEID,CONTEXT) values ('9cb93920-1c28-4299-959f-a1635e89579b','annualChangePlan001','6daeab72-e970-48a2-ac2b-8f44631dd4a8','','{"id":"6daeab72-e970-48a2-ac2b-8f44631dd4a8","name":"线","type":"Line","title":"科长审批","x":"0","y":"150","realPoints":"250,115,250,200,400,200","startElmId":"896063c2-3580-4451-9d6a-c18802f5a245","endElmId":"57256754-1f8f-4a1c-8b66-334a4d0c071d"}');
insert into ib_conf_flow_chart(ID,FLOWID,ITEMID,NODEID,CONTEXT) values ('ad855465-1d1a-4a7f-9428-158d75175895','annualChangePlan001','8738b50e-aaf3-443d-a36a-1088709e7bdd','','{"id":"8738b50e-aaf3-443d-a36a-1088709e7bdd","name":"开始节点","type":"StartNode","title":"开始节点","x":"70","y":"65","width":"50","height":"50","afterLineIds":"1988faaa-6376-4726-96b8-86a648982334"}');
insert into ib_conf_flow_chart(ID,FLOWID,ITEMID,NODEID,CONTEXT) values ('c0194951-fd31-44dd-a2fe-3e039b0a8db6','annualChangePlan001','f24154a0-0a8e-4626-a13e-1ab3744e432f','','{"id":"f24154a0-0a8e-4626-a13e-1ab3744e432f","name":"泳道","type":"Lane","title":"总经理审批","x":"0","y":"260","width":"35","height":"110"}');
insert into ib_conf_flow_chart(ID,FLOWID,ITEMID,NODEID,CONTEXT) values ('c47ee81e-b126-42c2-949c-6b3d5c8753f7','annualChangePlan001','896063c2-3580-4451-9d6a-c18802f5a245','','{"id":"896063c2-3580-4451-9d6a-c18802f5a245","name":"科员","type":"TaskNode","title":"科员","x":"200","y":"65","width":"100","height":"50","headLineIds":"1988faaa-6376-4726-96b8-86a648982334","afterLineIds":"6daeab72-e970-48a2-ac2b-8f44631dd4a8"}');
insert into ib_conf_flow_chart(ID,FLOWID,ITEMID,NODEID,CONTEXT) values ('ed98c779-42f0-4e9f-a6ea-c6c5e6c0ffd9','annualChangePlan001','0eeb0506-8747-441d-8e69-582bd41e11b7','','{"id":"0eeb0506-8747-441d-8e69-582bd41e11b7","name":"线","type":"Line","title":"总经理审批","x":"0","y":"260","realPoints":"450,225,450,310,600,310","startElmId":"57256754-1f8f-4a1c-8b66-334a4d0c071d","endElmId":"e687e676-480d-4b79-a513-dbd859e44dc8"}');
/*======= 表单 ==========*/
 insert into ib_conf_form(ID,PACKAGENAME,FORMNAME,FORMTITLE,FORMURL, ISEDIT,ISADD,ISDELETE,ISQUERY,ISEXCELEXPORT,ISIMPORTEXPORT,ISBPMFORM) values ('9df43cb2-1c98-41d7-bd52-3ceec17e554a','budgetmanage','annualChangePlan','经营预算年度计划增补、变更流程表','/annualchangeplan/annualchangeplan-list.do',1,1,1,2,1,2,1);
/*======= 表单对应表 ==========*/
insert into ib_conf_form_table(PACKAGENAME,FORMNAME,TABLENAME,TABLETYPE) values ('budgetmanage','annualChangePlan','IB_ANNUALCHANGEPLAN','main');
insert into ib_conf_form_table(PACKAGENAME,FORMNAME,TABLENAME,TABLETYPE) values ('budgetmanage','annualChangePlan','IB_ANNUALCHANGEPLAN_S','sub');
/*======= 表单字段 ==========*/
insert into ib_conf_form_table_colums(PACKAGENAME,FORMNAME,FORMCOLUMN,FORMCOLUMNTITLE,TABLECOLUMN, TABLENAME,COLUMNNO,FCTYPE,FCWIDTH,FCHEIGHT,FCDISPLAY,FCEDIT,FCQUERY,FCMUST,FCDEFAULT, CONFSELECTINFO) values ('budgetmanage','annualChangePlan','IB_ANNUALCHANGEPLAN.PLANYEAR','计划年','PLANYEAR','IB_ANNUALCHANGEPLAN',1,'1','','','1','1','2','','','');
insert into ib_conf_form_table_colums(PACKAGENAME,FORMNAME,FORMCOLUMN,FORMCOLUMNTITLE,TABLECOLUMN, TABLENAME,COLUMNNO,FCTYPE,FCWIDTH,FCHEIGHT,FCDISPLAY,FCEDIT,FCQUERY,FCMUST,FCDEFAULT, CONFSELECTINFO) values ('budgetmanage','annualChangePlan','IB_ANNUALCHANGEPLAN.PLANNAME','计划名称','PLANNAME','IB_ANNUALCHANGEPLAN',2,'1','','','1','1','2','','','');
insert into ib_conf_form_table_colums(PACKAGENAME,FORMNAME,FORMCOLUMN,FORMCOLUMNTITLE,TABLECOLUMN, TABLENAME,COLUMNNO,FCTYPE,FCWIDTH,FCHEIGHT,FCDISPLAY,FCEDIT,FCQUERY,FCMUST,FCDEFAULT, CONFSELECTINFO) values ('budgetmanage','annualChangePlan','IB_ANNUALCHANGEPLAN.DEPTNAME','编制部门','DEPTNAME','IB_ANNUALCHANGEPLAN',3,'1','','','1','1','2','','','');
insert into ib_conf_form_table_colums(PACKAGENAME,FORMNAME,FORMCOLUMN,FORMCOLUMNTITLE,TABLECOLUMN, TABLENAME,COLUMNNO,FCTYPE,FCWIDTH,FCHEIGHT,FCDISPLAY,FCEDIT,FCQUERY,FCMUST,FCDEFAULT, CONFSELECTINFO) values ('budgetmanage','annualChangePlan','IB_ANNUALCHANGEPLAN.EVENTTIME','编制时间','EVENTTIME','IB_ANNUALCHANGEPLAN',4,'4','','','1','2','2','1','@currentDate','');
insert into ib_conf_form_table_colums(PACKAGENAME,FORMNAME,FORMCOLUMN,FORMCOLUMNTITLE,TABLECOLUMN, TABLENAME,COLUMNNO,FCTYPE,FCWIDTH,FCHEIGHT,FCDISPLAY,FCEDIT,FCQUERY,FCMUST,FCDEFAULT, CONFSELECTINFO) values ('budgetmanage','annualChangePlan','IB_ANNUALCHANGEPLAN.PLANNO','编号','PLANNO','IB_ANNUALCHANGEPLAN',5,'1','','','1','1','2','','','');
insert into ib_conf_form_table_colums(PACKAGENAME,FORMNAME,FORMCOLUMN,FORMCOLUMNTITLE,TABLECOLUMN, TABLENAME,COLUMNNO,FCTYPE,FCWIDTH,FCHEIGHT,FCDISPLAY,FCEDIT,FCQUERY,FCMUST,FCDEFAULT, CONFSELECTINFO) values ('budgetmanage','annualChangePlan','IB_ANNUALCHANGEPLAN.PROJECTTYPE','项目类别','PROJECTTYPE','IB_ANNUALCHANGEPLAN',6,'1','','','1','1','2','','','');
insert into ib_conf_form_table_colums(PACKAGENAME,FORMNAME,FORMCOLUMN,FORMCOLUMNTITLE,TABLECOLUMN, TABLENAME,COLUMNNO,FCTYPE,FCWIDTH,FCHEIGHT,FCDISPLAY,FCEDIT,FCQUERY,FCMUST,FCDEFAULT, CONFSELECTINFO) values ('budgetmanage','annualChangePlan','IB_ANNUALCHANGEPLAN.PROJECTNAME','项目名称','PROJECTNAME','IB_ANNUALCHANGEPLAN',7,'1','','','1','1','2','','','');
insert into ib_conf_form_table_colums(PACKAGENAME,FORMNAME,FORMCOLUMN,FORMCOLUMNTITLE,TABLECOLUMN, TABLENAME,COLUMNNO,FCTYPE,FCWIDTH,FCHEIGHT,FCDISPLAY,FCEDIT,FCQUERY,FCMUST,FCDEFAULT, CONFSELECTINFO) values ('budgetmanage','annualChangePlan','IB_ANNUALCHANGEPLAN.OLDPLANAMOUNT','原计划数','OLDPLANAMOUNT','IB_ANNUALCHANGEPLAN',8,'1','','','1','1','2','','','');
insert into ib_conf_form_table_colums(PACKAGENAME,FORMNAME,FORMCOLUMN,FORMCOLUMNTITLE,TABLECOLUMN, TABLENAME,COLUMNNO,FCTYPE,FCWIDTH,FCHEIGHT,FCDISPLAY,FCEDIT,FCQUERY,FCMUST,FCDEFAULT, CONFSELECTINFO) values ('budgetmanage','annualChangePlan','IB_ANNUALCHANGEPLAN.CHANGEPLANAM','项目变更前计划数','CHANGEPLANAM','IB_ANNUALCHANGEPLAN',9,'1','','','1','1','2','','','');
insert into ib_conf_form_table_colums(PACKAGENAME,FORMNAME,FORMCOLUMN,FORMCOLUMNTITLE,TABLECOLUMN, TABLENAME,COLUMNNO,FCTYPE,FCWIDTH,FCHEIGHT,FCDISPLAY,FCEDIT,FCQUERY,FCMUST,FCDEFAULT, CONFSELECTINFO) values ('budgetmanage','annualChangePlan','IB_ANNUALCHANGEPLAN.CHANGEAFTERPLANAM','项目变更后计划数','CHANGEAFTERPLANAM','IB_ANNUALCHANGEPLAN',10,'1','','','1','1','2','','','');
insert into ib_conf_form_table_colums(PACKAGENAME,FORMNAME,FORMCOLUMN,FORMCOLUMNTITLE,TABLECOLUMN, TABLENAME,COLUMNNO,FCTYPE,FCWIDTH,FCHEIGHT,FCDISPLAY,FCEDIT,FCQUERY,FCMUST,FCDEFAULT, CONFSELECTINFO) values ('budgetmanage','annualChangePlan','IB_ANNUALCHANGEPLAN.ADDPLANAM','项目增补、变更数','ADDPLANAM','IB_ANNUALCHANGEPLAN',11,'1','','','1','1','2','','','');
insert into ib_conf_form_table_colums(PACKAGENAME,FORMNAME,FORMCOLUMN,FORMCOLUMNTITLE,TABLECOLUMN, TABLENAME,COLUMNNO,FCTYPE,FCWIDTH,FCHEIGHT,FCDISPLAY,FCEDIT,FCQUERY,FCMUST,FCDEFAULT, CONFSELECTINFO) values ('budgetmanage','annualChangePlan','IB_ANNUALCHANGEPLAN.PLANAMOUNT','现计划数','PLANAMOUNT','IB_ANNUALCHANGEPLAN',12,'1','','','1','1','2','','','');
insert into ib_conf_form_table_colums(PACKAGENAME,FORMNAME,FORMCOLUMN,FORMCOLUMNTITLE,TABLECOLUMN, TABLENAME,COLUMNNO,FCTYPE,FCWIDTH,FCHEIGHT,FCDISPLAY,FCEDIT,FCQUERY,FCMUST,FCDEFAULT, CONFSELECTINFO) values ('budgetmanage','annualChangePlan','IB_ANNUALCHANGEPLAN.DEPTUSER','科员备注','DEPTUSER','IB_ANNUALCHANGEPLAN',13,'2','','','1','1','2','1','','');
insert into ib_conf_form_table_colums(PACKAGENAME,FORMNAME,FORMCOLUMN,FORMCOLUMNTITLE,TABLECOLUMN, TABLENAME,COLUMNNO,FCTYPE,FCWIDTH,FCHEIGHT,FCDISPLAY,FCEDIT,FCQUERY,FCMUST,FCDEFAULT, CONFSELECTINFO) values ('budgetmanage','annualChangePlan','IB_ANNUALCHANGEPLAN.DEPTLEADER','科长审批','DEPTLEADER','IB_ANNUALCHANGEPLAN',14,'2','','','1','1','2','1','','');
insert into ib_conf_form_table_colums(PACKAGENAME,FORMNAME,FORMCOLUMN,FORMCOLUMNTITLE,TABLECOLUMN, TABLENAME,COLUMNNO,FCTYPE,FCWIDTH,FCHEIGHT,FCDISPLAY,FCEDIT,FCQUERY,FCMUST,FCDEFAULT, CONFSELECTINFO) values ('budgetmanage','annualChangePlan','IB_ANNUALCHANGEPLAN.GENERALMANAGER','总经理审批','GENERALMANAGER','IB_ANNUALCHANGEPLAN',15,'2','','','1','1','2','1','','');
insert into ib_conf_form_table_colums(PACKAGENAME,FORMNAME,FORMCOLUMN,FORMCOLUMNTITLE,TABLECOLUMN, TABLENAME,COLUMNNO,FCTYPE,FCWIDTH,FCHEIGHT,FCDISPLAY,FCEDIT,FCQUERY,FCMUST,FCDEFAULT, CONFSELECTINFO) values ('budgetmanage','annualChangePlan','IB_ANNUALCHANGEPLAN_S.PROJECTTYPE','项目类别','PROJECTTYPE','IB_ANNUALCHANGEPLAN_S',1,'1','','','1','1','2','','','');
insert into ib_conf_form_table_colums(PACKAGENAME,FORMNAME,FORMCOLUMN,FORMCOLUMNTITLE,TABLECOLUMN, TABLENAME,COLUMNNO,FCTYPE,FCWIDTH,FCHEIGHT,FCDISPLAY,FCEDIT,FCQUERY,FCMUST,FCDEFAULT, CONFSELECTINFO) values ('budgetmanage','annualChangePlan','IB_ANNUALCHANGEPLAN_S.PROJECTNAME','项目名称','PROJECTNAME','IB_ANNUALCHANGEPLAN_S',2,'1','','','1','1','2','','','');
insert into ib_conf_form_table_colums(PACKAGENAME,FORMNAME,FORMCOLUMN,FORMCOLUMNTITLE,TABLECOLUMN, TABLENAME,COLUMNNO,FCTYPE,FCWIDTH,FCHEIGHT,FCDISPLAY,FCEDIT,FCQUERY,FCMUST,FCDEFAULT, CONFSELECTINFO) values ('budgetmanage','annualChangePlan','IB_ANNUALCHANGEPLAN_S.MATERIALTYPE','材料类别','MATERIALTYPE','IB_ANNUALCHANGEPLAN_S',3,'1','','','1','1','2','','','');
insert into ib_conf_form_table_colums(PACKAGENAME,FORMNAME,FORMCOLUMN,FORMCOLUMNTITLE,TABLECOLUMN, TABLENAME,COLUMNNO,FCTYPE,FCWIDTH,FCHEIGHT,FCDISPLAY,FCEDIT,FCQUERY,FCMUST,FCDEFAULT, CONFSELECTINFO) values ('budgetmanage','annualChangePlan','IB_ANNUALCHANGEPLAN_S.MATERIALNAME','材料名称','MATERIALNAME','IB_ANNUALCHANGEPLAN_S',4,'1','','','1','1','2','','','');
insert into ib_conf_form_table_colums(PACKAGENAME,FORMNAME,FORMCOLUMN,FORMCOLUMNTITLE,TABLECOLUMN, TABLENAME,COLUMNNO,FCTYPE,FCWIDTH,FCHEIGHT,FCDISPLAY,FCEDIT,FCQUERY,FCMUST,FCDEFAULT, CONFSELECTINFO) values ('budgetmanage','annualChangePlan','IB_ANNUALCHANGEPLAN_S.MATERIALSPEC','规格/型号','MATERIALSPEC','IB_ANNUALCHANGEPLAN_S',5,'1','','','1','1','2','','','');
insert into ib_conf_form_table_colums(PACKAGENAME,FORMNAME,FORMCOLUMN,FORMCOLUMNTITLE,TABLECOLUMN, TABLENAME,COLUMNNO,FCTYPE,FCWIDTH,FCHEIGHT,FCDISPLAY,FCEDIT,FCQUERY,FCMUST,FCDEFAULT, CONFSELECTINFO) values ('budgetmanage','annualChangePlan','IB_ANNUALCHANGEPLAN_S.MATERIALUNIT','单位','MATERIALUNIT','IB_ANNUALCHANGEPLAN_S',6,'1','','','1','1','2','','','');
insert into ib_conf_form_table_colums(PACKAGENAME,FORMNAME,FORMCOLUMN,FORMCOLUMNTITLE,TABLECOLUMN, TABLENAME,COLUMNNO,FCTYPE,FCWIDTH,FCHEIGHT,FCDISPLAY,FCEDIT,FCQUERY,FCMUST,FCDEFAULT, CONFSELECTINFO) values ('budgetmanage','annualChangePlan','IB_ANNUALCHANGEPLAN_S.MATERIALPRICE','单价','MATERIALPRICE','IB_ANNUALCHANGEPLAN_S',7,'1','','','1','1','2','','','');
insert into ib_conf_form_table_colums(PACKAGENAME,FORMNAME,FORMCOLUMN,FORMCOLUMNTITLE,TABLECOLUMN, TABLENAME,COLUMNNO,FCTYPE,FCWIDTH,FCHEIGHT,FCDISPLAY,FCEDIT,FCQUERY,FCMUST,FCDEFAULT, CONFSELECTINFO) values ('budgetmanage','annualChangePlan','IB_ANNUALCHANGEPLAN_S.MATERIALNUM','数量','MATERIALNUM','IB_ANNUALCHANGEPLAN_S',8,'1','','','1','1','2','','','');
insert into ib_conf_form_table_colums(PACKAGENAME,FORMNAME,FORMCOLUMN,FORMCOLUMNTITLE,TABLECOLUMN, TABLENAME,COLUMNNO,FCTYPE,FCWIDTH,FCHEIGHT,FCDISPLAY,FCEDIT,FCQUERY,FCMUST,FCDEFAULT, CONFSELECTINFO) values ('budgetmanage','annualChangePlan','IB_ANNUALCHANGEPLAN_S.CHANGEPLANAM','变更前计划数','CHANGEPLANAM','IB_ANNUALCHANGEPLAN_S',9,'1','','','1','1','2','','','');
insert into ib_conf_form_table_colums(PACKAGENAME,FORMNAME,FORMCOLUMN,FORMCOLUMNTITLE,TABLECOLUMN, TABLENAME,COLUMNNO,FCTYPE,FCWIDTH,FCHEIGHT,FCDISPLAY,FCEDIT,FCQUERY,FCMUST,FCDEFAULT, CONFSELECTINFO) values ('budgetmanage','annualChangePlan','IB_ANNUALCHANGEPLAN_S.CHANGEAFTERPLANAM','变更后计划数','CHANGEAFTERPLANAM','IB_ANNUALCHANGEPLAN_S',10,'1','','','1','1','2','','','');
insert into ib_conf_form_table_colums(PACKAGENAME,FORMNAME,FORMCOLUMN,FORMCOLUMNTITLE,TABLECOLUMN, TABLENAME,COLUMNNO,FCTYPE,FCWIDTH,FCHEIGHT,FCDISPLAY,FCEDIT,FCQUERY,FCMUST,FCDEFAULT, CONFSELECTINFO) values ('budgetmanage','annualChangePlan','IB_ANNUALCHANGEPLAN_S.ADDPLANAM','增补、变更数','ADDPLANAM','IB_ANNUALCHANGEPLAN_S',11,'1','','','1','1','2','','','');
insert into ib_conf_form_table_colums(PACKAGENAME,FORMNAME,FORMCOLUMN,FORMCOLUMNTITLE,TABLECOLUMN, TABLENAME,COLUMNNO,FCTYPE,FCWIDTH,FCHEIGHT,FCDISPLAY,FCEDIT,FCQUERY,FCMUST,FCDEFAULT, CONFSELECTINFO) values ('budgetmanage','annualChangePlan','IB_ANNUALCHANGEPLAN_S.DEPTNAME','所属部门','DEPTNAME','IB_ANNUALCHANGEPLAN_S',12,'1','','','1','1','2','','','');
insert into ib_conf_form_table_colums(PACKAGENAME,FORMNAME,FORMCOLUMN,FORMCOLUMNTITLE,TABLECOLUMN, TABLENAME,COLUMNNO,FCTYPE,FCWIDTH,FCHEIGHT,FCDISPLAY,FCEDIT,FCQUERY,FCMUST,FCDEFAULT, CONFSELECTINFO) values ('budgetmanage','annualChangePlan','IB_ANNUALCHANGEPLAN_S.REMARK','备注','REMARK','IB_ANNUALCHANGEPLAN_S',13,'1','','','1','1','2','','','');
/*======= 表 ==========*/
insert into ib_conf_table(ID,PACKAGENAME,TABLENAME,TABLENAMECOMMENT,TABLETYPE, PARENTTABLEID,ISBPMTABLE) values ('664848e3-dc60-41c6-b7bf-2856ff60a614','budgetmanage','IB_ANNUALCHANGEPLAN','经营预算年度计划增补、变更流程表','1','',1);
insert into ib_conf_table(ID,PACKAGENAME,TABLENAME,TABLENAMECOMMENT,TABLETYPE, PARENTTABLEID,ISBPMTABLE) values ('adc06f32-5a5a-4a50-a16c-847aed55338f','budgetmanage','IB_ANNUALCHANGEPLAN_S','经营预算年度计划增补、变更流程子表','2','',1);
/*======= 表字段 ==========*/
insert into ib_conf_table_columns(tableName,columnValue,columnName,columnType,columnSize, isNull,defaultValue,columnNo) values ('IB_ANNUALCHANGEPLAN','PLANYEAR','计划年','VARCHAR','32','是','',1);
insert into ib_conf_table_columns(tableName,columnValue,columnName,columnType,columnSize, isNull,defaultValue,columnNo) values ('IB_ANNUALCHANGEPLAN','PLANNAME','计划名称','VARCHAR','256','是','',2);
insert into ib_conf_table_columns(tableName,columnValue,columnName,columnType,columnSize, isNull,defaultValue,columnNo) values ('IB_ANNUALCHANGEPLAN','DEPTNAME','编制部门','VARCHAR','64','是','',3);
insert into ib_conf_table_columns(tableName,columnValue,columnName,columnType,columnSize, isNull,defaultValue,columnNo) values ('IB_ANNUALCHANGEPLAN','EVENTTIME','编制时间','DATE','0','是','',4);
insert into ib_conf_table_columns(tableName,columnValue,columnName,columnType,columnSize, isNull,defaultValue,columnNo) values ('IB_ANNUALCHANGEPLAN','PLANNO','编号','VARCHAR','64','是','',5);
insert into ib_conf_table_columns(tableName,columnValue,columnName,columnType,columnSize, isNull,defaultValue,columnNo) values ('IB_ANNUALCHANGEPLAN','PROJECTTYPE','项目类别','VARCHAR','64','是','',6);
insert into ib_conf_table_columns(tableName,columnValue,columnName,columnType,columnSize, isNull,defaultValue,columnNo) values ('IB_ANNUALCHANGEPLAN','PROJECTNAME','项目名称','VARCHAR','128','是','',7);
insert into ib_conf_table_columns(tableName,columnValue,columnName,columnType,columnSize, isNull,defaultValue,columnNo) values ('IB_ANNUALCHANGEPLAN','OLDPLANAMOUNT','原计划数','NUMBER','12,2','是','',8);
insert into ib_conf_table_columns(tableName,columnValue,columnName,columnType,columnSize, isNull,defaultValue,columnNo) values ('IB_ANNUALCHANGEPLAN','CHANGEPLANAM','项目变更前计划数','NUMBER','12,2','是','',9);
insert into ib_conf_table_columns(tableName,columnValue,columnName,columnType,columnSize, isNull,defaultValue,columnNo) values ('IB_ANNUALCHANGEPLAN','CHANGEAFTERPLANAM','项目变更后计划数','NUMBER','12,2','是','',10);
insert into ib_conf_table_columns(tableName,columnValue,columnName,columnType,columnSize, isNull,defaultValue,columnNo) values ('IB_ANNUALCHANGEPLAN','ADDPLANAM','项目增补、变更数','NUMBER','12,2','是','',11);
insert into ib_conf_table_columns(tableName,columnValue,columnName,columnType,columnSize, isNull,defaultValue,columnNo) values ('IB_ANNUALCHANGEPLAN','PLANAMOUNT','现计划数','NUMBER','12,2','是','',12);
insert into ib_conf_table_columns(tableName,columnValue,columnName,columnType,columnSize, isNull,defaultValue,columnNo) values ('IB_ANNUALCHANGEPLAN','DEPTUSER','科员备注','VARCHAR','512','是','',13);
insert into ib_conf_table_columns(tableName,columnValue,columnName,columnType,columnSize, isNull,defaultValue,columnNo) values ('IB_ANNUALCHANGEPLAN','DEPTLEADER','科长审批','VARCHAR','512','是','',14);
insert into ib_conf_table_columns(tableName,columnValue,columnName,columnType,columnSize, isNull,defaultValue,columnNo) values ('IB_ANNUALCHANGEPLAN','GENERALMANAGER','总经理审批','VARCHAR','512','是','',15);
insert into ib_conf_table_columns(tableName,columnValue,columnName,columnType,columnSize, isNull,defaultValue,columnNo) values ('IB_ANNUALCHANGEPLAN','ID','UUID主键','VARCHAR','64','否','',91);
insert into ib_conf_table_columns(tableName,columnValue,columnName,columnType,columnSize, isNull,defaultValue,columnNo) values ('IB_ANNUALCHANGEPLAN','EXECUTIONID','流程执行实例ID','VARCHAR','64','是','',92);
insert into ib_conf_table_columns(tableName,columnValue,columnName,columnType,columnSize, isNull,defaultValue,columnNo) values ('IB_ANNUALCHANGEPLAN','CREATEDATEBPM','流程创建时间','DATETIME','','是','',93);
insert into ib_conf_table_columns(tableName,columnValue,columnName,columnType,columnSize, isNull,defaultValue,columnNo) values ('IB_ANNUALCHANGEPLAN','NODENAME','流程节点名','VARCHAR','128','是','',94);
insert into ib_conf_table_columns(tableName,columnValue,columnName,columnType,columnSize, isNull,defaultValue,columnNo) values ('IB_ANNUALCHANGEPLAN','USERNAME','负责人名','VARCHAR','128','是','',95);
insert into ib_conf_table_columns(tableName,columnValue,columnName,columnType,columnSize, isNull,defaultValue,columnNo) values ('IB_ANNUALCHANGEPLAN','ASSIGNEEUSER','负责人','VARCHAR','64','是','',95);
insert into ib_conf_table_columns(tableName,columnValue,columnName,columnType,columnSize, isNull,defaultValue,columnNo) values ('IB_ANNUALCHANGEPLAN','DONEFLAG','流程结束标记','INTEGER','4','是','',96);
insert into ib_conf_table_columns(tableName,columnValue,columnName,columnType,columnSize, isNull,defaultValue,columnNo) values ('IB_ANNUALCHANGEPLAN','TASKTITLE','流程实例标题','VARCHAR','256','是','',97);
insert into ib_conf_table_columns(tableName,columnValue,columnName,columnType,columnSize, isNull,defaultValue,columnNo) values ('IB_ANNUALCHANGEPLAN_S','PROJECTTYPE','项目类别','VARCHAR','32','是','',1);
insert into ib_conf_table_columns(tableName,columnValue,columnName,columnType,columnSize, isNull,defaultValue,columnNo) values ('IB_ANNUALCHANGEPLAN_S','PROJECTNAME','项目名称','VARCHAR','256','是','',2);
insert into ib_conf_table_columns(tableName,columnValue,columnName,columnType,columnSize, isNull,defaultValue,columnNo) values ('IB_ANNUALCHANGEPLAN_S','MATERIALTYPE','材料类别','VARCHAR','128','是','',3);
insert into ib_conf_table_columns(tableName,columnValue,columnName,columnType,columnSize, isNull,defaultValue,columnNo) values ('IB_ANNUALCHANGEPLAN_S','MATERIALNAME','材料名称','VARCHAR','64','是','',4);
insert into ib_conf_table_columns(tableName,columnValue,columnName,columnType,columnSize, isNull,defaultValue,columnNo) values ('IB_ANNUALCHANGEPLAN_S','MATERIALSPEC','规格/型号','VARCHAR','64','是','',5);
insert into ib_conf_table_columns(tableName,columnValue,columnName,columnType,columnSize, isNull,defaultValue,columnNo) values ('IB_ANNUALCHANGEPLAN_S','MATERIALUNIT','单位','VARCHAR','64','是','',6);
insert into ib_conf_table_columns(tableName,columnValue,columnName,columnType,columnSize, isNull,defaultValue,columnNo) values ('IB_ANNUALCHANGEPLAN_S','MATERIALPRICE','单价','NUMBER','12,2','是','',7);
insert into ib_conf_table_columns(tableName,columnValue,columnName,columnType,columnSize, isNull,defaultValue,columnNo) values ('IB_ANNUALCHANGEPLAN_S','MATERIALNUM','数量','NUMBER','10','是','',8);
insert into ib_conf_table_columns(tableName,columnValue,columnName,columnType,columnSize, isNull,defaultValue,columnNo) values ('IB_ANNUALCHANGEPLAN_S','CHANGEPLANAM','变更前计划数','NUMBER','12,2','是','',9);
insert into ib_conf_table_columns(tableName,columnValue,columnName,columnType,columnSize, isNull,defaultValue,columnNo) values ('IB_ANNUALCHANGEPLAN_S','CHANGEAFTERPLANAM','变更后计划数','NUMBER','12,2','是','',10);
insert into ib_conf_table_columns(tableName,columnValue,columnName,columnType,columnSize, isNull,defaultValue,columnNo) values ('IB_ANNUALCHANGEPLAN_S','ADDPLANAM','增补、变更数','NUMBER','12,2','是','',11);
insert into ib_conf_table_columns(tableName,columnValue,columnName,columnType,columnSize, isNull,defaultValue,columnNo) values ('IB_ANNUALCHANGEPLAN_S','DEPTNAME','所属部门','VARCHAR','64','是','',12);
insert into ib_conf_table_columns(tableName,columnValue,columnName,columnType,columnSize, isNull,defaultValue,columnNo) values ('IB_ANNUALCHANGEPLAN_S','REMARK','备注','VARCHAR','512','是','',13);
insert into ib_conf_table_columns(tableName,columnValue,columnName,columnType,columnSize, isNull,defaultValue,columnNo) values ('IB_ANNUALCHANGEPLAN_S','ID','UUID主键','VARCHAR','64','否','',91);
insert into ib_conf_table_columns(tableName,columnValue,columnName,columnType,columnSize, isNull,defaultValue,columnNo) values ('IB_ANNUALCHANGEPLAN_S','PARENTID','主表UUID','VARCHAR','64','否','',92);

/* ================================================================================   */
/* ==================== 年度经营预算材料计划汇总流程 ===========================  */
/* ================================================================================   */
/*======= 流程 ==========*/
INSERT INTO IB_BPM_PROCESS(ID,PACKAGENAME,FLOWNAME,FLOWTITLE,VERSIONID, FORMID,FLOWURL) VALUES('annualMaterialPlan001','budgetmanage','annualMaterialPlan','年度经营预算材料计划汇总流程','188a2508-98a6-4a5a-abbe-a64034242fdd','43343d17-f230-4e70-a77b-4389bda7f845','/annualmaterialplan/annualmaterialplan-list.do?flowType=0&flowId=annualMaterialPlan001');
/*======= 流程图 ==========*/
insert into ib_conf_flow_chart(ID,FLOWID,ITEMID,NODEID,CONTEXT) values ('02296381-df5a-4175-bad5-c37022709c0b','annualMaterialPlan001','0e8e81ff-1efe-4efb-96eb-4648eb2c4362','','{"id":"0e8e81ff-1efe-4efb-96eb-4648eb2c4362","name":"泳道","type":"Lane","title":"科长审批","x":"0","y":"150","width":"35","height":"110"}');
insert into ib_conf_flow_chart(ID,FLOWID,ITEMID,NODEID,CONTEXT) values ('03560c91-6a70-4afe-9902-2fabf6378386','annualMaterialPlan001','26905b4a-3145-46fe-b1b5-70604b8520c9','','{"id":"26905b4a-3145-46fe-b1b5-70604b8520c9","name":"泳道","type":"Lane","title":"财务负责人审批","x":"0","y":"260","width":"35","height":"110"}');
insert into ib_conf_flow_chart(ID,FLOWID,ITEMID,NODEID,CONTEXT) values ('101fc272-7fbe-4176-bb35-32c7baa833b4','annualMaterialPlan001','d1a47059-473a-4405-9e8b-ce7ab9275440','','{"id":"d1a47059-473a-4405-9e8b-ce7ab9275440","name":"泳道","type":"Lane","title":"经理审批","x":"0","y":"370","width":"35","height":"110"}');
insert into ib_conf_flow_chart(ID,FLOWID,ITEMID,NODEID,CONTEXT) values ('3d90e2b8-a6bd-4d48-a722-c03437382f89','annualMaterialPlan001','c24480c2-de13-40cb-8cc9-17a81574505f','','{"id":"c24480c2-de13-40cb-8cc9-17a81574505f","name":"经理审批","type":"TaskNode","title":"经理审批","x":"800","y":"395","width":"100","height":"50","headLineIds":"130b82ce-e0ed-465e-a1e3-0d9432d4c147","afterLineIds":"95454714-55e1-481b-9d81-dc0517cdcd2c"}');
insert into ib_conf_flow_chart(ID,FLOWID,ITEMID,NODEID,CONTEXT) values ('4d4692f6-69e8-41b4-a980-83d2a2320000','annualMaterialPlan001','43672ec5-a221-4064-9fac-f9fac689aaa4','','{"id":"43672ec5-a221-4064-9fac-f9fac689aaa4","name":"泳道","type":"Lane","title":"计划员","x":"0","y":"40","width":"35","height":"110"}');
insert into ib_conf_flow_chart(ID,FLOWID,ITEMID,NODEID,CONTEXT) values ('52d3b6cd-454c-4f5f-8eda-3ed561f9542a','annualMaterialPlan001','130b82ce-e0ed-465e-a1e3-0d9432d4c147','','{"id":"130b82ce-e0ed-465e-a1e3-0d9432d4c147","name":"线","type":"Line","title":"经理审批","x":"0","y":"370","realPoints":"650,335,650,420,800,420","startElmId":"a28e34a7-6130-4727-a26c-dd7b5c847944","endElmId":"c24480c2-de13-40cb-8cc9-17a81574505f"}');
insert into ib_conf_flow_chart(ID,FLOWID,ITEMID,NODEID,CONTEXT) values ('6085dd55-2780-49c2-b351-72d05317d72a','annualMaterialPlan001','8365f557-7888-4b4d-8819-d5f0c89aa8d0','','{"id":"8365f557-7888-4b4d-8819-d5f0c89aa8d0","name":"线","type":"Line","title":"财务负责人审批","x":"0","y":"260","realPoints":"450,225,450,310,600,310","startElmId":"7a3acfea-4742-42ac-91e0-7cdb14217c9a","endElmId":"a28e34a7-6130-4727-a26c-dd7b5c847944"}');
insert into ib_conf_flow_chart(ID,FLOWID,ITEMID,NODEID,CONTEXT) values ('6e5473a0-4fd3-406d-b9ae-2341b9fe2320','annualMaterialPlan001','7a3acfea-4742-42ac-91e0-7cdb14217c9a','','{"id":"7a3acfea-4742-42ac-91e0-7cdb14217c9a","name":"科长审批","type":"TaskNode","title":"科长审批","x":"400","y":"175","width":"100","height":"50","headLineIds":"85f11cb2-b2c9-4865-940b-a623cd9c3de4","afterLineIds":"8365f557-7888-4b4d-8819-d5f0c89aa8d0"}');
insert into ib_conf_flow_chart(ID,FLOWID,ITEMID,NODEID,CONTEXT) values ('72092820-b9ba-4a03-8aff-6334ffaa3c29','annualMaterialPlan001','95454714-55e1-481b-9d81-dc0517cdcd2c','','{"id":"95454714-55e1-481b-9d81-dc0517cdcd2c","name":"线","type":"Line","title":"经理审批","x":"0","y":"370","realPoints":"900,420,950,420,950,420","startElmId":"c24480c2-de13-40cb-8cc9-17a81574505f","endElmId":"f58e25be-e249-4124-8c37-335a1b8881be"}');
insert into ib_conf_flow_chart(ID,FLOWID,ITEMID,NODEID,CONTEXT) values ('7854a321-2138-465e-a79e-82b3074ca528','annualMaterialPlan001','f58e25be-e249-4124-8c37-335a1b8881be','','{"id":"f58e25be-e249-4124-8c37-335a1b8881be","name":"结束节点","type":"EndNode","title":"结束","x":"950","y":"395","width":"50","height":"50","headLineIds":"95454714-55e1-481b-9d81-dc0517cdcd2c"}');
insert into ib_conf_flow_chart(ID,FLOWID,ITEMID,NODEID,CONTEXT) values ('93375003-4a65-44b7-ab36-d161c9ca33eb','annualMaterialPlan001','85f11cb2-b2c9-4865-940b-a623cd9c3de4','','{"id":"85f11cb2-b2c9-4865-940b-a623cd9c3de4","name":"线","type":"Line","title":"科长审批","x":"0","y":"150","realPoints":"250,115,250,200,400,200","startElmId":"4f0fc0b8-6565-46ea-ba00-8d3a4ce2bf83","endElmId":"7a3acfea-4742-42ac-91e0-7cdb14217c9a"}');
insert into ib_conf_flow_chart(ID,FLOWID,ITEMID,NODEID,CONTEXT) values ('9a4186fd-fc29-450a-9344-ff24655c617f','annualMaterialPlan001','a28e34a7-6130-4727-a26c-dd7b5c847944','','{"id":"a28e34a7-6130-4727-a26c-dd7b5c847944","name":"财务负责人审批","type":"TaskNode","title":"财务负责人审批","x":"600","y":"285","width":"100","height":"50","headLineIds":"8365f557-7888-4b4d-8819-d5f0c89aa8d0","afterLineIds":"130b82ce-e0ed-465e-a1e3-0d9432d4c147"}');
insert into ib_conf_flow_chart(ID,FLOWID,ITEMID,NODEID,CONTEXT) values ('b96dd452-2268-43b7-94c7-bbde49b249da','annualMaterialPlan001','cd22b3c1-fb39-40d5-89e4-bf0cf7edcc94','','{"id":"cd22b3c1-fb39-40d5-89e4-bf0cf7edcc94","name":"线","type":"Line","title":"计划员","x":"0","y":"40","realPoints":"120,90,200,90","startElmId":"66a0e646-e4ba-47dc-a6ba-606ec80ccc55","endElmId":"4f0fc0b8-6565-46ea-ba00-8d3a4ce2bf83"}');
insert into ib_conf_flow_chart(ID,FLOWID,ITEMID,NODEID,CONTEXT) values ('d614b6e7-9fbc-4e24-8d4c-476badca36d1','annualMaterialPlan001','66a0e646-e4ba-47dc-a6ba-606ec80ccc55','','{"id":"66a0e646-e4ba-47dc-a6ba-606ec80ccc55","name":"开始节点","type":"StartNode","title":"开始节点","x":"70","y":"65","width":"50","height":"50","afterLineIds":"cd22b3c1-fb39-40d5-89e4-bf0cf7edcc94"}');
insert into ib_conf_flow_chart(ID,FLOWID,ITEMID,NODEID,CONTEXT) values ('e46b1537-480d-44af-acbd-ef7c6b68b157','annualMaterialPlan001','4f0fc0b8-6565-46ea-ba00-8d3a4ce2bf83','','{"id":"4f0fc0b8-6565-46ea-ba00-8d3a4ce2bf83","name":"计划员","type":"TaskNode","title":"计划员","x":"200","y":"65","width":"100","height":"50","headLineIds":"cd22b3c1-fb39-40d5-89e4-bf0cf7edcc94","afterLineIds":"85f11cb2-b2c9-4865-940b-a623cd9c3de4"}');
/*======= 表单 ==========*/
 insert into ib_conf_form(ID,PACKAGENAME,FORMNAME,FORMTITLE,FORMURL, ISEDIT,ISADD,ISDELETE,ISQUERY,ISEXCELEXPORT,ISIMPORTEXPORT,ISBPMFORM) values ('43343d17-f230-4e70-a77b-4389bda7f845','budgetmanage','annualMaterialPlan','年度经营预算材料计划汇总表','/annualmaterialplan/annualmaterialplan-list.do',1,1,1,2,1,2,1);
/*======= 表单对应表 ==========*/
insert into ib_conf_form_table(PACKAGENAME,FORMNAME,TABLENAME,TABLETYPE) values ('budgetmanage','annualMaterialPlan','IB_ANNUALMATERIALPLAN','main');
insert into ib_conf_form_table(PACKAGENAME,FORMNAME,TABLENAME,TABLETYPE) values ('budgetmanage','annualMaterialPlan','IB_ANNUALMATERIALPLAN_S','sub');
/*======= 表单字段 ==========*/
insert into ib_conf_form_table_colums(PACKAGENAME,FORMNAME,FORMCOLUMN,FORMCOLUMNTITLE,TABLECOLUMN, TABLENAME,COLUMNNO,FCTYPE,FCWIDTH,FCHEIGHT,FCDISPLAY,FCEDIT,FCQUERY,FCMUST,FCDEFAULT, CONFSELECTINFO) values ('budgetmanage','annualMaterialPlan','IB_ANNUALMATERIALPLAN.PLANYEAR','计划年','PLANYEAR','IB_ANNUALMATERIALPLAN',1,'1','','','1','1','2','','','');
insert into ib_conf_form_table_colums(PACKAGENAME,FORMNAME,FORMCOLUMN,FORMCOLUMNTITLE,TABLECOLUMN, TABLENAME,COLUMNNO,FCTYPE,FCWIDTH,FCHEIGHT,FCDISPLAY,FCEDIT,FCQUERY,FCMUST,FCDEFAULT, CONFSELECTINFO) values ('budgetmanage','annualMaterialPlan','IB_ANNUALMATERIALPLAN.DEPTNAME','编制部门','DEPTNAME','IB_ANNUALMATERIALPLAN',2,'1','','','1','1','2','','','');
insert into ib_conf_form_table_colums(PACKAGENAME,FORMNAME,FORMCOLUMN,FORMCOLUMNTITLE,TABLECOLUMN, TABLENAME,COLUMNNO,FCTYPE,FCWIDTH,FCHEIGHT,FCDISPLAY,FCEDIT,FCQUERY,FCMUST,FCDEFAULT, CONFSELECTINFO) values ('budgetmanage','annualMaterialPlan','IB_ANNUALMATERIALPLAN.EVENTTIME','编制时间','EVENTTIME','IB_ANNUALMATERIALPLAN',3,'4','','','1','2','2','1','@currentDate','');
insert into ib_conf_form_table_colums(PACKAGENAME,FORMNAME,FORMCOLUMN,FORMCOLUMNTITLE,TABLECOLUMN, TABLENAME,COLUMNNO,FCTYPE,FCWIDTH,FCHEIGHT,FCDISPLAY,FCEDIT,FCQUERY,FCMUST,FCDEFAULT, CONFSELECTINFO) values ('budgetmanage','annualMaterialPlan','IB_ANNUALMATERIALPLAN.PLANNO','编号','PLANNO','IB_ANNUALMATERIALPLAN',4,'1','','','1','1','2','','','');
insert into ib_conf_form_table_colums(PACKAGENAME,FORMNAME,FORMCOLUMN,FORMCOLUMNTITLE,TABLECOLUMN, TABLENAME,COLUMNNO,FCTYPE,FCWIDTH,FCHEIGHT,FCDISPLAY,FCEDIT,FCQUERY,FCMUST,FCDEFAULT, CONFSELECTINFO) values ('budgetmanage','annualMaterialPlan','IB_ANNUALMATERIALPLAN.PLANAMOUNT','计划总数','PLANAMOUNT','IB_ANNUALMATERIALPLAN',5,'1','','','1','1','2','','','');
insert into ib_conf_form_table_colums(PACKAGENAME,FORMNAME,FORMCOLUMN,FORMCOLUMNTITLE,TABLECOLUMN, TABLENAME,COLUMNNO,FCTYPE,FCWIDTH,FCHEIGHT,FCDISPLAY,FCEDIT,FCQUERY,FCMUST,FCDEFAULT, CONFSELECTINFO) values ('budgetmanage','annualMaterialPlan','IB_ANNUALMATERIALPLAN.PLANNER','计划员申报','PLANNER','IB_ANNUALMATERIALPLAN',6,'1','','','1','1','2','','','');
insert into ib_conf_form_table_colums(PACKAGENAME,FORMNAME,FORMCOLUMN,FORMCOLUMNTITLE,TABLECOLUMN, TABLENAME,COLUMNNO,FCTYPE,FCWIDTH,FCHEIGHT,FCDISPLAY,FCEDIT,FCQUERY,FCMUST,FCDEFAULT, CONFSELECTINFO) values ('budgetmanage','annualMaterialPlan','IB_ANNUALMATERIALPLAN.DEPTLEADER','科长审批','DEPTLEADER','IB_ANNUALMATERIALPLAN',7,'1','','','1','1','2','','','');
insert into ib_conf_form_table_colums(PACKAGENAME,FORMNAME,FORMCOLUMN,FORMCOLUMNTITLE,TABLECOLUMN, TABLENAME,COLUMNNO,FCTYPE,FCWIDTH,FCHEIGHT,FCDISPLAY,FCEDIT,FCQUERY,FCMUST,FCDEFAULT, CONFSELECTINFO) values ('budgetmanage','annualMaterialPlan','IB_ANNUALMATERIALPLAN.FINANCIALLEADER','财务负责人审批','FINANCIALLEADER','IB_ANNUALMATERIALPLAN',8,'1','','','1','1','2','','','');
insert into ib_conf_form_table_colums(PACKAGENAME,FORMNAME,FORMCOLUMN,FORMCOLUMNTITLE,TABLECOLUMN, TABLENAME,COLUMNNO,FCTYPE,FCWIDTH,FCHEIGHT,FCDISPLAY,FCEDIT,FCQUERY,FCMUST,FCDEFAULT, CONFSELECTINFO) values ('budgetmanage','annualMaterialPlan','IB_ANNUALMATERIALPLAN.GENERALMANAGER','总经理审批','GENERALMANAGER','IB_ANNUALMATERIALPLAN',9,'1','','','1','1','2','','','');
insert into ib_conf_form_table_colums(PACKAGENAME,FORMNAME,FORMCOLUMN,FORMCOLUMNTITLE,TABLECOLUMN, TABLENAME,COLUMNNO,FCTYPE,FCWIDTH,FCHEIGHT,FCDISPLAY,FCEDIT,FCQUERY,FCMUST,FCDEFAULT, CONFSELECTINFO) values ('budgetmanage','annualMaterialPlan','IB_ANNUALMATERIALPLAN_S.PROJECTTYPE','资金项目类别','PROJECTTYPE','IB_ANNUALMATERIALPLAN_S',1,'1','','','1','1','2','','','');
insert into ib_conf_form_table_colums(PACKAGENAME,FORMNAME,FORMCOLUMN,FORMCOLUMNTITLE,TABLECOLUMN, TABLENAME,COLUMNNO,FCTYPE,FCWIDTH,FCHEIGHT,FCDISPLAY,FCEDIT,FCQUERY,FCMUST,FCDEFAULT, CONFSELECTINFO) values ('budgetmanage','annualMaterialPlan','IB_ANNUALMATERIALPLAN_S.PROJECTNAME','项目名称','PROJECTNAME','IB_ANNUALMATERIALPLAN_S',2,'1','','','1','1','2','','','');
insert into ib_conf_form_table_colums(PACKAGENAME,FORMNAME,FORMCOLUMN,FORMCOLUMNTITLE,TABLECOLUMN, TABLENAME,COLUMNNO,FCTYPE,FCWIDTH,FCHEIGHT,FCDISPLAY,FCEDIT,FCQUERY,FCMUST,FCDEFAULT, CONFSELECTINFO) values ('budgetmanage','annualMaterialPlan','IB_ANNUALMATERIALPLAN_S.MATERIALTYPE','物料类别','MATERIALTYPE','IB_ANNUALMATERIALPLAN_S',3,'1','','','1','1','2','','','');
insert into ib_conf_form_table_colums(PACKAGENAME,FORMNAME,FORMCOLUMN,FORMCOLUMNTITLE,TABLECOLUMN, TABLENAME,COLUMNNO,FCTYPE,FCWIDTH,FCHEIGHT,FCDISPLAY,FCEDIT,FCQUERY,FCMUST,FCDEFAULT, CONFSELECTINFO) values ('budgetmanage','annualMaterialPlan','IB_ANNUALMATERIALPLAN_S.MATERIALNAME','物料详细名称','MATERIALNAME','IB_ANNUALMATERIALPLAN_S',4,'1','','','1','1','2','','','');
insert into ib_conf_form_table_colums(PACKAGENAME,FORMNAME,FORMCOLUMN,FORMCOLUMNTITLE,TABLECOLUMN, TABLENAME,COLUMNNO,FCTYPE,FCWIDTH,FCHEIGHT,FCDISPLAY,FCEDIT,FCQUERY,FCMUST,FCDEFAULT, CONFSELECTINFO) values ('budgetmanage','annualMaterialPlan','IB_ANNUALMATERIALPLAN_S.PLANAMOUNTS','计划数','PLANAMOUNTS','IB_ANNUALMATERIALPLAN_S',5,'1','','','1','1','2','','','');
insert into ib_conf_form_table_colums(PACKAGENAME,FORMNAME,FORMCOLUMN,FORMCOLUMNTITLE,TABLECOLUMN, TABLENAME,COLUMNNO,FCTYPE,FCWIDTH,FCHEIGHT,FCDISPLAY,FCEDIT,FCQUERY,FCMUST,FCDEFAULT, CONFSELECTINFO) values ('budgetmanage','annualMaterialPlan','IB_ANNUALMATERIALPLAN_S.DEPTNAME','所属部门','DEPTNAME','IB_ANNUALMATERIALPLAN_S',6,'1','','','1','1','2','','','');
insert into ib_conf_form_table_colums(PACKAGENAME,FORMNAME,FORMCOLUMN,FORMCOLUMNTITLE,TABLECOLUMN, TABLENAME,COLUMNNO,FCTYPE,FCWIDTH,FCHEIGHT,FCDISPLAY,FCEDIT,FCQUERY,FCMUST,FCDEFAULT, CONFSELECTINFO) values ('budgetmanage','annualMaterialPlan','IB_ANNUALMATERIALPLAN_S.REMARK','备注','REMARK','IB_ANNUALMATERIALPLAN_S',7,'1','','','1','1','2','','','');
/*======= 表 ==========*/
insert into ib_conf_table(ID,PACKAGENAME,TABLENAME,TABLENAMECOMMENT,TABLETYPE, PARENTTABLEID,ISBPMTABLE) values ('2b900cb3-2ced-4ddd-80f0-2b27d046bdc0','budgetmanage','IB_ANNUALMATERIALPLAN','年度经营预算材料计划汇总表','1','',1);
insert into ib_conf_table(ID,PACKAGENAME,TABLENAME,TABLENAMECOMMENT,TABLETYPE, PARENTTABLEID,ISBPMTABLE) values ('73845e13-385f-43d9-bf6e-79926ec61e4d','budgetmanage','IB_ANNUALMATERIALPLAN_S','年度经营预算材料计划汇总子表','2','',1);
/*======= 表字段 ==========*/
insert into ib_conf_table_columns(tableName,columnValue,columnName,columnType,columnSize, isNull,defaultValue,columnNo) values ('IB_ANNUALMATERIALPLAN','PLANYEAR','计划年','VARCHAR','32','是','',1);
insert into ib_conf_table_columns(tableName,columnValue,columnName,columnType,columnSize, isNull,defaultValue,columnNo) values ('IB_ANNUALMATERIALPLAN','DEPTNAME','编制部门','VARCHAR','128','是','',2);
insert into ib_conf_table_columns(tableName,columnValue,columnName,columnType,columnSize, isNull,defaultValue,columnNo) values ('IB_ANNUALMATERIALPLAN','EVENTTIME','编制时间','DATE','0','是','',3);
insert into ib_conf_table_columns(tableName,columnValue,columnName,columnType,columnSize, isNull,defaultValue,columnNo) values ('IB_ANNUALMATERIALPLAN','PLANNO','编号','VARCHAR','64','是','',4);
insert into ib_conf_table_columns(tableName,columnValue,columnName,columnType,columnSize, isNull,defaultValue,columnNo) values ('IB_ANNUALMATERIALPLAN','PLANAMOUNT','计划总数','NUMBER','12,2','是','',5);
insert into ib_conf_table_columns(tableName,columnValue,columnName,columnType,columnSize, isNull,defaultValue,columnNo) values ('IB_ANNUALMATERIALPLAN','PLANNER','计划员申报','VARCHAR','512','是','',6);
insert into ib_conf_table_columns(tableName,columnValue,columnName,columnType,columnSize, isNull,defaultValue,columnNo) values ('IB_ANNUALMATERIALPLAN','DEPTLEADER','科长审批','VARCHAR','512','是','',7);
insert into ib_conf_table_columns(tableName,columnValue,columnName,columnType,columnSize, isNull,defaultValue,columnNo) values ('IB_ANNUALMATERIALPLAN','FINANCIALLEADER','财务负责人审批','VARCHAR','512','是','',8);
insert into ib_conf_table_columns(tableName,columnValue,columnName,columnType,columnSize, isNull,defaultValue,columnNo) values ('IB_ANNUALMATERIALPLAN','GENERALMANAGER','总经理审批','VARCHAR','512','是','',9);
insert into ib_conf_table_columns(tableName,columnValue,columnName,columnType,columnSize, isNull,defaultValue,columnNo) values ('IB_ANNUALMATERIALPLAN','ID','UUID主键','VARCHAR','64','否','',91);
insert into ib_conf_table_columns(tableName,columnValue,columnName,columnType,columnSize, isNull,defaultValue,columnNo) values ('IB_ANNUALMATERIALPLAN','EXECUTIONID','流程执行实例ID','VARCHAR','64','是','',92);
insert into ib_conf_table_columns(tableName,columnValue,columnName,columnType,columnSize, isNull,defaultValue,columnNo) values ('IB_ANNUALMATERIALPLAN','CREATEDATEBPM','流程创建时间','DATETIME','','是','',93);
insert into ib_conf_table_columns(tableName,columnValue,columnName,columnType,columnSize, isNull,defaultValue,columnNo) values ('IB_ANNUALMATERIALPLAN','NODENAME','流程节点名','VARCHAR','128','是','',94);
insert into ib_conf_table_columns(tableName,columnValue,columnName,columnType,columnSize, isNull,defaultValue,columnNo) values ('IB_ANNUALMATERIALPLAN','USERNAME','负责人名','VARCHAR','128','是','',95);
insert into ib_conf_table_columns(tableName,columnValue,columnName,columnType,columnSize, isNull,defaultValue,columnNo) values ('IB_ANNUALMATERIALPLAN','ASSIGNEEUSER','负责人','VARCHAR','64','是','',95);
insert into ib_conf_table_columns(tableName,columnValue,columnName,columnType,columnSize, isNull,defaultValue,columnNo) values ('IB_ANNUALMATERIALPLAN','DONEFLAG','流程结束标记','INTEGER','4','是','',96);
insert into ib_conf_table_columns(tableName,columnValue,columnName,columnType,columnSize, isNull,defaultValue,columnNo) values ('IB_ANNUALMATERIALPLAN','TASKTITLE','流程实例标题','VARCHAR','256','是','',97);
insert into ib_conf_table_columns(tableName,columnValue,columnName,columnType,columnSize, isNull,defaultValue,columnNo) values ('IB_ANNUALMATERIALPLAN_S','PROJECTTYPE','资金项目类别','VARCHAR','128','是','',1);
insert into ib_conf_table_columns(tableName,columnValue,columnName,columnType,columnSize, isNull,defaultValue,columnNo) values ('IB_ANNUALMATERIALPLAN_S','PROJECTNAME','项目名称','VARCHAR','128','是','',2);
insert into ib_conf_table_columns(tableName,columnValue,columnName,columnType,columnSize, isNull,defaultValue,columnNo) values ('IB_ANNUALMATERIALPLAN_S','MATERIALTYPE','物料类别','VARCHAR','128','是','',3);
insert into ib_conf_table_columns(tableName,columnValue,columnName,columnType,columnSize, isNull,defaultValue,columnNo) values ('IB_ANNUALMATERIALPLAN_S','MATERIALNAME','物料详细名称','VARCHAR','128','是','',4);
insert into ib_conf_table_columns(tableName,columnValue,columnName,columnType,columnSize, isNull,defaultValue,columnNo) values ('IB_ANNUALMATERIALPLAN_S','PLANAMOUNTS','计划数','NUMBER','12,2','是','',5);
insert into ib_conf_table_columns(tableName,columnValue,columnName,columnType,columnSize, isNull,defaultValue,columnNo) values ('IB_ANNUALMATERIALPLAN_S','DEPTNAME','所属部门','VARCHAR','128','是','',6);
insert into ib_conf_table_columns(tableName,columnValue,columnName,columnType,columnSize, isNull,defaultValue,columnNo) values ('IB_ANNUALMATERIALPLAN_S','REMARK','备注','VARCHAR','512','是','',7);
insert into ib_conf_table_columns(tableName,columnValue,columnName,columnType,columnSize, isNull,defaultValue,columnNo) values ('IB_ANNUALMATERIALPLAN_S','ID','UUID主键','VARCHAR','64','否','',91);
insert into ib_conf_table_columns(tableName,columnValue,columnName,columnType,columnSize, isNull,defaultValue,columnNo) values ('IB_ANNUALMATERIALPLAN_S','PARENTID','主表UUID','VARCHAR','64','否','',92);

/* ================================================================================   */
/* ==================== 经营预算月计划流程 ===========================  */
/* ================================================================================   */
/*======= 流程 ==========*/
INSERT INTO IB_BPM_PROCESS(ID,PACKAGENAME,FLOWNAME,FLOWTITLE,VERSIONID, FORMID,FLOWURL) VALUES('monthBudgetPlan001','budgetmanage','monthBudgetPlan','经营预算月计划流程','0ee9de6b-f57b-4999-8daa-452fb279b793','c96e9f9b-c688-4246-9082-1174c5759d80','/monthbudgetplan/monthbudgetplan-list.do?flowType=0&flowId=monthBudgetPlan001');
/*======= 流程图 ==========*/
insert into ib_conf_flow_chart(ID,FLOWID,ITEMID,NODEID,CONTEXT) values ('004b35f1-547d-49ae-8404-d652a506032a','monthBudgetPlan001','ae248f9b-23be-4ab8-855c-cdf2715b5a1d','','{"id":"ae248f9b-23be-4ab8-855c-cdf2715b5a1d","name":"线","type":"Line","title":"计划员确认","x":"0","y":"370","realPoints":"650,335,650,420,800,420","startElmId":"b2d9c1cb-59db-4c07-94c3-0800762d6819","endElmId":"352e2f3d-5edc-4b31-931c-34266c609ecc"}');
insert into ib_conf_flow_chart(ID,FLOWID,ITEMID,NODEID,CONTEXT) values ('102d854b-95cd-41f4-98db-4809804c5838','monthBudgetPlan001','80bbffdf-cc4e-4769-b9a7-455c30ce5339','','{"id":"80bbffdf-cc4e-4769-b9a7-455c30ce5339","name":"开始节点","type":"StartNode","title":"开始节点","x":"70","y":"65","width":"50","height":"50","afterLineIds":"64b10a3e-bdea-4065-8825-0e9b4aa8b4d4"}');
insert into ib_conf_flow_chart(ID,FLOWID,ITEMID,NODEID,CONTEXT) values ('4fac319b-f429-4f0d-8786-05e28adac9ad','monthBudgetPlan001','20fac183-4558-4efb-9f28-6114a52449a4','','{"id":"20fac183-4558-4efb-9f28-6114a52449a4","name":"泳道","type":"Lane","title":"计划员确认","x":"0","y":"370","width":"35","height":"110"}');
insert into ib_conf_flow_chart(ID,FLOWID,ITEMID,NODEID,CONTEXT) values ('83873cab-3d39-477f-a7c2-58b57521c8b1','monthBudgetPlan001','c67d2d7b-9b9b-43c6-ada9-406208c10dc8','','{"id":"c67d2d7b-9b9b-43c6-ada9-406208c10dc8","name":"线","type":"Line","title":"科长","x":"0","y":"150","realPoints":"250,115,250,200,400,200","startElmId":"dc7a281e-0b7a-4957-8f35-81db4c66c760","endElmId":"73702817-0777-463a-9b29-d4e164066d0d"}');
insert into ib_conf_flow_chart(ID,FLOWID,ITEMID,NODEID,CONTEXT) values ('8622ce1c-9b1b-4cc3-9bf1-bbce7a3be00e','monthBudgetPlan001','dc7a281e-0b7a-4957-8f35-81db4c66c760','','{"id":"dc7a281e-0b7a-4957-8f35-81db4c66c760","name":"发起","type":"TaskNode","title":"发起","x":"200","y":"65","width":"100","height":"50","headLineIds":"64b10a3e-bdea-4065-8825-0e9b4aa8b4d4","afterLineIds":"c67d2d7b-9b9b-43c6-ada9-406208c10dc8"}');
insert into ib_conf_flow_chart(ID,FLOWID,ITEMID,NODEID,CONTEXT) values ('8645b31b-3540-4553-a1f3-31b97edd1720','monthBudgetPlan001','73702817-0777-463a-9b29-d4e164066d0d','','{"id":"73702817-0777-463a-9b29-d4e164066d0d","name":"科长","type":"TaskNode","title":"科长","x":"400","y":"175","width":"100","height":"50","headLineIds":"c67d2d7b-9b9b-43c6-ada9-406208c10dc8","afterLineIds":"616a2c58-1255-4484-a625-527e3e4750c0"}');
insert into ib_conf_flow_chart(ID,FLOWID,ITEMID,NODEID,CONTEXT) values ('a5089caf-361f-4922-905f-16513566012b','monthBudgetPlan001','c7907524-96d0-48e1-a0b6-b3be955ef461','','{"id":"c7907524-96d0-48e1-a0b6-b3be955ef461","name":"泳道","type":"Lane","title":"主管领导审批","x":"0","y":"260","width":"35","height":"110"}');
insert into ib_conf_flow_chart(ID,FLOWID,ITEMID,NODEID,CONTEXT) values ('b14ef6b1-9b1d-46ea-a393-3b038e29e87c','monthBudgetPlan001','4ece3fe1-587c-4ed7-b8bc-58e397f34617','','{"id":"4ece3fe1-587c-4ed7-b8bc-58e397f34617","name":"泳道","type":"Lane","title":"科长","x":"0","y":"150","width":"35","height":"110"}');
insert into ib_conf_flow_chart(ID,FLOWID,ITEMID,NODEID,CONTEXT) values ('b5c1ebd6-10ec-4e5a-9ba2-12cd683a8ab3','monthBudgetPlan001','b63f08ef-e1a0-4121-a67b-411b34972197','','{"id":"b63f08ef-e1a0-4121-a67b-411b34972197","name":"线","type":"Line","title":"计划员确认","x":"0","y":"370","realPoints":"900,420,950,420,950,420","startElmId":"352e2f3d-5edc-4b31-931c-34266c609ecc","endElmId":"1717ed7d-316a-4ebd-9b6f-69f93cc0d116"}');
insert into ib_conf_flow_chart(ID,FLOWID,ITEMID,NODEID,CONTEXT) values ('bebca59d-7a25-4ee1-b4b4-698a60b75b5b','monthBudgetPlan001','64b10a3e-bdea-4065-8825-0e9b4aa8b4d4','','{"id":"64b10a3e-bdea-4065-8825-0e9b4aa8b4d4","name":"线","type":"Line","title":"发起","x":"0","y":"40","realPoints":"120,90,200,90","startElmId":"80bbffdf-cc4e-4769-b9a7-455c30ce5339","endElmId":"dc7a281e-0b7a-4957-8f35-81db4c66c760"}');
insert into ib_conf_flow_chart(ID,FLOWID,ITEMID,NODEID,CONTEXT) values ('c2f4a30a-e2a9-4ec2-aa67-b7bbd2d3a2d0','monthBudgetPlan001','0f53a023-91b1-4e59-8073-87a4e9b4c491','','{"id":"0f53a023-91b1-4e59-8073-87a4e9b4c491","name":"泳道","type":"Lane","title":"发起","x":"0","y":"40","width":"35","height":"110"}');
insert into ib_conf_flow_chart(ID,FLOWID,ITEMID,NODEID,CONTEXT) values ('e2b8c405-6829-4621-8c98-5cc96feaee84','monthBudgetPlan001','b2d9c1cb-59db-4c07-94c3-0800762d6819','','{"id":"b2d9c1cb-59db-4c07-94c3-0800762d6819","name":"主管领导审批","type":"TaskNode","title":"主管领导审批","x":"600","y":"285","width":"100","height":"50","headLineIds":"616a2c58-1255-4484-a625-527e3e4750c0","afterLineIds":"ae248f9b-23be-4ab8-855c-cdf2715b5a1d"}');
insert into ib_conf_flow_chart(ID,FLOWID,ITEMID,NODEID,CONTEXT) values ('e3753104-c7f1-4735-a67f-e9b9bff8025d','monthBudgetPlan001','616a2c58-1255-4484-a625-527e3e4750c0','','{"id":"616a2c58-1255-4484-a625-527e3e4750c0","name":"线","type":"Line","title":"主管领导审批","x":"0","y":"260","realPoints":"450,225,450,310,600,310","startElmId":"73702817-0777-463a-9b29-d4e164066d0d","endElmId":"b2d9c1cb-59db-4c07-94c3-0800762d6819"}');
insert into ib_conf_flow_chart(ID,FLOWID,ITEMID,NODEID,CONTEXT) values ('e6d2178c-6a90-4bbe-979b-3d4f789bf4d0','monthBudgetPlan001','352e2f3d-5edc-4b31-931c-34266c609ecc','','{"id":"352e2f3d-5edc-4b31-931c-34266c609ecc","name":"计划员确认","type":"TaskNode","title":"计划员确认","x":"800","y":"395","width":"100","height":"50","headLineIds":"ae248f9b-23be-4ab8-855c-cdf2715b5a1d","afterLineIds":"b63f08ef-e1a0-4121-a67b-411b34972197"}');
insert into ib_conf_flow_chart(ID,FLOWID,ITEMID,NODEID,CONTEXT) values ('ffc8e579-4483-418f-93ba-fbda840f7024','monthBudgetPlan001','1717ed7d-316a-4ebd-9b6f-69f93cc0d116','','{"id":"1717ed7d-316a-4ebd-9b6f-69f93cc0d116","name":"结束节点","type":"EndNode","title":"结束","x":"950","y":"395","width":"50","height":"50","headLineIds":"b63f08ef-e1a0-4121-a67b-411b34972197"}');
/*======= 表单 ==========*/
 insert into ib_conf_form(ID,PACKAGENAME,FORMNAME,FORMTITLE,FORMURL, ISEDIT,ISADD,ISDELETE,ISQUERY,ISEXCELEXPORT,ISIMPORTEXPORT,ISBPMFORM) values ('c96e9f9b-c688-4246-9082-1174c5759d80','budgetmanage','monthBudgetPlan','经营预算月计划表','/monthbudgetplan/monthbudgetplan-list.do',1,1,1,2,1,2,1);
/*======= 表单对应表 ==========*/
insert into ib_conf_form_table(PACKAGENAME,FORMNAME,TABLENAME,TABLETYPE) values ('budgetmanage','monthBudgetPlan','IB_MONTHBUDGETPLAN','main');
insert into ib_conf_form_table(PACKAGENAME,FORMNAME,TABLENAME,TABLETYPE) values ('budgetmanage','monthBudgetPlan','IB_MONTHBUDGETPLAN_S','sub');
/*======= 表单字段 ==========*/
insert into ib_conf_form_table_colums(PACKAGENAME,FORMNAME,FORMCOLUMN,FORMCOLUMNTITLE,TABLECOLUMN, TABLENAME,COLUMNNO,FCTYPE,FCWIDTH,FCHEIGHT,FCDISPLAY,FCEDIT,FCQUERY,FCMUST,FCDEFAULT, CONFSELECTINFO) values ('budgetmanage','monthBudgetPlan','IB_MONTHBUDGETPLAN.PLANYEAR','计划年','PLANYEAR','IB_MONTHBUDGETPLAN',1,'1','','','1','1','2','','','');
insert into ib_conf_form_table_colums(PACKAGENAME,FORMNAME,FORMCOLUMN,FORMCOLUMNTITLE,TABLECOLUMN, TABLENAME,COLUMNNO,FCTYPE,FCWIDTH,FCHEIGHT,FCDISPLAY,FCEDIT,FCQUERY,FCMUST,FCDEFAULT, CONFSELECTINFO) values ('budgetmanage','monthBudgetPlan','IB_MONTHBUDGETPLAN.PLANMONTH','计划月','PLANMONTH','IB_MONTHBUDGETPLAN',2,'1','','','1','1','2','','','');
insert into ib_conf_form_table_colums(PACKAGENAME,FORMNAME,FORMCOLUMN,FORMCOLUMNTITLE,TABLECOLUMN, TABLENAME,COLUMNNO,FCTYPE,FCWIDTH,FCHEIGHT,FCDISPLAY,FCEDIT,FCQUERY,FCMUST,FCDEFAULT, CONFSELECTINFO) values ('budgetmanage','monthBudgetPlan','IB_MONTHBUDGETPLAN.DEPTNAME','编制部门','DEPTNAME','IB_MONTHBUDGETPLAN',3,'1','','','1','1','2','','','');
insert into ib_conf_form_table_colums(PACKAGENAME,FORMNAME,FORMCOLUMN,FORMCOLUMNTITLE,TABLECOLUMN, TABLENAME,COLUMNNO,FCTYPE,FCWIDTH,FCHEIGHT,FCDISPLAY,FCEDIT,FCQUERY,FCMUST,FCDEFAULT, CONFSELECTINFO) values ('budgetmanage','monthBudgetPlan','IB_MONTHBUDGETPLAN.EVENTTIME','编制时间','EVENTTIME','IB_MONTHBUDGETPLAN',4,'1','','','1','1','2','','','');
insert into ib_conf_form_table_colums(PACKAGENAME,FORMNAME,FORMCOLUMN,FORMCOLUMNTITLE,TABLECOLUMN, TABLENAME,COLUMNNO,FCTYPE,FCWIDTH,FCHEIGHT,FCDISPLAY,FCEDIT,FCQUERY,FCMUST,FCDEFAULT, CONFSELECTINFO) values ('budgetmanage','monthBudgetPlan','IB_MONTHBUDGETPLAN.PLANNO','编号','PLANNO','IB_MONTHBUDGETPLAN',5,'1','','','1','1','2','','','');
insert into ib_conf_form_table_colums(PACKAGENAME,FORMNAME,FORMCOLUMN,FORMCOLUMNTITLE,TABLECOLUMN, TABLENAME,COLUMNNO,FCTYPE,FCWIDTH,FCHEIGHT,FCDISPLAY,FCEDIT,FCQUERY,FCMUST,FCDEFAULT, CONFSELECTINFO) values ('budgetmanage','monthBudgetPlan','IB_MONTHBUDGETPLAN.PROJECTTYPE','项目类别','PROJECTTYPE','IB_MONTHBUDGETPLAN',6,'1','','','1','1','2','','','');
insert into ib_conf_form_table_colums(PACKAGENAME,FORMNAME,FORMCOLUMN,FORMCOLUMNTITLE,TABLECOLUMN, TABLENAME,COLUMNNO,FCTYPE,FCWIDTH,FCHEIGHT,FCDISPLAY,FCEDIT,FCQUERY,FCMUST,FCDEFAULT, CONFSELECTINFO) values ('budgetmanage','monthBudgetPlan','IB_MONTHBUDGETPLAN.PROJECTNAME','项目名称','PROJECTNAME','IB_MONTHBUDGETPLAN',7,'1','','','1','1','2','','','');
insert into ib_conf_form_table_colums(PACKAGENAME,FORMNAME,FORMCOLUMN,FORMCOLUMNTITLE,TABLECOLUMN, TABLENAME,COLUMNNO,FCTYPE,FCWIDTH,FCHEIGHT,FCDISPLAY,FCEDIT,FCQUERY,FCMUST,FCDEFAULT, CONFSELECTINFO) values ('budgetmanage','monthBudgetPlan','IB_MONTHBUDGETPLAN.PLANNAME','计划名称','PLANNAME','IB_MONTHBUDGETPLAN',8,'1','','','1','1','2','','','');
insert into ib_conf_form_table_colums(PACKAGENAME,FORMNAME,FORMCOLUMN,FORMCOLUMNTITLE,TABLECOLUMN, TABLENAME,COLUMNNO,FCTYPE,FCWIDTH,FCHEIGHT,FCDISPLAY,FCEDIT,FCQUERY,FCMUST,FCDEFAULT, CONFSELECTINFO) values ('budgetmanage','monthBudgetPlan','IB_MONTHBUDGETPLAN.MONTHPLANAMOUNT','月计划数','MONTHPLANAMOUNT','IB_MONTHBUDGETPLAN',9,'1','','','1','1','2','','','');
insert into ib_conf_form_table_colums(PACKAGENAME,FORMNAME,FORMCOLUMN,FORMCOLUMNTITLE,TABLECOLUMN, TABLENAME,COLUMNNO,FCTYPE,FCWIDTH,FCHEIGHT,FCDISPLAY,FCEDIT,FCQUERY,FCMUST,FCDEFAULT, CONFSELECTINFO) values ('budgetmanage','monthBudgetPlan','IB_MONTHBUDGETPLAN.ANNUALPLANAMOUNT','年计划数','ANNUALPLANAMOUNT','IB_MONTHBUDGETPLAN',10,'1','','','1','1','2','','','');
insert into ib_conf_form_table_colums(PACKAGENAME,FORMNAME,FORMCOLUMN,FORMCOLUMNTITLE,TABLECOLUMN, TABLENAME,COLUMNNO,FCTYPE,FCWIDTH,FCHEIGHT,FCDISPLAY,FCEDIT,FCQUERY,FCMUST,FCDEFAULT, CONFSELECTINFO) values ('budgetmanage','monthBudgetPlan','IB_MONTHBUDGETPLAN.ANNUALPLANBALANCE','年计划数余额','ANNUALPLANBALANCE','IB_MONTHBUDGETPLAN',11,'1','','','1','1','2','','','');
insert into ib_conf_form_table_colums(PACKAGENAME,FORMNAME,FORMCOLUMN,FORMCOLUMNTITLE,TABLECOLUMN, TABLENAME,COLUMNNO,FCTYPE,FCWIDTH,FCHEIGHT,FCDISPLAY,FCEDIT,FCQUERY,FCMUST,FCDEFAULT, CONFSELECTINFO) values ('budgetmanage','monthBudgetPlan','IB_MONTHBUDGETPLAN.DEPTLEADER','科长审批','DEPTLEADER','IB_MONTHBUDGETPLAN',12,'1','','','1','1','2','','','');
insert into ib_conf_form_table_colums(PACKAGENAME,FORMNAME,FORMCOLUMN,FORMCOLUMNTITLE,TABLECOLUMN, TABLENAME,COLUMNNO,FCTYPE,FCWIDTH,FCHEIGHT,FCDISPLAY,FCEDIT,FCQUERY,FCMUST,FCDEFAULT, CONFSELECTINFO) values ('budgetmanage','monthBudgetPlan','IB_MONTHBUDGETPLAN.DIRECTORMANAGER','主管领导审批','DIRECTORMANAGER','IB_MONTHBUDGETPLAN',13,'1','','','1','1','2','','','');
insert into ib_conf_form_table_colums(PACKAGENAME,FORMNAME,FORMCOLUMN,FORMCOLUMNTITLE,TABLECOLUMN, TABLENAME,COLUMNNO,FCTYPE,FCWIDTH,FCHEIGHT,FCDISPLAY,FCEDIT,FCQUERY,FCMUST,FCDEFAULT, CONFSELECTINFO) values ('budgetmanage','monthBudgetPlan','IB_MONTHBUDGETPLAN.PLANNER','计划员确认','PLANNER','IB_MONTHBUDGETPLAN',14,'1','','','1','1','2','','','');
insert into ib_conf_form_table_colums(PACKAGENAME,FORMNAME,FORMCOLUMN,FORMCOLUMNTITLE,TABLECOLUMN, TABLENAME,COLUMNNO,FCTYPE,FCWIDTH,FCHEIGHT,FCDISPLAY,FCEDIT,FCQUERY,FCMUST,FCDEFAULT, CONFSELECTINFO) values ('budgetmanage','monthBudgetPlan','IB_MONTHBUDGETPLAN_S.PLANYEAR','计划年','PLANYEAR','IB_MONTHBUDGETPLAN_S',1,'1','','','1','1','2','','','');
insert into ib_conf_form_table_colums(PACKAGENAME,FORMNAME,FORMCOLUMN,FORMCOLUMNTITLE,TABLECOLUMN, TABLENAME,COLUMNNO,FCTYPE,FCWIDTH,FCHEIGHT,FCDISPLAY,FCEDIT,FCQUERY,FCMUST,FCDEFAULT, CONFSELECTINFO) values ('budgetmanage','monthBudgetPlan','IB_MONTHBUDGETPLAN_S.PLANMONTH','计划月','PLANMONTH','IB_MONTHBUDGETPLAN_S',2,'1','','','1','1','2','','','');
insert into ib_conf_form_table_colums(PACKAGENAME,FORMNAME,FORMCOLUMN,FORMCOLUMNTITLE,TABLECOLUMN, TABLENAME,COLUMNNO,FCTYPE,FCWIDTH,FCHEIGHT,FCDISPLAY,FCEDIT,FCQUERY,FCMUST,FCDEFAULT, CONFSELECTINFO) values ('budgetmanage','monthBudgetPlan','IB_MONTHBUDGETPLAN_S.PROJECTTYPE','项目类别','PROJECTTYPE','IB_MONTHBUDGETPLAN_S',3,'1','','','1','1','2','','','');
insert into ib_conf_form_table_colums(PACKAGENAME,FORMNAME,FORMCOLUMN,FORMCOLUMNTITLE,TABLECOLUMN, TABLENAME,COLUMNNO,FCTYPE,FCWIDTH,FCHEIGHT,FCDISPLAY,FCEDIT,FCQUERY,FCMUST,FCDEFAULT, CONFSELECTINFO) values ('budgetmanage','monthBudgetPlan','IB_MONTHBUDGETPLAN_S.PROJECTNAME','项目名称','PROJECTNAME','IB_MONTHBUDGETPLAN_S',4,'1','','','1','1','2','','','');
insert into ib_conf_form_table_colums(PACKAGENAME,FORMNAME,FORMCOLUMN,FORMCOLUMNTITLE,TABLECOLUMN, TABLENAME,COLUMNNO,FCTYPE,FCWIDTH,FCHEIGHT,FCDISPLAY,FCEDIT,FCQUERY,FCMUST,FCDEFAULT, CONFSELECTINFO) values ('budgetmanage','monthBudgetPlan','IB_MONTHBUDGETPLAN_S.MATERIALTYPE','材料类别','MATERIALTYPE','IB_MONTHBUDGETPLAN_S',5,'1','','','1','1','2','','','');
insert into ib_conf_form_table_colums(PACKAGENAME,FORMNAME,FORMCOLUMN,FORMCOLUMNTITLE,TABLECOLUMN, TABLENAME,COLUMNNO,FCTYPE,FCWIDTH,FCHEIGHT,FCDISPLAY,FCEDIT,FCQUERY,FCMUST,FCDEFAULT, CONFSELECTINFO) values ('budgetmanage','monthBudgetPlan','IB_MONTHBUDGETPLAN_S.MATERIALNAME','材料名称','MATERIALNAME','IB_MONTHBUDGETPLAN_S',6,'1','','','1','1','2','','','');
insert into ib_conf_form_table_colums(PACKAGENAME,FORMNAME,FORMCOLUMN,FORMCOLUMNTITLE,TABLECOLUMN, TABLENAME,COLUMNNO,FCTYPE,FCWIDTH,FCHEIGHT,FCDISPLAY,FCEDIT,FCQUERY,FCMUST,FCDEFAULT, CONFSELECTINFO) values ('budgetmanage','monthBudgetPlan','IB_MONTHBUDGETPLAN_S.MATERIALSPEC','规格/型号','MATERIALSPEC','IB_MONTHBUDGETPLAN_S',7,'1','','','1','1','2','','','');
insert into ib_conf_form_table_colums(PACKAGENAME,FORMNAME,FORMCOLUMN,FORMCOLUMNTITLE,TABLECOLUMN, TABLENAME,COLUMNNO,FCTYPE,FCWIDTH,FCHEIGHT,FCDISPLAY,FCEDIT,FCQUERY,FCMUST,FCDEFAULT, CONFSELECTINFO) values ('budgetmanage','monthBudgetPlan','IB_MONTHBUDGETPLAN_S.MATERIALUNIT','单位','MATERIALUNIT','IB_MONTHBUDGETPLAN_S',8,'1','','','1','1','2','','','');
insert into ib_conf_form_table_colums(PACKAGENAME,FORMNAME,FORMCOLUMN,FORMCOLUMNTITLE,TABLECOLUMN, TABLENAME,COLUMNNO,FCTYPE,FCWIDTH,FCHEIGHT,FCDISPLAY,FCEDIT,FCQUERY,FCMUST,FCDEFAULT, CONFSELECTINFO) values ('budgetmanage','monthBudgetPlan','IB_MONTHBUDGETPLAN_S.MATERIALPRICE','单价','MATERIALPRICE','IB_MONTHBUDGETPLAN_S',9,'1','','','1','1','2','','','');
insert into ib_conf_form_table_colums(PACKAGENAME,FORMNAME,FORMCOLUMN,FORMCOLUMNTITLE,TABLECOLUMN, TABLENAME,COLUMNNO,FCTYPE,FCWIDTH,FCHEIGHT,FCDISPLAY,FCEDIT,FCQUERY,FCMUST,FCDEFAULT, CONFSELECTINFO) values ('budgetmanage','monthBudgetPlan','IB_MONTHBUDGETPLAN_S.MATERIALNUM','数量','MATERIALNUM','IB_MONTHBUDGETPLAN_S',10,'1','','','1','1','2','','','');
insert into ib_conf_form_table_colums(PACKAGENAME,FORMNAME,FORMCOLUMN,FORMCOLUMNTITLE,TABLECOLUMN, TABLENAME,COLUMNNO,FCTYPE,FCWIDTH,FCHEIGHT,FCDISPLAY,FCEDIT,FCQUERY,FCMUST,FCDEFAULT, CONFSELECTINFO) values ('budgetmanage','monthBudgetPlan','IB_MONTHBUDGETPLAN_S.YEARPLANAMOUNT','年计划数','YEARPLANAMOUNT','IB_MONTHBUDGETPLAN_S',11,'1','','','1','1','2','','','');
insert into ib_conf_form_table_colums(PACKAGENAME,FORMNAME,FORMCOLUMN,FORMCOLUMNTITLE,TABLECOLUMN, TABLENAME,COLUMNNO,FCTYPE,FCWIDTH,FCHEIGHT,FCDISPLAY,FCEDIT,FCQUERY,FCMUST,FCDEFAULT, CONFSELECTINFO) values ('budgetmanage','monthBudgetPlan','IB_MONTHBUDGETPLAN_S.PLANAMOUNT','月计划数','PLANAMOUNT','IB_MONTHBUDGETPLAN_S',12,'1','','','1','1','2','','','');
insert into ib_conf_form_table_colums(PACKAGENAME,FORMNAME,FORMCOLUMN,FORMCOLUMNTITLE,TABLECOLUMN, TABLENAME,COLUMNNO,FCTYPE,FCWIDTH,FCHEIGHT,FCDISPLAY,FCEDIT,FCQUERY,FCMUST,FCDEFAULT, CONFSELECTINFO) values ('budgetmanage','monthBudgetPlan','IB_MONTHBUDGETPLAN_S.DEPTNAME','所属部门','DEPTNAME','IB_MONTHBUDGETPLAN_S',13,'1','','','1','1','2','','','');
insert into ib_conf_form_table_colums(PACKAGENAME,FORMNAME,FORMCOLUMN,FORMCOLUMNTITLE,TABLECOLUMN, TABLENAME,COLUMNNO,FCTYPE,FCWIDTH,FCHEIGHT,FCDISPLAY,FCEDIT,FCQUERY,FCMUST,FCDEFAULT, CONFSELECTINFO) values ('budgetmanage','monthBudgetPlan','IB_MONTHBUDGETPLAN_S.REMARK','备注','REMARK','IB_MONTHBUDGETPLAN_S',14,'1','','','1','1','2','','','');
/*======= 表 ==========*/
insert into ib_conf_table(ID,PACKAGENAME,TABLENAME,TABLENAMECOMMENT,TABLETYPE, PARENTTABLEID,ISBPMTABLE) values ('b115976a-1cc7-4692-b668-3b5b9e0473e4','budgetmanage','IB_MONTHBUDGETPLAN','经营预算月计划表','1','',1);
insert into ib_conf_table(ID,PACKAGENAME,TABLENAME,TABLENAMECOMMENT,TABLETYPE, PARENTTABLEID,ISBPMTABLE) values ('32881cf3-612d-44dd-936c-779079ead1ed','budgetmanage','IB_MONTHBUDGETPLAN_S','经营预算月计划表子表','2','',1);
/*======= 表字段 ==========*/
insert into ib_conf_table_columns(tableName,columnValue,columnName,columnType,columnSize, isNull,defaultValue,columnNo) values ('IB_MONTHBUDGETPLAN','PLANYEAR','计划年','VARCHAR','32','是','',1);
insert into ib_conf_table_columns(tableName,columnValue,columnName,columnType,columnSize, isNull,defaultValue,columnNo) values ('IB_MONTHBUDGETPLAN','PLANMONTH','计划月','VARCHAR','32','是','',2);
insert into ib_conf_table_columns(tableName,columnValue,columnName,columnType,columnSize, isNull,defaultValue,columnNo) values ('IB_MONTHBUDGETPLAN','DEPTNAME','编制部门','VARCHAR','128','是','',3);
insert into ib_conf_table_columns(tableName,columnValue,columnName,columnType,columnSize, isNull,defaultValue,columnNo) values ('IB_MONTHBUDGETPLAN','EVENTTIME','编制时间','DATE','0','是','',4);
insert into ib_conf_table_columns(tableName,columnValue,columnName,columnType,columnSize, isNull,defaultValue,columnNo) values ('IB_MONTHBUDGETPLAN','PLANNO','编号','VARCHAR','64','是','',5);
insert into ib_conf_table_columns(tableName,columnValue,columnName,columnType,columnSize, isNull,defaultValue,columnNo) values ('IB_MONTHBUDGETPLAN','PROJECTTYPE','项目类别','VARCHAR','64','是','',6);
insert into ib_conf_table_columns(tableName,columnValue,columnName,columnType,columnSize, isNull,defaultValue,columnNo) values ('IB_MONTHBUDGETPLAN','PROJECTNAME','项目名称','VARCHAR','64','是','',7);
insert into ib_conf_table_columns(tableName,columnValue,columnName,columnType,columnSize, isNull,defaultValue,columnNo) values ('IB_MONTHBUDGETPLAN','PLANNAME','计划名称','VARCHAR','64','是','',8);
insert into ib_conf_table_columns(tableName,columnValue,columnName,columnType,columnSize, isNull,defaultValue,columnNo) values ('IB_MONTHBUDGETPLAN','MONTHPLANAMOUNT','月计划数','NUMBER','12,2','是','',9);
insert into ib_conf_table_columns(tableName,columnValue,columnName,columnType,columnSize, isNull,defaultValue,columnNo) values ('IB_MONTHBUDGETPLAN','ANNUALPLANAMOUNT','年计划数','NUMBER','12,2','是','',10);
insert into ib_conf_table_columns(tableName,columnValue,columnName,columnType,columnSize, isNull,defaultValue,columnNo) values ('IB_MONTHBUDGETPLAN','ANNUALPLANBALANCE','年计划数余额','NUMBER','12,2','是','',11);
insert into ib_conf_table_columns(tableName,columnValue,columnName,columnType,columnSize, isNull,defaultValue,columnNo) values ('IB_MONTHBUDGETPLAN','DEPTLEADER','科长审批','VARCHAR','512','是','',12);
insert into ib_conf_table_columns(tableName,columnValue,columnName,columnType,columnSize, isNull,defaultValue,columnNo) values ('IB_MONTHBUDGETPLAN','DIRECTORMANAGER','主管领导审批','VARCHAR','512','是','',13);
insert into ib_conf_table_columns(tableName,columnValue,columnName,columnType,columnSize, isNull,defaultValue,columnNo) values ('IB_MONTHBUDGETPLAN','PLANNER','计划员确认','VARCHAR','512','是','',14);
insert into ib_conf_table_columns(tableName,columnValue,columnName,columnType,columnSize, isNull,defaultValue,columnNo) values ('IB_MONTHBUDGETPLAN','ID','UUID主键','VARCHAR','64','否','',91);
insert into ib_conf_table_columns(tableName,columnValue,columnName,columnType,columnSize, isNull,defaultValue,columnNo) values ('IB_MONTHBUDGETPLAN','EXECUTIONID','流程执行实例ID','VARCHAR','64','是','',92);
insert into ib_conf_table_columns(tableName,columnValue,columnName,columnType,columnSize, isNull,defaultValue,columnNo) values ('IB_MONTHBUDGETPLAN','CREATEDATEBPM','流程创建时间','DATETIME','','是','',93);
insert into ib_conf_table_columns(tableName,columnValue,columnName,columnType,columnSize, isNull,defaultValue,columnNo) values ('IB_MONTHBUDGETPLAN','NODENAME','流程节点名','VARCHAR','128','是','',94);
insert into ib_conf_table_columns(tableName,columnValue,columnName,columnType,columnSize, isNull,defaultValue,columnNo) values ('IB_MONTHBUDGETPLAN','USERNAME','负责人名','VARCHAR','128','是','',95);
insert into ib_conf_table_columns(tableName,columnValue,columnName,columnType,columnSize, isNull,defaultValue,columnNo) values ('IB_MONTHBUDGETPLAN','ASSIGNEEUSER','负责人','VARCHAR','64','是','',95);
insert into ib_conf_table_columns(tableName,columnValue,columnName,columnType,columnSize, isNull,defaultValue,columnNo) values ('IB_MONTHBUDGETPLAN','DONEFLAG','流程结束标记','INTEGER','4','是','',96);
insert into ib_conf_table_columns(tableName,columnValue,columnName,columnType,columnSize, isNull,defaultValue,columnNo) values ('IB_MONTHBUDGETPLAN','TASKTITLE','流程实例标题','VARCHAR','256','是','',97);
insert into ib_conf_table_columns(tableName,columnValue,columnName,columnType,columnSize, isNull,defaultValue,columnNo) values ('IB_MONTHBUDGETPLAN_S','PLANYEAR','计划年','VARCHAR','8','是','',1);
insert into ib_conf_table_columns(tableName,columnValue,columnName,columnType,columnSize, isNull,defaultValue,columnNo) values ('IB_MONTHBUDGETPLAN_S','PLANMONTH','计划月','VARCHAR','4','是','',2);
insert into ib_conf_table_columns(tableName,columnValue,columnName,columnType,columnSize, isNull,defaultValue,columnNo) values ('IB_MONTHBUDGETPLAN_S','PROJECTTYPE','项目类别','VARCHAR','64','是','',3);
insert into ib_conf_table_columns(tableName,columnValue,columnName,columnType,columnSize, isNull,defaultValue,columnNo) values ('IB_MONTHBUDGETPLAN_S','PROJECTNAME','项目名称','VARCHAR','64','是','',4);
insert into ib_conf_table_columns(tableName,columnValue,columnName,columnType,columnSize, isNull,defaultValue,columnNo) values ('IB_MONTHBUDGETPLAN_S','MATERIALTYPE','材料类别','VARCHAR','64','是','',5);
insert into ib_conf_table_columns(tableName,columnValue,columnName,columnType,columnSize, isNull,defaultValue,columnNo) values ('IB_MONTHBUDGETPLAN_S','MATERIALNAME','材料名称','VARCHAR','64','是','',6);
insert into ib_conf_table_columns(tableName,columnValue,columnName,columnType,columnSize, isNull,defaultValue,columnNo) values ('IB_MONTHBUDGETPLAN_S','MATERIALSPEC','规格/型号','VARCHAR','64','是','',7);
insert into ib_conf_table_columns(tableName,columnValue,columnName,columnType,columnSize, isNull,defaultValue,columnNo) values ('IB_MONTHBUDGETPLAN_S','MATERIALUNIT','单位','VARCHAR','8','是','',8);
insert into ib_conf_table_columns(tableName,columnValue,columnName,columnType,columnSize, isNull,defaultValue,columnNo) values ('IB_MONTHBUDGETPLAN_S','MATERIALPRICE','单价','NUMBER','12,2','是','',9);
insert into ib_conf_table_columns(tableName,columnValue,columnName,columnType,columnSize, isNull,defaultValue,columnNo) values ('IB_MONTHBUDGETPLAN_S','MATERIALNUM','数量','NUMBER','10','是','',10);
insert into ib_conf_table_columns(tableName,columnValue,columnName,columnType,columnSize, isNull,defaultValue,columnNo) values ('IB_MONTHBUDGETPLAN_S','YEARPLANAMOUNT','年计划数','NUMBER','12,2','是','',11);
insert into ib_conf_table_columns(tableName,columnValue,columnName,columnType,columnSize, isNull,defaultValue,columnNo) values ('IB_MONTHBUDGETPLAN_S','PLANAMOUNT','月计划数','NUMBER','12,2','是','',12);
insert into ib_conf_table_columns(tableName,columnValue,columnName,columnType,columnSize, isNull,defaultValue,columnNo) values ('IB_MONTHBUDGETPLAN_S','DEPTNAME','所属部门','VARCHAR','64','是','',13);
insert into ib_conf_table_columns(tableName,columnValue,columnName,columnType,columnSize, isNull,defaultValue,columnNo) values ('IB_MONTHBUDGETPLAN_S','REMARK','备注','VARCHAR','512','是','',14);
insert into ib_conf_table_columns(tableName,columnValue,columnName,columnType,columnSize, isNull,defaultValue,columnNo) values ('IB_MONTHBUDGETPLAN_S','ID','UUID主键','VARCHAR','64','否','',91);
insert into ib_conf_table_columns(tableName,columnValue,columnName,columnType,columnSize, isNull,defaultValue,columnNo) values ('IB_MONTHBUDGETPLAN_S','PARENTID','主表UUID','VARCHAR','64','否','',92);

/* ================================================================================   */
/* ==================== 经营预算月计划执行流程 ===========================  */
/* ================================================================================   */
/*======= 流程 ==========*/
INSERT INTO IB_BPM_PROCESS(ID,PACKAGENAME,FLOWNAME,FLOWTITLE,VERSIONID, FORMID,FLOWURL) VALUES('monthBudgetReal001','budgetmanage','monthBudgetReal','经营预算月计划执行流程','560590c9-1d88-4e4f-a1e1-441a6f9a2da4','f43da7ee-f062-4a96-a5d9-663b19bf4019','/monthbudgetreal/monthbudgetreal-list.do?flowType=0&flowId=monthBudgetReal001');
/*======= 流程图 ==========*/
insert into ib_conf_flow_chart(ID,FLOWID,ITEMID,NODEID,CONTEXT) values ('24748f5a-6552-48a3-afe1-f21de6658e0d','monthBudgetReal001','dfe1ffe2-44fd-4972-96fd-8780e50e3a03','','{"id":"dfe1ffe2-44fd-4972-96fd-8780e50e3a03","name":"科长审批","type":"TaskNode","title":"科长审批","x":"400","y":"175","width":"100","height":"50","headLineIds":"029b1343-6853-4a7d-a226-56c2644ff3da","afterLineIds":"cd22f4e5-e566-40b8-9f2f-b0180e1cab51"}');
insert into ib_conf_flow_chart(ID,FLOWID,ITEMID,NODEID,CONTEXT) values ('34814f94-8e64-4d28-b86f-9edf18ec0313','monthBudgetReal001','1391acc0-0c40-42ec-879f-537c3d97a32b','','{"id":"1391acc0-0c40-42ec-879f-537c3d97a32b","name":"发起","type":"TaskNode","title":"发起","x":"200","y":"65","width":"100","height":"50","headLineIds":"9e0c1fea-4dc2-4b53-9dac-51dd509460dc","afterLineIds":"029b1343-6853-4a7d-a226-56c2644ff3da"}');
insert into ib_conf_flow_chart(ID,FLOWID,ITEMID,NODEID,CONTEXT) values ('35710211-8aa2-46e1-b76b-e33612a6a398','monthBudgetReal001','9e0c1fea-4dc2-4b53-9dac-51dd509460dc','','{"id":"9e0c1fea-4dc2-4b53-9dac-51dd509460dc","name":"线","type":"Line","title":"发起","x":"0","y":"40","realPoints":"120,90,200,90","startElmId":"10cb277a-dc71-4b1e-ab47-3f386b9b0327","endElmId":"1391acc0-0c40-42ec-879f-537c3d97a32b"}');
insert into ib_conf_flow_chart(ID,FLOWID,ITEMID,NODEID,CONTEXT) values ('3df1298f-d499-4e7d-bdda-efc293b1a954','monthBudgetReal001','ff9e6b4e-f0f4-4c06-b3a0-70b703ae4ea5','','{"id":"ff9e6b4e-f0f4-4c06-b3a0-70b703ae4ea5","name":"线","type":"Line","title":"计划员确认","x":"0","y":"260","realPoints":"700,310,750,310,750,310","startElmId":"87032992-635b-4b8a-b04b-3470d1e8f017","endElmId":"0baf65a0-e73c-4ba1-99f4-5a6495ce60ef"}');
insert into ib_conf_flow_chart(ID,FLOWID,ITEMID,NODEID,CONTEXT) values ('50d94170-b5d1-4908-9777-0ef256f6fcb0','monthBudgetReal001','029b1343-6853-4a7d-a226-56c2644ff3da','','{"id":"029b1343-6853-4a7d-a226-56c2644ff3da","name":"线","type":"Line","title":"科长审批","x":"0","y":"150","realPoints":"250,115,250,200,400,200","startElmId":"1391acc0-0c40-42ec-879f-537c3d97a32b","endElmId":"dfe1ffe2-44fd-4972-96fd-8780e50e3a03"}');
insert into ib_conf_flow_chart(ID,FLOWID,ITEMID,NODEID,CONTEXT) values ('5fcf197e-b92b-416b-b856-a3a561f67efc','monthBudgetReal001','87032992-635b-4b8a-b04b-3470d1e8f017','','{"id":"87032992-635b-4b8a-b04b-3470d1e8f017","name":"计划员确认","type":"TaskNode","title":"计划员确认","x":"600","y":"285","width":"100","height":"50","headLineIds":"cd22f4e5-e566-40b8-9f2f-b0180e1cab51","afterLineIds":"ff9e6b4e-f0f4-4c06-b3a0-70b703ae4ea5"}');
insert into ib_conf_flow_chart(ID,FLOWID,ITEMID,NODEID,CONTEXT) values ('d3676a14-a67b-498a-84dd-e203983d7fda','monthBudgetReal001','5e15a3a7-0c8c-4acf-9108-20149262b63d','','{"id":"5e15a3a7-0c8c-4acf-9108-20149262b63d","name":"泳道","type":"Lane","title":"发起","x":"0","y":"40","width":"35","height":"110"}');
insert into ib_conf_flow_chart(ID,FLOWID,ITEMID,NODEID,CONTEXT) values ('dc61fde4-5a1f-48d6-9b2c-78fdc77d2286','monthBudgetReal001','10cb277a-dc71-4b1e-ab47-3f386b9b0327','','{"id":"10cb277a-dc71-4b1e-ab47-3f386b9b0327","name":"开始节点","type":"StartNode","title":"开始节点","x":"70","y":"65","width":"50","height":"50","afterLineIds":"9e0c1fea-4dc2-4b53-9dac-51dd509460dc"}');
insert into ib_conf_flow_chart(ID,FLOWID,ITEMID,NODEID,CONTEXT) values ('e4a871e2-d76a-4d62-980a-1d0ff443ec76','monthBudgetReal001','45af4ca1-8c33-4f68-bd16-befedf25369c','','{"id":"45af4ca1-8c33-4f68-bd16-befedf25369c","name":"泳道","type":"Lane","title":"计划员确认","x":"0","y":"260","width":"35","height":"110"}');
insert into ib_conf_flow_chart(ID,FLOWID,ITEMID,NODEID,CONTEXT) values ('e98e2831-4c5a-4c2d-891a-ab11adec7b98','monthBudgetReal001','0baf65a0-e73c-4ba1-99f4-5a6495ce60ef','','{"id":"0baf65a0-e73c-4ba1-99f4-5a6495ce60ef","name":"结束节点","type":"EndNode","title":"结束","x":"750","y":"285","width":"50","height":"50","headLineIds":"ff9e6b4e-f0f4-4c06-b3a0-70b703ae4ea5"}');
insert into ib_conf_flow_chart(ID,FLOWID,ITEMID,NODEID,CONTEXT) values ('eab505a5-b4a4-4503-a4a9-5ea51de03c52','monthBudgetReal001','cf80708a-9327-4621-bc02-159e88afa8a9','','{"id":"cf80708a-9327-4621-bc02-159e88afa8a9","name":"泳道","type":"Lane","title":"科长审批","x":"0","y":"150","width":"35","height":"110"}');
insert into ib_conf_flow_chart(ID,FLOWID,ITEMID,NODEID,CONTEXT) values ('fc3a33de-06a0-4b87-a7ac-8f70a847dee1','monthBudgetReal001','cd22f4e5-e566-40b8-9f2f-b0180e1cab51','','{"id":"cd22f4e5-e566-40b8-9f2f-b0180e1cab51","name":"线","type":"Line","title":"计划员确认","x":"0","y":"260","realPoints":"450,225,450,310,600,310","startElmId":"dfe1ffe2-44fd-4972-96fd-8780e50e3a03","endElmId":"87032992-635b-4b8a-b04b-3470d1e8f017"}');
/*======= 表单 ==========*/
 insert into ib_conf_form(ID,PACKAGENAME,FORMNAME,FORMTITLE,FORMURL, ISEDIT,ISADD,ISDELETE,ISQUERY,ISEXCELEXPORT,ISIMPORTEXPORT,ISBPMFORM) values ('f43da7ee-f062-4a96-a5d9-663b19bf4019','budgetmanage','monthBudgetReal','经营预算月计划执行表','/monthbudgetreal/monthbudgetreal-list.do',1,1,1,2,1,2,1);
/*======= 表单对应表 ==========*/
insert into ib_conf_form_table(PACKAGENAME,FORMNAME,TABLENAME,TABLETYPE) values ('budgetmanage','monthBudgetReal','IB_MONTHBUDGETREAL','main');
insert into ib_conf_form_table(PACKAGENAME,FORMNAME,TABLENAME,TABLETYPE) values ('budgetmanage','monthBudgetReal','IB_MONTHBUDGETREAL_S','sub');
/*======= 表单字段 ==========*/
insert into ib_conf_form_table_colums(PACKAGENAME,FORMNAME,FORMCOLUMN,FORMCOLUMNTITLE,TABLECOLUMN, TABLENAME,COLUMNNO,FCTYPE,FCWIDTH,FCHEIGHT,FCDISPLAY,FCEDIT,FCQUERY,FCMUST,FCDEFAULT, CONFSELECTINFO) values ('budgetmanage','monthBudgetReal','IB_MONTHBUDGETREAL.PLANYEAR','计划年','PLANYEAR','IB_MONTHBUDGETREAL',1,'1','','','1','1','2','','','');
insert into ib_conf_form_table_colums(PACKAGENAME,FORMNAME,FORMCOLUMN,FORMCOLUMNTITLE,TABLECOLUMN, TABLENAME,COLUMNNO,FCTYPE,FCWIDTH,FCHEIGHT,FCDISPLAY,FCEDIT,FCQUERY,FCMUST,FCDEFAULT, CONFSELECTINFO) values ('budgetmanage','monthBudgetReal','IB_MONTHBUDGETREAL.PLANMONTH','计划月','PLANMONTH','IB_MONTHBUDGETREAL',2,'1','','','1','1','2','','','');
insert into ib_conf_form_table_colums(PACKAGENAME,FORMNAME,FORMCOLUMN,FORMCOLUMNTITLE,TABLECOLUMN, TABLENAME,COLUMNNO,FCTYPE,FCWIDTH,FCHEIGHT,FCDISPLAY,FCEDIT,FCQUERY,FCMUST,FCDEFAULT, CONFSELECTINFO) values ('budgetmanage','monthBudgetReal','IB_MONTHBUDGETREAL.PLANNAME','计划名称','PLANNAME','IB_MONTHBUDGETREAL',3,'1','','','1','1','2','','','');
insert into ib_conf_form_table_colums(PACKAGENAME,FORMNAME,FORMCOLUMN,FORMCOLUMNTITLE,TABLECOLUMN, TABLENAME,COLUMNNO,FCTYPE,FCWIDTH,FCHEIGHT,FCDISPLAY,FCEDIT,FCQUERY,FCMUST,FCDEFAULT, CONFSELECTINFO) values ('budgetmanage','monthBudgetReal','IB_MONTHBUDGETREAL.DEPTNAME','编制部门','DEPTNAME','IB_MONTHBUDGETREAL',4,'1','','','1','1','2','','','');
insert into ib_conf_form_table_colums(PACKAGENAME,FORMNAME,FORMCOLUMN,FORMCOLUMNTITLE,TABLECOLUMN, TABLENAME,COLUMNNO,FCTYPE,FCWIDTH,FCHEIGHT,FCDISPLAY,FCEDIT,FCQUERY,FCMUST,FCDEFAULT, CONFSELECTINFO) values ('budgetmanage','monthBudgetReal','IB_MONTHBUDGETREAL.EVENTTIME','编制时间','EVENTTIME','IB_MONTHBUDGETREAL',5,'1','','','1','1','2','','','');
insert into ib_conf_form_table_colums(PACKAGENAME,FORMNAME,FORMCOLUMN,FORMCOLUMNTITLE,TABLECOLUMN, TABLENAME,COLUMNNO,FCTYPE,FCWIDTH,FCHEIGHT,FCDISPLAY,FCEDIT,FCQUERY,FCMUST,FCDEFAULT, CONFSELECTINFO) values ('budgetmanage','monthBudgetReal','IB_MONTHBUDGETREAL.PLANNO','编号','PLANNO','IB_MONTHBUDGETREAL',6,'1','','','1','1','2','','','');
insert into ib_conf_form_table_colums(PACKAGENAME,FORMNAME,FORMCOLUMN,FORMCOLUMNTITLE,TABLECOLUMN, TABLENAME,COLUMNNO,FCTYPE,FCWIDTH,FCHEIGHT,FCDISPLAY,FCEDIT,FCQUERY,FCMUST,FCDEFAULT, CONFSELECTINFO) values ('budgetmanage','monthBudgetReal','IB_MONTHBUDGETREAL.PROJECTTYPE','项目类别','PROJECTTYPE','IB_MONTHBUDGETREAL',7,'1','','','1','1','2','','','');
insert into ib_conf_form_table_colums(PACKAGENAME,FORMNAME,FORMCOLUMN,FORMCOLUMNTITLE,TABLECOLUMN, TABLENAME,COLUMNNO,FCTYPE,FCWIDTH,FCHEIGHT,FCDISPLAY,FCEDIT,FCQUERY,FCMUST,FCDEFAULT, CONFSELECTINFO) values ('budgetmanage','monthBudgetReal','IB_MONTHBUDGETREAL.PROJECTNAME','项目名称','PROJECTNAME','IB_MONTHBUDGETREAL',8,'1','','','1','1','2','','','');
insert into ib_conf_form_table_colums(PACKAGENAME,FORMNAME,FORMCOLUMN,FORMCOLUMNTITLE,TABLECOLUMN, TABLENAME,COLUMNNO,FCTYPE,FCWIDTH,FCHEIGHT,FCDISPLAY,FCEDIT,FCQUERY,FCMUST,FCDEFAULT, CONFSELECTINFO) values ('budgetmanage','monthBudgetReal','IB_MONTHBUDGETREAL.MONTHPLANAMOUNT','月计划数','MONTHPLANAMOUNT','IB_MONTHBUDGETREAL',9,'1','','','1','1','2','','','');
insert into ib_conf_form_table_colums(PACKAGENAME,FORMNAME,FORMCOLUMN,FORMCOLUMNTITLE,TABLECOLUMN, TABLENAME,COLUMNNO,FCTYPE,FCWIDTH,FCHEIGHT,FCDISPLAY,FCEDIT,FCQUERY,FCMUST,FCDEFAULT, CONFSELECTINFO) values ('budgetmanage','monthBudgetReal','IB_MONTHBUDGETREAL.AMOUNT','发生数','AMOUNT','IB_MONTHBUDGETREAL',10,'1','','','1','1','2','','','');
insert into ib_conf_form_table_colums(PACKAGENAME,FORMNAME,FORMCOLUMN,FORMCOLUMNTITLE,TABLECOLUMN, TABLENAME,COLUMNNO,FCTYPE,FCWIDTH,FCHEIGHT,FCDISPLAY,FCEDIT,FCQUERY,FCMUST,FCDEFAULT, CONFSELECTINFO) values ('budgetmanage','monthBudgetReal','IB_MONTHBUDGETREAL.DEPTLEADER','科长审批','DEPTLEADER','IB_MONTHBUDGETREAL',11,'1','','','1','1','2','','','');
insert into ib_conf_form_table_colums(PACKAGENAME,FORMNAME,FORMCOLUMN,FORMCOLUMNTITLE,TABLECOLUMN, TABLENAME,COLUMNNO,FCTYPE,FCWIDTH,FCHEIGHT,FCDISPLAY,FCEDIT,FCQUERY,FCMUST,FCDEFAULT, CONFSELECTINFO) values ('budgetmanage','monthBudgetReal','IB_MONTHBUDGETREAL.PLANNER','计划员确认','PLANNER','IB_MONTHBUDGETREAL',12,'1','','','1','1','2','','','');
insert into ib_conf_form_table_colums(PACKAGENAME,FORMNAME,FORMCOLUMN,FORMCOLUMNTITLE,TABLECOLUMN, TABLENAME,COLUMNNO,FCTYPE,FCWIDTH,FCHEIGHT,FCDISPLAY,FCEDIT,FCQUERY,FCMUST,FCDEFAULT, CONFSELECTINFO) values ('budgetmanage','monthBudgetReal','IB_MONTHBUDGETREAL_S.PLANYEAR','计划年','PLANYEAR','IB_MONTHBUDGETREAL_S',1,'1','','','1','1','2','','','');
insert into ib_conf_form_table_colums(PACKAGENAME,FORMNAME,FORMCOLUMN,FORMCOLUMNTITLE,TABLECOLUMN, TABLENAME,COLUMNNO,FCTYPE,FCWIDTH,FCHEIGHT,FCDISPLAY,FCEDIT,FCQUERY,FCMUST,FCDEFAULT, CONFSELECTINFO) values ('budgetmanage','monthBudgetReal','IB_MONTHBUDGETREAL_S.PLANMONTH','计划月','PLANMONTH','IB_MONTHBUDGETREAL_S',2,'1','','','1','1','2','','','');
insert into ib_conf_form_table_colums(PACKAGENAME,FORMNAME,FORMCOLUMN,FORMCOLUMNTITLE,TABLECOLUMN, TABLENAME,COLUMNNO,FCTYPE,FCWIDTH,FCHEIGHT,FCDISPLAY,FCEDIT,FCQUERY,FCMUST,FCDEFAULT, CONFSELECTINFO) values ('budgetmanage','monthBudgetReal','IB_MONTHBUDGETREAL_S.PROJECTTYPE','项目类别','PROJECTTYPE','IB_MONTHBUDGETREAL_S',3,'1','','','1','1','2','','','');
insert into ib_conf_form_table_colums(PACKAGENAME,FORMNAME,FORMCOLUMN,FORMCOLUMNTITLE,TABLECOLUMN, TABLENAME,COLUMNNO,FCTYPE,FCWIDTH,FCHEIGHT,FCDISPLAY,FCEDIT,FCQUERY,FCMUST,FCDEFAULT, CONFSELECTINFO) values ('budgetmanage','monthBudgetReal','IB_MONTHBUDGETREAL_S.PROJECTNAME','项目名称','PROJECTNAME','IB_MONTHBUDGETREAL_S',4,'1','','','1','1','2','','','');
insert into ib_conf_form_table_colums(PACKAGENAME,FORMNAME,FORMCOLUMN,FORMCOLUMNTITLE,TABLECOLUMN, TABLENAME,COLUMNNO,FCTYPE,FCWIDTH,FCHEIGHT,FCDISPLAY,FCEDIT,FCQUERY,FCMUST,FCDEFAULT, CONFSELECTINFO) values ('budgetmanage','monthBudgetReal','IB_MONTHBUDGETREAL_S.MATERIALTYPE','材料类别','MATERIALTYPE','IB_MONTHBUDGETREAL_S',5,'1','','','1','1','2','','','');
insert into ib_conf_form_table_colums(PACKAGENAME,FORMNAME,FORMCOLUMN,FORMCOLUMNTITLE,TABLECOLUMN, TABLENAME,COLUMNNO,FCTYPE,FCWIDTH,FCHEIGHT,FCDISPLAY,FCEDIT,FCQUERY,FCMUST,FCDEFAULT, CONFSELECTINFO) values ('budgetmanage','monthBudgetReal','IB_MONTHBUDGETREAL_S.MATERIALNAME','材料名称','MATERIALNAME','IB_MONTHBUDGETREAL_S',6,'1','','','1','1','2','','','');
insert into ib_conf_form_table_colums(PACKAGENAME,FORMNAME,FORMCOLUMN,FORMCOLUMNTITLE,TABLECOLUMN, TABLENAME,COLUMNNO,FCTYPE,FCWIDTH,FCHEIGHT,FCDISPLAY,FCEDIT,FCQUERY,FCMUST,FCDEFAULT, CONFSELECTINFO) values ('budgetmanage','monthBudgetReal','IB_MONTHBUDGETREAL_S.MATERIALSPEC','规格/型号','MATERIALSPEC','IB_MONTHBUDGETREAL_S',7,'1','','','1','1','2','','','');
insert into ib_conf_form_table_colums(PACKAGENAME,FORMNAME,FORMCOLUMN,FORMCOLUMNTITLE,TABLECOLUMN, TABLENAME,COLUMNNO,FCTYPE,FCWIDTH,FCHEIGHT,FCDISPLAY,FCEDIT,FCQUERY,FCMUST,FCDEFAULT, CONFSELECTINFO) values ('budgetmanage','monthBudgetReal','IB_MONTHBUDGETREAL_S.MATERIALUNIT','单位','MATERIALUNIT','IB_MONTHBUDGETREAL_S',8,'1','','','1','1','2','','','');
insert into ib_conf_form_table_colums(PACKAGENAME,FORMNAME,FORMCOLUMN,FORMCOLUMNTITLE,TABLECOLUMN, TABLENAME,COLUMNNO,FCTYPE,FCWIDTH,FCHEIGHT,FCDISPLAY,FCEDIT,FCQUERY,FCMUST,FCDEFAULT, CONFSELECTINFO) values ('budgetmanage','monthBudgetReal','IB_MONTHBUDGETREAL_S.MATERIALPRICE','单价','MATERIALPRICE','IB_MONTHBUDGETREAL_S',9,'1','','','1','1','2','','','');
insert into ib_conf_form_table_colums(PACKAGENAME,FORMNAME,FORMCOLUMN,FORMCOLUMNTITLE,TABLECOLUMN, TABLENAME,COLUMNNO,FCTYPE,FCWIDTH,FCHEIGHT,FCDISPLAY,FCEDIT,FCQUERY,FCMUST,FCDEFAULT, CONFSELECTINFO) values ('budgetmanage','monthBudgetReal','IB_MONTHBUDGETREAL_S.MATERIALNUM','数量','MATERIALNUM','IB_MONTHBUDGETREAL_S',10,'1','','','1','1','2','','','');
insert into ib_conf_form_table_colums(PACKAGENAME,FORMNAME,FORMCOLUMN,FORMCOLUMNTITLE,TABLECOLUMN, TABLENAME,COLUMNNO,FCTYPE,FCWIDTH,FCHEIGHT,FCDISPLAY,FCEDIT,FCQUERY,FCMUST,FCDEFAULT, CONFSELECTINFO) values ('budgetmanage','monthBudgetReal','IB_MONTHBUDGETREAL_S.PLANAMOUNT','计划数','PLANAMOUNT','IB_MONTHBUDGETREAL_S',11,'1','','','1','1','2','','','');
insert into ib_conf_form_table_colums(PACKAGENAME,FORMNAME,FORMCOLUMN,FORMCOLUMNTITLE,TABLECOLUMN, TABLENAME,COLUMNNO,FCTYPE,FCWIDTH,FCHEIGHT,FCDISPLAY,FCEDIT,FCQUERY,FCMUST,FCDEFAULT, CONFSELECTINFO) values ('budgetmanage','monthBudgetReal','IB_MONTHBUDGETREAL_S.AMOUNT','发生数','AMOUNT','IB_MONTHBUDGETREAL_S',12,'1','','','1','1','2','','','');
insert into ib_conf_form_table_colums(PACKAGENAME,FORMNAME,FORMCOLUMN,FORMCOLUMNTITLE,TABLECOLUMN, TABLENAME,COLUMNNO,FCTYPE,FCWIDTH,FCHEIGHT,FCDISPLAY,FCEDIT,FCQUERY,FCMUST,FCDEFAULT, CONFSELECTINFO) values ('budgetmanage','monthBudgetReal','IB_MONTHBUDGETREAL_S.DEPTNAME','所属部门','DEPTNAME','IB_MONTHBUDGETREAL_S',13,'1','','','1','1','2','','','');
insert into ib_conf_form_table_colums(PACKAGENAME,FORMNAME,FORMCOLUMN,FORMCOLUMNTITLE,TABLECOLUMN, TABLENAME,COLUMNNO,FCTYPE,FCWIDTH,FCHEIGHT,FCDISPLAY,FCEDIT,FCQUERY,FCMUST,FCDEFAULT, CONFSELECTINFO) values ('budgetmanage','monthBudgetReal','IB_MONTHBUDGETREAL_S.REMARK','备注','REMARK','IB_MONTHBUDGETREAL_S',14,'1','','','1','1','2','','','');
/*======= 表 ==========*/
insert into ib_conf_table(ID,PACKAGENAME,TABLENAME,TABLENAMECOMMENT,TABLETYPE, PARENTTABLEID,ISBPMTABLE) values ('651c5c83-1c98-4a19-8352-52d36858d335','budgetmanage','IB_MONTHBUDGETREAL','经营预算月计划执行表','1','',1);
insert into ib_conf_table(ID,PACKAGENAME,TABLENAME,TABLENAMECOMMENT,TABLETYPE, PARENTTABLEID,ISBPMTABLE) values ('d6288d61-b0c0-4b12-9fca-ec000a853d00','budgetmanage','IB_MONTHBUDGETREAL_S','经营预算月计划执行子表','2','',1);
/*======= 表字段 ==========*/
insert into ib_conf_table_columns(tableName,columnValue,columnName,columnType,columnSize, isNull,defaultValue,columnNo) values ('IB_MONTHBUDGETREAL','PLANYEAR','计划年','VARCHAR','8','是','',1);
insert into ib_conf_table_columns(tableName,columnValue,columnName,columnType,columnSize, isNull,defaultValue,columnNo) values ('IB_MONTHBUDGETREAL','PLANMONTH','计划月','VARCHAR','4','是','',2);
insert into ib_conf_table_columns(tableName,columnValue,columnName,columnType,columnSize, isNull,defaultValue,columnNo) values ('IB_MONTHBUDGETREAL','PLANNAME','计划名称','VARCHAR','256','是','',3);
insert into ib_conf_table_columns(tableName,columnValue,columnName,columnType,columnSize, isNull,defaultValue,columnNo) values ('IB_MONTHBUDGETREAL','DEPTNAME','编制部门','VARCHAR','64','是','',4);
insert into ib_conf_table_columns(tableName,columnValue,columnName,columnType,columnSize, isNull,defaultValue,columnNo) values ('IB_MONTHBUDGETREAL','EVENTTIME','编制时间','DATE','0','是','',5);
insert into ib_conf_table_columns(tableName,columnValue,columnName,columnType,columnSize, isNull,defaultValue,columnNo) values ('IB_MONTHBUDGETREAL','PLANNO','编号','VARCHAR','64','是','',6);
insert into ib_conf_table_columns(tableName,columnValue,columnName,columnType,columnSize, isNull,defaultValue,columnNo) values ('IB_MONTHBUDGETREAL','PROJECTTYPE','项目类别','VARCHAR','32','是','',7);
insert into ib_conf_table_columns(tableName,columnValue,columnName,columnType,columnSize, isNull,defaultValue,columnNo) values ('IB_MONTHBUDGETREAL','PROJECTNAME','项目名称','VARCHAR','32','是','',8);
insert into ib_conf_table_columns(tableName,columnValue,columnName,columnType,columnSize, isNull,defaultValue,columnNo) values ('IB_MONTHBUDGETREAL','MONTHPLANAMOUNT','月计划数','NUMBER','12,2','是','',9);
insert into ib_conf_table_columns(tableName,columnValue,columnName,columnType,columnSize, isNull,defaultValue,columnNo) values ('IB_MONTHBUDGETREAL','AMOUNT','发生数','NUMBER','12,2','是','',10);
insert into ib_conf_table_columns(tableName,columnValue,columnName,columnType,columnSize, isNull,defaultValue,columnNo) values ('IB_MONTHBUDGETREAL','DEPTLEADER','科长审批','VARCHAR','512','是','',11);
insert into ib_conf_table_columns(tableName,columnValue,columnName,columnType,columnSize, isNull,defaultValue,columnNo) values ('IB_MONTHBUDGETREAL','PLANNER','计划员确认','VARCHAR','512','是','',12);
insert into ib_conf_table_columns(tableName,columnValue,columnName,columnType,columnSize, isNull,defaultValue,columnNo) values ('IB_MONTHBUDGETREAL','ID','UUID主键','VARCHAR','64','否','',91);
insert into ib_conf_table_columns(tableName,columnValue,columnName,columnType,columnSize, isNull,defaultValue,columnNo) values ('IB_MONTHBUDGETREAL','EXECUTIONID','流程执行实例ID','VARCHAR','64','是','',92);
insert into ib_conf_table_columns(tableName,columnValue,columnName,columnType,columnSize, isNull,defaultValue,columnNo) values ('IB_MONTHBUDGETREAL','CREATEDATEBPM','流程创建时间','DATETIME','','是','',93);
insert into ib_conf_table_columns(tableName,columnValue,columnName,columnType,columnSize, isNull,defaultValue,columnNo) values ('IB_MONTHBUDGETREAL','NODENAME','流程节点名','VARCHAR','128','是','',94);
insert into ib_conf_table_columns(tableName,columnValue,columnName,columnType,columnSize, isNull,defaultValue,columnNo) values ('IB_MONTHBUDGETREAL','USERNAME','负责人名','VARCHAR','128','是','',95);
insert into ib_conf_table_columns(tableName,columnValue,columnName,columnType,columnSize, isNull,defaultValue,columnNo) values ('IB_MONTHBUDGETREAL','ASSIGNEEUSER','负责人','VARCHAR','64','是','',95);
insert into ib_conf_table_columns(tableName,columnValue,columnName,columnType,columnSize, isNull,defaultValue,columnNo) values ('IB_MONTHBUDGETREAL','DONEFLAG','流程结束标记','INTEGER','4','是','',96);
insert into ib_conf_table_columns(tableName,columnValue,columnName,columnType,columnSize, isNull,defaultValue,columnNo) values ('IB_MONTHBUDGETREAL','TASKTITLE','流程实例标题','VARCHAR','256','是','',97);
insert into ib_conf_table_columns(tableName,columnValue,columnName,columnType,columnSize, isNull,defaultValue,columnNo) values ('IB_MONTHBUDGETREAL_S','PLANYEAR','计划年','VARCHAR','8','是','',1);
insert into ib_conf_table_columns(tableName,columnValue,columnName,columnType,columnSize, isNull,defaultValue,columnNo) values ('IB_MONTHBUDGETREAL_S','PLANMONTH','计划月','VARCHAR','4','是','',2);
insert into ib_conf_table_columns(tableName,columnValue,columnName,columnType,columnSize, isNull,defaultValue,columnNo) values ('IB_MONTHBUDGETREAL_S','PROJECTTYPE','项目类别','VARCHAR','32','是','',3);
insert into ib_conf_table_columns(tableName,columnValue,columnName,columnType,columnSize, isNull,defaultValue,columnNo) values ('IB_MONTHBUDGETREAL_S','PROJECTNAME','项目名称','VARCHAR','128','是','',4);
insert into ib_conf_table_columns(tableName,columnValue,columnName,columnType,columnSize, isNull,defaultValue,columnNo) values ('IB_MONTHBUDGETREAL_S','MATERIALTYPE','材料类别','VARCHAR','64','是','',5);
insert into ib_conf_table_columns(tableName,columnValue,columnName,columnType,columnSize, isNull,defaultValue,columnNo) values ('IB_MONTHBUDGETREAL_S','MATERIALNAME','材料名称','VARCHAR','64','是','',6);
insert into ib_conf_table_columns(tableName,columnValue,columnName,columnType,columnSize, isNull,defaultValue,columnNo) values ('IB_MONTHBUDGETREAL_S','MATERIALSPEC','规格/型号','VARCHAR','64','是','',7);
insert into ib_conf_table_columns(tableName,columnValue,columnName,columnType,columnSize, isNull,defaultValue,columnNo) values ('IB_MONTHBUDGETREAL_S','MATERIALUNIT','单位','VARCHAR','64','是','',8);
insert into ib_conf_table_columns(tableName,columnValue,columnName,columnType,columnSize, isNull,defaultValue,columnNo) values ('IB_MONTHBUDGETREAL_S','MATERIALPRICE','单价','NUMBER','12,2','是','',9);
insert into ib_conf_table_columns(tableName,columnValue,columnName,columnType,columnSize, isNull,defaultValue,columnNo) values ('IB_MONTHBUDGETREAL_S','MATERIALNUM','数量','NUMBER','10','是','',10);
insert into ib_conf_table_columns(tableName,columnValue,columnName,columnType,columnSize, isNull,defaultValue,columnNo) values ('IB_MONTHBUDGETREAL_S','PLANAMOUNT','计划数','NUMBER','12,2','是','',11);
insert into ib_conf_table_columns(tableName,columnValue,columnName,columnType,columnSize, isNull,defaultValue,columnNo) values ('IB_MONTHBUDGETREAL_S','AMOUNT','发生数','NUMBER','12,2','是','',12);
insert into ib_conf_table_columns(tableName,columnValue,columnName,columnType,columnSize, isNull,defaultValue,columnNo) values ('IB_MONTHBUDGETREAL_S','DEPTNAME','所属部门','VARCHAR','64','是','',13);
insert into ib_conf_table_columns(tableName,columnValue,columnName,columnType,columnSize, isNull,defaultValue,columnNo) values ('IB_MONTHBUDGETREAL_S','REMARK','备注','VARCHAR','512','是','',14);
insert into ib_conf_table_columns(tableName,columnValue,columnName,columnType,columnSize, isNull,defaultValue,columnNo) values ('IB_MONTHBUDGETREAL_S','ID','UUID主键','VARCHAR','64','否','',91);
insert into ib_conf_table_columns(tableName,columnValue,columnName,columnType,columnSize, isNull,defaultValue,columnNo) values ('IB_MONTHBUDGETREAL_S','PARENTID','主表UUID','VARCHAR','64','否','',92);

/* ================================================================================   */
/* ==================== 预算月度计划执行情况分析汇总流程 ===========================  */
/* ================================================================================   */
/*======= 流程 ==========*/
INSERT INTO IB_BPM_PROCESS(ID,PACKAGENAME,FLOWNAME,FLOWTITLE,VERSIONID, FORMID,FLOWURL) VALUES('monthPlanAnalysis001','budgetmanage','monthPlanAnalysis','预算月度计划执行情况分析汇总流程','e8c03370-12fe-4026-8403-4061bc699665','0f2622a8-7653-4ebf-8257-2757b8c055f3','/monthplananalysis/monthplananalysis-list.do?flowType=0&flowId=monthPlanAnalysis001');
/*======= 流程图 ==========*/
insert into ib_conf_flow_chart(ID,FLOWID,ITEMID,NODEID,CONTEXT) values ('314d61ed-d07b-4264-849a-d7b24c886aef','monthPlanAnalysis001','05d59617-2a1a-4402-9a7f-a968950ba146','','{"id":"05d59617-2a1a-4402-9a7f-a968950ba146","name":"科长审批","type":"TaskNode","title":"科长审批","x":"400","y":"175","width":"100","height":"50","headLineIds":"0a3ff54a-7b7a-4a60-9869-d99399c08a70","afterLineIds":"81223662-18d8-4a48-a8be-dc96c26675f3"}');
insert into ib_conf_flow_chart(ID,FLOWID,ITEMID,NODEID,CONTEXT) values ('3cf5ec52-9a46-46cd-81ce-f608682b25b3','monthPlanAnalysis001','ee397039-0e6d-451c-8755-dbe6cda8698f','','{"id":"ee397039-0e6d-451c-8755-dbe6cda8698f","name":"结束节点","type":"EndNode","title":"结束","x":"750","y":"285","width":"50","height":"50","headLineIds":"3013d430-463e-44bc-9b88-513cc7656ce7"}');
insert into ib_conf_flow_chart(ID,FLOWID,ITEMID,NODEID,CONTEXT) values ('528abc40-82a4-465a-85a6-a55c65d31bb5','monthPlanAnalysis001','4f2602f6-3642-43b3-85c4-9ffa0cbd3e56','','{"id":"4f2602f6-3642-43b3-85c4-9ffa0cbd3e56","name":"泳道","type":"Lane","title":"科长审批","x":"0","y":"150","width":"35","height":"110"}');
insert into ib_conf_flow_chart(ID,FLOWID,ITEMID,NODEID,CONTEXT) values ('762fd74b-ab71-4edd-8d2e-846fbd3c6699','monthPlanAnalysis001','0a3ff54a-7b7a-4a60-9869-d99399c08a70','','{"id":"0a3ff54a-7b7a-4a60-9869-d99399c08a70","name":"线","type":"Line","title":"科长审批","x":"0","y":"150","realPoints":"250,115,250,200,400,200","startElmId":"8b6752fb-cec7-4801-8325-af49dbf3b61c","endElmId":"05d59617-2a1a-4402-9a7f-a968950ba146"}');
insert into ib_conf_flow_chart(ID,FLOWID,ITEMID,NODEID,CONTEXT) values ('9435d3f7-d6d9-472a-99a9-60ceed8b1976','monthPlanAnalysis001','81223662-18d8-4a48-a8be-dc96c26675f3','','{"id":"81223662-18d8-4a48-a8be-dc96c26675f3","name":"线","type":"Line","title":"计划员确认","x":"0","y":"260","realPoints":"450,225,450,310,600,310","startElmId":"05d59617-2a1a-4402-9a7f-a968950ba146","endElmId":"c2745825-2051-42c1-a049-561d96815bd5"}');
insert into ib_conf_flow_chart(ID,FLOWID,ITEMID,NODEID,CONTEXT) values ('bde6b62a-ee84-42f9-b0b8-51a99eae4cbf','monthPlanAnalysis001','9b502a80-aaaa-4d2e-8077-7aa9b453e248','','{"id":"9b502a80-aaaa-4d2e-8077-7aa9b453e248","name":"泳道","type":"Lane","title":"计划员确认","x":"0","y":"260","width":"35","height":"110"}');
insert into ib_conf_flow_chart(ID,FLOWID,ITEMID,NODEID,CONTEXT) values ('ccfe9d5a-00bf-414d-9702-75d3e167a3f0','monthPlanAnalysis001','c2745825-2051-42c1-a049-561d96815bd5','','{"id":"c2745825-2051-42c1-a049-561d96815bd5","name":"计划员确认","type":"TaskNode","title":"计划员确认","x":"600","y":"285","width":"100","height":"50","headLineIds":"81223662-18d8-4a48-a8be-dc96c26675f3","afterLineIds":"3013d430-463e-44bc-9b88-513cc7656ce7"}');
insert into ib_conf_flow_chart(ID,FLOWID,ITEMID,NODEID,CONTEXT) values ('d31318f5-3c22-4084-8b66-14744d353c1f','monthPlanAnalysis001','e4ad1c4d-6635-40d9-b19e-6ffa4bee8efe','','{"id":"e4ad1c4d-6635-40d9-b19e-6ffa4bee8efe","name":"泳道","type":"Lane","title":"发起","x":"0","y":"40","width":"35","height":"110"}');
insert into ib_conf_flow_chart(ID,FLOWID,ITEMID,NODEID,CONTEXT) values ('da9d8429-3d2d-494a-9344-2dcf4029f2eb','monthPlanAnalysis001','356824ab-2a34-4c07-946b-27ceb616e267','','{"id":"356824ab-2a34-4c07-946b-27ceb616e267","name":"开始节点","type":"StartNode","title":"开始节点","x":"70","y":"65","width":"50","height":"50","afterLineIds":"040ae8a4-c02a-4650-a846-531e0804fe15"}');
insert into ib_conf_flow_chart(ID,FLOWID,ITEMID,NODEID,CONTEXT) values ('dd2831d0-9a7e-47f9-a669-e7e2a15e84d8','monthPlanAnalysis001','8b6752fb-cec7-4801-8325-af49dbf3b61c','','{"id":"8b6752fb-cec7-4801-8325-af49dbf3b61c","name":"发起","type":"TaskNode","title":"发起","x":"200","y":"65","width":"100","height":"50","headLineIds":"040ae8a4-c02a-4650-a846-531e0804fe15","afterLineIds":"0a3ff54a-7b7a-4a60-9869-d99399c08a70"}');
insert into ib_conf_flow_chart(ID,FLOWID,ITEMID,NODEID,CONTEXT) values ('e606c6d6-9337-435d-80fd-12da4d1d26a8','monthPlanAnalysis001','040ae8a4-c02a-4650-a846-531e0804fe15','','{"id":"040ae8a4-c02a-4650-a846-531e0804fe15","name":"线","type":"Line","title":"发起","x":"0","y":"40","realPoints":"120,90,200,90","startElmId":"356824ab-2a34-4c07-946b-27ceb616e267","endElmId":"8b6752fb-cec7-4801-8325-af49dbf3b61c"}');
insert into ib_conf_flow_chart(ID,FLOWID,ITEMID,NODEID,CONTEXT) values ('e87e6924-7f75-4c05-b0f5-48599fcd4ae6','monthPlanAnalysis001','3013d430-463e-44bc-9b88-513cc7656ce7','','{"id":"3013d430-463e-44bc-9b88-513cc7656ce7","name":"线","type":"Line","title":"计划员确认","x":"0","y":"260","realPoints":"700,310,750,310,750,310","startElmId":"c2745825-2051-42c1-a049-561d96815bd5","endElmId":"ee397039-0e6d-451c-8755-dbe6cda8698f"}');
/*======= 表单 ==========*/
 insert into ib_conf_form(ID,PACKAGENAME,FORMNAME,FORMTITLE,FORMURL, ISEDIT,ISADD,ISDELETE,ISQUERY,ISEXCELEXPORT,ISIMPORTEXPORT,ISBPMFORM) values ('0f2622a8-7653-4ebf-8257-2757b8c055f3','budgetmanage','monthPlanAnalysis','预算月度计划执行情况分析汇总流程','/monthplananalysis/monthplananalysis-list.do',1,1,1,2,1,2,1);
/*======= 表单对应表 ==========*/
insert into ib_conf_form_table(PACKAGENAME,FORMNAME,TABLENAME,TABLETYPE) values ('budgetmanage','MonthPlanAnalysis','IB_MONTHPLANANALYSIS','main');
insert into ib_conf_form_table(PACKAGENAME,FORMNAME,TABLENAME,TABLETYPE) values ('budgetmanage','MonthPlanAnalysis','IB_MONTHPLANANALY_S','sub');
/*======= 表单字段 ==========*/
insert into ib_conf_form_table_colums(PACKAGENAME,FORMNAME,FORMCOLUMN,FORMCOLUMNTITLE,TABLECOLUMN, TABLENAME,COLUMNNO,FCTYPE,FCWIDTH,FCHEIGHT,FCDISPLAY,FCEDIT,FCQUERY,FCMUST,FCDEFAULT, CONFSELECTINFO) values ('budgetmanage','MonthPlanAnalysis','IB_MONTHPLANANALYSIS.PLANYEAR','计划年','PLANYEAR','IB_MONTHPLANANALYSIS',1,'1','','','1','1','1','1','','');
insert into ib_conf_form_table_colums(PACKAGENAME,FORMNAME,FORMCOLUMN,FORMCOLUMNTITLE,TABLECOLUMN, TABLENAME,COLUMNNO,FCTYPE,FCWIDTH,FCHEIGHT,FCDISPLAY,FCEDIT,FCQUERY,FCMUST,FCDEFAULT, CONFSELECTINFO) values ('budgetmanage','MonthPlanAnalysis','IB_MONTHPLANANALYSIS.PLANMONTH','计划月','PLANMONTH','IB_MONTHPLANANALYSIS',2,'1','','','1','1','2','','','');
insert into ib_conf_form_table_colums(PACKAGENAME,FORMNAME,FORMCOLUMN,FORMCOLUMNTITLE,TABLECOLUMN, TABLENAME,COLUMNNO,FCTYPE,FCWIDTH,FCHEIGHT,FCDISPLAY,FCEDIT,FCQUERY,FCMUST,FCDEFAULT, CONFSELECTINFO) values ('budgetmanage','MonthPlanAnalysis','IB_MONTHPLANANALYSIS.PLANNAME','计划名称','PLANNAME','IB_MONTHPLANANALYSIS',3,'1','','','1','1','1','1','','');
insert into ib_conf_form_table_colums(PACKAGENAME,FORMNAME,FORMCOLUMN,FORMCOLUMNTITLE,TABLECOLUMN, TABLENAME,COLUMNNO,FCTYPE,FCWIDTH,FCHEIGHT,FCDISPLAY,FCEDIT,FCQUERY,FCMUST,FCDEFAULT, CONFSELECTINFO) values ('budgetmanage','MonthPlanAnalysis','IB_MONTHPLANANALYSIS.DEPTNAME','编制部门','DEPTNAME','IB_MONTHPLANANALYSIS',4,'1','','','1','1','2','','','');
insert into ib_conf_form_table_colums(PACKAGENAME,FORMNAME,FORMCOLUMN,FORMCOLUMNTITLE,TABLECOLUMN, TABLENAME,COLUMNNO,FCTYPE,FCWIDTH,FCHEIGHT,FCDISPLAY,FCEDIT,FCQUERY,FCMUST,FCDEFAULT, CONFSELECTINFO) values ('budgetmanage','MonthPlanAnalysis','IB_MONTHPLANANALYSIS.EVENTTIME','编制时间','EVENTTIME','IB_MONTHPLANANALYSIS',5,'1','','','1','1','2','','','');
insert into ib_conf_form_table_colums(PACKAGENAME,FORMNAME,FORMCOLUMN,FORMCOLUMNTITLE,TABLECOLUMN, TABLENAME,COLUMNNO,FCTYPE,FCWIDTH,FCHEIGHT,FCDISPLAY,FCEDIT,FCQUERY,FCMUST,FCDEFAULT, CONFSELECTINFO) values ('budgetmanage','MonthPlanAnalysis','IB_MONTHPLANANALYSIS.PLANNO','编号','PLANNO','IB_MONTHPLANANALYSIS',6,'1','','','1','1','2','','','');
insert into ib_conf_form_table_colums(PACKAGENAME,FORMNAME,FORMCOLUMN,FORMCOLUMNTITLE,TABLECOLUMN, TABLENAME,COLUMNNO,FCTYPE,FCWIDTH,FCHEIGHT,FCDISPLAY,FCEDIT,FCQUERY,FCMUST,FCDEFAULT, CONFSELECTINFO) values ('budgetmanage','MonthPlanAnalysis','IB_MONTHPLANANALYSIS.ANNUALPLANAMOUNT','年计划数','ANNUALPLANAMOUNT','IB_MONTHPLANANALYSIS',7,'1','','','1','1','2','','','');
insert into ib_conf_form_table_colums(PACKAGENAME,FORMNAME,FORMCOLUMN,FORMCOLUMNTITLE,TABLECOLUMN, TABLENAME,COLUMNNO,FCTYPE,FCWIDTH,FCHEIGHT,FCDISPLAY,FCEDIT,FCQUERY,FCMUST,FCDEFAULT, CONFSELECTINFO) values ('budgetmanage','MonthPlanAnalysis','IB_MONTHPLANANALYSIS.ANNUALPLANBALANCE','年计划数余额','ANNUALPLANBALANCE','IB_MONTHPLANANALYSIS',8,'1','','','1','1','2','','','');
insert into ib_conf_form_table_colums(PACKAGENAME,FORMNAME,FORMCOLUMN,FORMCOLUMNTITLE,TABLECOLUMN, TABLENAME,COLUMNNO,FCTYPE,FCWIDTH,FCHEIGHT,FCDISPLAY,FCEDIT,FCQUERY,FCMUST,FCDEFAULT, CONFSELECTINFO) values ('budgetmanage','MonthPlanAnalysis','IB_MONTHPLANANALYSIS.MONTHPLANAMOUNT','本月计划数','MONTHPLANAMOUNT','IB_MONTHPLANANALYSIS',9,'1','','','1','1','2','','','');
insert into ib_conf_form_table_colums(PACKAGENAME,FORMNAME,FORMCOLUMN,FORMCOLUMNTITLE,TABLECOLUMN, TABLENAME,COLUMNNO,FCTYPE,FCWIDTH,FCHEIGHT,FCDISPLAY,FCEDIT,FCQUERY,FCMUST,FCDEFAULT, CONFSELECTINFO) values ('budgetmanage','MonthPlanAnalysis','IB_MONTHPLANANALYSIS.MONTHAMOUNT','本月发生数','MONTHAMOUNT','IB_MONTHPLANANALYSIS',10,'1','','','1','1','2','','','');
insert into ib_conf_form_table_colums(PACKAGENAME,FORMNAME,FORMCOLUMN,FORMCOLUMNTITLE,TABLECOLUMN, TABLENAME,COLUMNNO,FCTYPE,FCWIDTH,FCHEIGHT,FCDISPLAY,FCEDIT,FCQUERY,FCMUST,FCDEFAULT, CONFSELECTINFO) values ('budgetmanage','MonthPlanAnalysis','IB_MONTHPLANANALYSIS.SUMPLANAMOUNT','累计计划数','SUMPLANAMOUNT','IB_MONTHPLANANALYSIS',11,'1','','','1','1','2','','','');
insert into ib_conf_form_table_colums(PACKAGENAME,FORMNAME,FORMCOLUMN,FORMCOLUMNTITLE,TABLECOLUMN, TABLENAME,COLUMNNO,FCTYPE,FCWIDTH,FCHEIGHT,FCDISPLAY,FCEDIT,FCQUERY,FCMUST,FCDEFAULT, CONFSELECTINFO) values ('budgetmanage','MonthPlanAnalysis','IB_MONTHPLANANALYSIS.SUMAMOUNT','累计发生数','SUMAMOUNT','IB_MONTHPLANANALYSIS',12,'1','','','1','1','2','','','');
insert into ib_conf_form_table_colums(PACKAGENAME,FORMNAME,FORMCOLUMN,FORMCOLUMNTITLE,TABLECOLUMN, TABLENAME,COLUMNNO,FCTYPE,FCWIDTH,FCHEIGHT,FCDISPLAY,FCEDIT,FCQUERY,FCMUST,FCDEFAULT, CONFSELECTINFO) values ('budgetmanage','MonthPlanAnalysis','IB_MONTHPLANANALYSIS.DEPTLEADER','科长审批','DEPTLEADER','IB_MONTHPLANANALYSIS',13,'1','','','1','1','2','','','');
insert into ib_conf_form_table_colums(PACKAGENAME,FORMNAME,FORMCOLUMN,FORMCOLUMNTITLE,TABLECOLUMN, TABLENAME,COLUMNNO,FCTYPE,FCWIDTH,FCHEIGHT,FCDISPLAY,FCEDIT,FCQUERY,FCMUST,FCDEFAULT, CONFSELECTINFO) values ('budgetmanage','MonthPlanAnalysis','IB_MONTHPLANANALYSIS.PLANNER','计划员确认','PLANNER','IB_MONTHPLANANALYSIS',14,'1','','','1','1','2','','','');
insert into ib_conf_form_table_colums(PACKAGENAME,FORMNAME,FORMCOLUMN,FORMCOLUMNTITLE,TABLECOLUMN, TABLENAME,COLUMNNO,FCTYPE,FCWIDTH,FCHEIGHT,FCDISPLAY,FCEDIT,FCQUERY,FCMUST,FCDEFAULT, CONFSELECTINFO) values ('budgetmanage','MonthPlanAnalysis','IB_MONTHPLANANALY_S.PROJECTTYPE','项目类别','PROJECTTYPE','IB_MONTHPLANANALY_S',1,'1','','','1','1','2','','','');
insert into ib_conf_form_table_colums(PACKAGENAME,FORMNAME,FORMCOLUMN,FORMCOLUMNTITLE,TABLECOLUMN, TABLENAME,COLUMNNO,FCTYPE,FCWIDTH,FCHEIGHT,FCDISPLAY,FCEDIT,FCQUERY,FCMUST,FCDEFAULT, CONFSELECTINFO) values ('budgetmanage','MonthPlanAnalysis','IB_MONTHPLANANALY_S.PROJECTNAME','项目名称','PROJECTNAME','IB_MONTHPLANANALY_S',2,'1','','','1','1','2','','','');
insert into ib_conf_form_table_colums(PACKAGENAME,FORMNAME,FORMCOLUMN,FORMCOLUMNTITLE,TABLECOLUMN, TABLENAME,COLUMNNO,FCTYPE,FCWIDTH,FCHEIGHT,FCDISPLAY,FCEDIT,FCQUERY,FCMUST,FCDEFAULT, CONFSELECTINFO) values ('budgetmanage','MonthPlanAnalysis','IB_MONTHPLANANALY_S.MATERIALTYPE','材料类别','MATERIALTYPE','IB_MONTHPLANANALY_S',3,'1','','','1','1','2','','','');
insert into ib_conf_form_table_colums(PACKAGENAME,FORMNAME,FORMCOLUMN,FORMCOLUMNTITLE,TABLECOLUMN, TABLENAME,COLUMNNO,FCTYPE,FCWIDTH,FCHEIGHT,FCDISPLAY,FCEDIT,FCQUERY,FCMUST,FCDEFAULT, CONFSELECTINFO) values ('budgetmanage','MonthPlanAnalysis','IB_MONTHPLANANALY_S.MATERIALNAME','材料名称','MATERIALNAME','IB_MONTHPLANANALY_S',4,'1','','','1','1','2','','','');
insert into ib_conf_form_table_colums(PACKAGENAME,FORMNAME,FORMCOLUMN,FORMCOLUMNTITLE,TABLECOLUMN, TABLENAME,COLUMNNO,FCTYPE,FCWIDTH,FCHEIGHT,FCDISPLAY,FCEDIT,FCQUERY,FCMUST,FCDEFAULT, CONFSELECTINFO) values ('budgetmanage','MonthPlanAnalysis','IB_MONTHPLANANALY_S.MATERIALSPEC','规格/型号','MATERIALSPEC','IB_MONTHPLANANALY_S',5,'1','','','1','1','2','','','');
insert into ib_conf_form_table_colums(PACKAGENAME,FORMNAME,FORMCOLUMN,FORMCOLUMNTITLE,TABLECOLUMN, TABLENAME,COLUMNNO,FCTYPE,FCWIDTH,FCHEIGHT,FCDISPLAY,FCEDIT,FCQUERY,FCMUST,FCDEFAULT, CONFSELECTINFO) values ('budgetmanage','MonthPlanAnalysis','IB_MONTHPLANANALY_S.MATERIALUNIT','单位','MATERIALUNIT','IB_MONTHPLANANALY_S',6,'1','','','1','1','2','','','');
insert into ib_conf_form_table_colums(PACKAGENAME,FORMNAME,FORMCOLUMN,FORMCOLUMNTITLE,TABLECOLUMN, TABLENAME,COLUMNNO,FCTYPE,FCWIDTH,FCHEIGHT,FCDISPLAY,FCEDIT,FCQUERY,FCMUST,FCDEFAULT, CONFSELECTINFO) values ('budgetmanage','MonthPlanAnalysis','IB_MONTHPLANANALY_S.MATERIALPRICE','单价','MATERIALPRICE','IB_MONTHPLANANALY_S',7,'1','','','1','1','2','','','');
insert into ib_conf_form_table_colums(PACKAGENAME,FORMNAME,FORMCOLUMN,FORMCOLUMNTITLE,TABLECOLUMN, TABLENAME,COLUMNNO,FCTYPE,FCWIDTH,FCHEIGHT,FCDISPLAY,FCEDIT,FCQUERY,FCMUST,FCDEFAULT, CONFSELECTINFO) values ('budgetmanage','MonthPlanAnalysis','IB_MONTHPLANANALY_S.MATERIALNUM','数量','MATERIALNUM','IB_MONTHPLANANALY_S',8,'1','','','1','1','2','','','');
insert into ib_conf_form_table_colums(PACKAGENAME,FORMNAME,FORMCOLUMN,FORMCOLUMNTITLE,TABLECOLUMN, TABLENAME,COLUMNNO,FCTYPE,FCWIDTH,FCHEIGHT,FCDISPLAY,FCEDIT,FCQUERY,FCMUST,FCDEFAULT, CONFSELECTINFO) values ('budgetmanage','MonthPlanAnalysis','IB_MONTHPLANANALY_S.PLANAMOUNT','计划数','PLANAMOUNT','IB_MONTHPLANANALY_S',9,'1','','','1','1','2','','','');
insert into ib_conf_form_table_colums(PACKAGENAME,FORMNAME,FORMCOLUMN,FORMCOLUMNTITLE,TABLECOLUMN, TABLENAME,COLUMNNO,FCTYPE,FCWIDTH,FCHEIGHT,FCDISPLAY,FCEDIT,FCQUERY,FCMUST,FCDEFAULT, CONFSELECTINFO) values ('budgetmanage','MonthPlanAnalysis','IB_MONTHPLANANALY_S.AMOUNT','发生数','AMOUNT','IB_MONTHPLANANALY_S',10,'1','','','1','1','2','','','');
insert into ib_conf_form_table_colums(PACKAGENAME,FORMNAME,FORMCOLUMN,FORMCOLUMNTITLE,TABLECOLUMN, TABLENAME,COLUMNNO,FCTYPE,FCWIDTH,FCHEIGHT,FCDISPLAY,FCEDIT,FCQUERY,FCMUST,FCDEFAULT, CONFSELECTINFO) values ('budgetmanage','MonthPlanAnalysis','IB_MONTHPLANANALY_S.DEPTNAME','所属部门','DEPTNAME','IB_MONTHPLANANALY_S',11,'1','','','1','1','2','','','');
insert into ib_conf_form_table_colums(PACKAGENAME,FORMNAME,FORMCOLUMN,FORMCOLUMNTITLE,TABLECOLUMN, TABLENAME,COLUMNNO,FCTYPE,FCWIDTH,FCHEIGHT,FCDISPLAY,FCEDIT,FCQUERY,FCMUST,FCDEFAULT, CONFSELECTINFO) values ('budgetmanage','MonthPlanAnalysis','IB_MONTHPLANANALY_S.REMARK','备注','REMARK','IB_MONTHPLANANALY_S',12,'1','','','1','1','2','','','');
/*======= 表 ==========*/
insert into ib_conf_table(ID,PACKAGENAME,TABLENAME,TABLENAMECOMMENT,TABLETYPE, PARENTTABLEID,ISBPMTABLE) values ('77978b06-62c9-4bb4-bbcb-1abd51ca6b62','budgetmanage','IB_MONTHPLANANALYSIS','预算月度计划执行情况分析汇总表','1','',1);
insert into ib_conf_table(ID,PACKAGENAME,TABLENAME,TABLENAMECOMMENT,TABLETYPE, PARENTTABLEID,ISBPMTABLE) values ('bc970e0d-65a9-4cf3-ad28-afefd8927d9b','budgetmanage','IB_MONTHPLANANALY_S','预算月度计划执行情况分析汇总子表','2','',1);
/*======= 表字段 ==========*/
insert into ib_conf_table_columns(tableName,columnValue,columnName,columnType,columnSize, isNull,defaultValue,columnNo) values ('IB_MONTHPLANANALYSIS','PLANYEAR','计划年','VARCHAR','8','是','',1);
insert into ib_conf_table_columns(tableName,columnValue,columnName,columnType,columnSize, isNull,defaultValue,columnNo) values ('IB_MONTHPLANANALYSIS','PLANMONTH','计划月','VARCHAR','4','是','',2);
insert into ib_conf_table_columns(tableName,columnValue,columnName,columnType,columnSize, isNull,defaultValue,columnNo) values ('IB_MONTHPLANANALYSIS','PLANNAME','计划名称','VARCHAR','128','是','',3);
insert into ib_conf_table_columns(tableName,columnValue,columnName,columnType,columnSize, isNull,defaultValue,columnNo) values ('IB_MONTHPLANANALYSIS','DEPTNAME','编制部门','VARCHAR','64','是','',4);
insert into ib_conf_table_columns(tableName,columnValue,columnName,columnType,columnSize, isNull,defaultValue,columnNo) values ('IB_MONTHPLANANALYSIS','EVENTTIME','编制时间','DATE','0','是','',5);
insert into ib_conf_table_columns(tableName,columnValue,columnName,columnType,columnSize, isNull,defaultValue,columnNo) values ('IB_MONTHPLANANALYSIS','PLANNO','编号','VARCHAR','64','是','',6);
insert into ib_conf_table_columns(tableName,columnValue,columnName,columnType,columnSize, isNull,defaultValue,columnNo) values ('IB_MONTHPLANANALYSIS','ANNUALPLANAMOUNT','年计划数','NUMBER','12,2','是','',7);
insert into ib_conf_table_columns(tableName,columnValue,columnName,columnType,columnSize, isNull,defaultValue,columnNo) values ('IB_MONTHPLANANALYSIS','ANNUALPLANBALANCE','年计划数余额','NUMBER','12,2','是','',8);
insert into ib_conf_table_columns(tableName,columnValue,columnName,columnType,columnSize, isNull,defaultValue,columnNo) values ('IB_MONTHPLANANALYSIS','MONTHPLANAMOUNT','本月计划数','NUMBER','12,2','是','',9);
insert into ib_conf_table_columns(tableName,columnValue,columnName,columnType,columnSize, isNull,defaultValue,columnNo) values ('IB_MONTHPLANANALYSIS','MONTHAMOUNT','本月发生数','NUMBER','12,2','是','',10);
insert into ib_conf_table_columns(tableName,columnValue,columnName,columnType,columnSize, isNull,defaultValue,columnNo) values ('IB_MONTHPLANANALYSIS','SUMPLANAMOUNT','累计计划数','NUMBER','12,2','是','',11);
insert into ib_conf_table_columns(tableName,columnValue,columnName,columnType,columnSize, isNull,defaultValue,columnNo) values ('IB_MONTHPLANANALYSIS','SUMAMOUNT','累计发生数','NUMBER','12,2','是','',12);
insert into ib_conf_table_columns(tableName,columnValue,columnName,columnType,columnSize, isNull,defaultValue,columnNo) values ('IB_MONTHPLANANALYSIS','DEPTLEADER','科长审批','VARCHAR','512','是','',13);
insert into ib_conf_table_columns(tableName,columnValue,columnName,columnType,columnSize, isNull,defaultValue,columnNo) values ('IB_MONTHPLANANALYSIS','PLANNER','计划员确认','VARCHAR','512','是','',14);
insert into ib_conf_table_columns(tableName,columnValue,columnName,columnType,columnSize, isNull,defaultValue,columnNo) values ('IB_MONTHPLANANALYSIS','ID','UUID主键','VARCHAR','64','否','',91);
insert into ib_conf_table_columns(tableName,columnValue,columnName,columnType,columnSize, isNull,defaultValue,columnNo) values ('IB_MONTHPLANANALYSIS','EXECUTIONID','流程执行实例ID','VARCHAR','64','是','',92);
insert into ib_conf_table_columns(tableName,columnValue,columnName,columnType,columnSize, isNull,defaultValue,columnNo) values ('IB_MONTHPLANANALYSIS','CREATEDATEBPM','流程创建时间','DATETIME','','是','',93);
insert into ib_conf_table_columns(tableName,columnValue,columnName,columnType,columnSize, isNull,defaultValue,columnNo) values ('IB_MONTHPLANANALYSIS','NODENAME','流程节点名','VARCHAR','128','是','',94);
insert into ib_conf_table_columns(tableName,columnValue,columnName,columnType,columnSize, isNull,defaultValue,columnNo) values ('IB_MONTHPLANANALYSIS','USERNAME','负责人名','VARCHAR','128','是','',95);
insert into ib_conf_table_columns(tableName,columnValue,columnName,columnType,columnSize, isNull,defaultValue,columnNo) values ('IB_MONTHPLANANALYSIS','ASSIGNEEUSER','负责人','VARCHAR','64','是','',95);
insert into ib_conf_table_columns(tableName,columnValue,columnName,columnType,columnSize, isNull,defaultValue,columnNo) values ('IB_MONTHPLANANALYSIS','DONEFLAG','流程结束标记','INTEGER','4','是','',96);
insert into ib_conf_table_columns(tableName,columnValue,columnName,columnType,columnSize, isNull,defaultValue,columnNo) values ('IB_MONTHPLANANALYSIS','TASKTITLE','流程实例标题','VARCHAR','256','是','',97);
insert into ib_conf_table_columns(tableName,columnValue,columnName,columnType,columnSize, isNull,defaultValue,columnNo) values ('IB_MONTHPLANANALY_S','PROJECTTYPE','项目类别','VARCHAR','32','是','',1);
insert into ib_conf_table_columns(tableName,columnValue,columnName,columnType,columnSize, isNull,defaultValue,columnNo) values ('IB_MONTHPLANANALY_S','PROJECTNAME','项目名称','VARCHAR','128','是','',2);
insert into ib_conf_table_columns(tableName,columnValue,columnName,columnType,columnSize, isNull,defaultValue,columnNo) values ('IB_MONTHPLANANALY_S','MATERIALTYPE','材料类别','VARCHAR','64','是','',3);
insert into ib_conf_table_columns(tableName,columnValue,columnName,columnType,columnSize, isNull,defaultValue,columnNo) values ('IB_MONTHPLANANALY_S','MATERIALNAME','材料名称','VARCHAR','64','是','',4);
insert into ib_conf_table_columns(tableName,columnValue,columnName,columnType,columnSize, isNull,defaultValue,columnNo) values ('IB_MONTHPLANANALY_S','MATERIALSPEC','规格/型号','VARCHAR','64','是','',5);
insert into ib_conf_table_columns(tableName,columnValue,columnName,columnType,columnSize, isNull,defaultValue,columnNo) values ('IB_MONTHPLANANALY_S','MATERIALUNIT','单位','VARCHAR','64','是','',6);
insert into ib_conf_table_columns(tableName,columnValue,columnName,columnType,columnSize, isNull,defaultValue,columnNo) values ('IB_MONTHPLANANALY_S','MATERIALPRICE','单价','NUMBER','12,2','是','',7);
insert into ib_conf_table_columns(tableName,columnValue,columnName,columnType,columnSize, isNull,defaultValue,columnNo) values ('IB_MONTHPLANANALY_S','MATERIALNUM','数量','NUMBER','10','是','',8);
insert into ib_conf_table_columns(tableName,columnValue,columnName,columnType,columnSize, isNull,defaultValue,columnNo) values ('IB_MONTHPLANANALY_S','PLANAMOUNT','计划数','NUMBER','12,2','是','',9);
insert into ib_conf_table_columns(tableName,columnValue,columnName,columnType,columnSize, isNull,defaultValue,columnNo) values ('IB_MONTHPLANANALY_S','AMOUNT','发生数','NUMBER','12,2','是','',10);
insert into ib_conf_table_columns(tableName,columnValue,columnName,columnType,columnSize, isNull,defaultValue,columnNo) values ('IB_MONTHPLANANALY_S','DEPTNAME','所属部门','VARCHAR','64','是','',11);
insert into ib_conf_table_columns(tableName,columnValue,columnName,columnType,columnSize, isNull,defaultValue,columnNo) values ('IB_MONTHPLANANALY_S','REMARK','备注','VARCHAR','512','是','',12);
insert into ib_conf_table_columns(tableName,columnValue,columnName,columnType,columnSize, isNull,defaultValue,columnNo) values ('IB_MONTHPLANANALY_S','ID','UUID主键','VARCHAR','64','否','',91);
insert into ib_conf_table_columns(tableName,columnValue,columnName,columnType,columnSize, isNull,defaultValue,columnNo) values ('IB_MONTHPLANANALY_S','PARENTID','主表UUID','VARCHAR','64','否','',92);


