
INSERT INTO PARTY_TYPE(ID,NAME,TYPE,SCOPE_ID) VALUES(1,'人员',2,'1');
INSERT INTO PARTY_TYPE(ID,NAME,TYPE,SCOPE_ID) VALUES(2,'公司',0,'1');
INSERT INTO PARTY_TYPE(ID,NAME,TYPE,SCOPE_ID) VALUES(3,'部门',0,'1');
INSERT INTO PARTY_TYPE(ID,NAME,TYPE,SCOPE_ID) VALUES(4,'小组',0,'1');

INSERT INTO PARTY_ENTITY(ID,TYPE_ID,NAME,REF,SCOPE_ID) VALUES(1,2,'Mossle科技有限公司','1','1');
INSERT INTO PARTY_ENTITY(ID,TYPE_ID,NAME,REF,SCOPE_ID) VALUES(2,3,'市场部','2','1');
INSERT INTO PARTY_ENTITY(ID,TYPE_ID,NAME,REF,SCOPE_ID) VALUES(3,3,'财务部','3','1');
INSERT INTO PARTY_ENTITY(ID,TYPE_ID,NAME,REF,SCOPE_ID) VALUES(4,3,'人事部','4','1');
INSERT INTO PARTY_ENTITY(ID,TYPE_ID,NAME,REF,SCOPE_ID) VALUES(5,3,'研发部','5','1');
INSERT INTO PARTY_ENTITY(ID,TYPE_ID,NAME,REF,SCOPE_ID) VALUES(6,4,'平台组','6','1');
INSERT INTO PARTY_ENTITY(ID,TYPE_ID,NAME,REF,SCOPE_ID) VALUES(7,4,'OA组','7','1');
INSERT INTO PARTY_ENTITY(ID,TYPE_ID,NAME,REF,SCOPE_ID) VALUES(8,1,'Lingo','1','1');
INSERT INTO PARTY_ENTITY(ID,TYPE_ID,NAME,REF,SCOPE_ID) VALUES(9,1,'Vivian','2','1');
INSERT INTO PARTY_ENTITY(ID,TYPE_ID,NAME,REF,SCOPE_ID) VALUES(10,1,'Steven','3','1');
INSERT INTO PARTY_ENTITY(ID,TYPE_ID,NAME,REF,SCOPE_ID) VALUES(11,1,'King','4','1');
INSERT INTO PARTY_ENTITY(ID,TYPE_ID,NAME,REF,SCOPE_ID) VALUES(12,1,'John','5','1');
INSERT INTO PARTY_ENTITY(ID,TYPE_ID,NAME,REF,SCOPE_ID) VALUES(13,1,'William','6','1');
INSERT INTO PARTY_ENTITY(ID,TYPE_ID,NAME,REF,SCOPE_ID) VALUES(14,1,'Adam','7','1');

INSERT INTO PARTY_STRUCT_TYPE(ID,NAME,SCOPE_ID) VALUES(1,'默认','1');
INSERT INTO PARTY_STRUCT_TYPE(ID,NAME,SCOPE_ID) VALUES(2,'rd','1');
INSERT INTO PARTY_STRUCT_TYPE(ID,NAME,SCOPE_ID) VALUES(3,'pm','1');

INSERT INTO PARTY_STRUCT_RULE(ID,STRUCT_TYPE_ID,PARENT_TYPE_ID,CHILD_TYPE_ID,SCOPE_ID) VALUES(1,1,2,3,'1');
INSERT INTO PARTY_STRUCT_RULE(ID,STRUCT_TYPE_ID,PARENT_TYPE_ID,CHILD_TYPE_ID,SCOPE_ID) VALUES(2,1,3,4,'1');
INSERT INTO PARTY_STRUCT_RULE(ID,STRUCT_TYPE_ID,PARENT_TYPE_ID,CHILD_TYPE_ID,SCOPE_ID) VALUES(3,1,4,1,'1');

INSERT INTO PARTY_STRUCT(STRUCT_TYPE_ID,PARENT_ENTITY_ID,CHILD_ENTITY_ID,SCOPE_ID) VALUES(1,1,2,'1');
INSERT INTO PARTY_STRUCT(STRUCT_TYPE_ID,PARENT_ENTITY_ID,CHILD_ENTITY_ID,SCOPE_ID) VALUES(1,1,3,'1');
INSERT INTO PARTY_STRUCT(STRUCT_TYPE_ID,PARENT_ENTITY_ID,CHILD_ENTITY_ID,SCOPE_ID) VALUES(1,1,4,'1');
INSERT INTO PARTY_STRUCT(STRUCT_TYPE_ID,PARENT_ENTITY_ID,CHILD_ENTITY_ID,SCOPE_ID) VALUES(1,1,5,'1');
INSERT INTO PARTY_STRUCT(STRUCT_TYPE_ID,PARENT_ENTITY_ID,CHILD_ENTITY_ID,SCOPE_ID) VALUES(1,5,6,'1');
INSERT INTO PARTY_STRUCT(STRUCT_TYPE_ID,PARENT_ENTITY_ID,CHILD_ENTITY_ID,SCOPE_ID) VALUES(1,5,7,'1');

INSERT INTO PARTY_STRUCT(STRUCT_TYPE_ID,PARENT_ENTITY_ID,CHILD_ENTITY_ID,SCOPE_ID) VALUES(1,7,8,'1');
INSERT INTO PARTY_STRUCT(STRUCT_TYPE_ID,PARENT_ENTITY_ID,CHILD_ENTITY_ID,SCOPE_ID) VALUES(1,6,9,'1');
INSERT INTO PARTY_STRUCT(STRUCT_TYPE_ID,PARENT_ENTITY_ID,CHILD_ENTITY_ID,SCOPE_ID) VALUES(1,2,10,'1');
INSERT INTO PARTY_STRUCT(STRUCT_TYPE_ID,PARENT_ENTITY_ID,CHILD_ENTITY_ID,SCOPE_ID) VALUES(1,5,11,'1');
INSERT INTO PARTY_STRUCT(STRUCT_TYPE_ID,PARENT_ENTITY_ID,CHILD_ENTITY_ID,SCOPE_ID) VALUES(1,1,12,'1');
INSERT INTO PARTY_STRUCT(STRUCT_TYPE_ID,PARENT_ENTITY_ID,CHILD_ENTITY_ID,SCOPE_ID) VALUES(2,3,13,'1');
INSERT INTO PARTY_STRUCT(STRUCT_TYPE_ID,PARENT_ENTITY_ID,CHILD_ENTITY_ID,SCOPE_ID) VALUES(3,4,14,'1');

INSERT INTO PARTY_STRUCT(STRUCT_TYPE_ID,PARENT_ENTITY_ID,CHILD_ENTITY_ID,SCOPE_ID) VALUES(1,12,1,'1');
INSERT INTO PARTY_STRUCT(STRUCT_TYPE_ID,PARENT_ENTITY_ID,CHILD_ENTITY_ID,SCOPE_ID) VALUES(1,10,2,'1');
INSERT INTO PARTY_STRUCT(STRUCT_TYPE_ID,PARENT_ENTITY_ID,CHILD_ENTITY_ID,SCOPE_ID) VALUES(1,11,5,'1');


UPDATE PARTY_TYPE SET TYPE=0;
UPDATE PARTY_TYPE SET TYPE=1 where ID=1;
UPDATE PARTY_TYPE SET REF='user' where ID=1;
UPDATE PARTY_TYPE SET REF='company' where ID=2;
UPDATE PARTY_TYPE SET REF='department' where ID=3;
UPDATE PARTY_TYPE SET REF='group' where ID=4;



UPDATE PARTY_STRUCT SET STRUCT_TYPE_ID=1;
UPDATE PARTY_STRUCT SET PART_TIME=0,LINK=0,ADMIN=0,PRIORITY=0;
INSERT INTO PARTY_STRUCT(ID,STRUCT_TYPE_ID,PARENT_ENTITY_ID,CHILD_ENTITY_ID,SCOPE_ID) VALUES(20,1,NULL,1,'1');
DELETE FROM PARTY_STRUCT WHERE PARENT_ENTITY_ID=10;
DELETE FROM PARTY_STRUCT WHERE PARENT_ENTITY_ID=11;
DELETE FROM PARTY_STRUCT WHERE PARENT_ENTITY_ID=12;
UPDATE PARTY_STRUCT SET ADMIN=1 where CHILD_ENTITY_ID=10;
UPDATE PARTY_STRUCT SET ADMIN=1 where CHILD_ENTITY_ID=11;
UPDATE PARTY_STRUCT SET ADMIN=1 where CHILD_ENTITY_ID=12;



UPDATE PARTY_STRUCT_TYPE SET NAME='行政组织' WHERE ID=1;
DELETE FROM PARTY_STRUCT_TYPE WHERE ID=2;
DELETE FROM PARTY_STRUCT_TYPE WHERE ID=3;
UPDATE PARTY_STRUCT_TYPE SET PRIORITY=0;


DELETE FROM PARTY_STRUCT_RULE;
INSERT INTO PARTY_STRUCT_RULE(ID,PARENT_TYPE_ID,CHILD_TYPE_ID,STRUCT_TYPE_ID,SCOPE_ID) VALUES(1,2,2,1,'1');
INSERT INTO PARTY_STRUCT_RULE(ID,PARENT_TYPE_ID,CHILD_TYPE_ID,STRUCT_TYPE_ID,SCOPE_ID) VALUES(2,2,3,1,'1');
INSERT INTO PARTY_STRUCT_RULE(ID,PARENT_TYPE_ID,CHILD_TYPE_ID,STRUCT_TYPE_ID,SCOPE_ID) VALUES(3,2,4,1,'1');
INSERT INTO PARTY_STRUCT_RULE(ID,PARENT_TYPE_ID,CHILD_TYPE_ID,STRUCT_TYPE_ID,SCOPE_ID) VALUES(4,2,1,1,'1');
INSERT INTO PARTY_STRUCT_RULE(ID,PARENT_TYPE_ID,CHILD_TYPE_ID,STRUCT_TYPE_ID,SCOPE_ID) VALUES(5,3,3,1,'1');
INSERT INTO PARTY_STRUCT_RULE(ID,PARENT_TYPE_ID,CHILD_TYPE_ID,STRUCT_TYPE_ID,SCOPE_ID) VALUES(6,3,4,1,'1');
INSERT INTO PARTY_STRUCT_RULE(ID,PARENT_TYPE_ID,CHILD_TYPE_ID,STRUCT_TYPE_ID,SCOPE_ID) VALUES(7,3,1,1,'1');
INSERT INTO PARTY_STRUCT_RULE(ID,PARENT_TYPE_ID,CHILD_TYPE_ID,STRUCT_TYPE_ID,SCOPE_ID) VALUES(8,4,4,1,'1');
INSERT INTO PARTY_STRUCT_RULE(ID,PARENT_TYPE_ID,CHILD_TYPE_ID,STRUCT_TYPE_ID,SCOPE_ID) VALUES(9,4,1,1,'1');



UPDATE PARTY_ENTITY SET REF=1 where id=2;
UPDATE PARTY_ENTITY SET REF=2 where id=3;
UPDATE PARTY_ENTITY SET REF=3 where id=4;
UPDATE PARTY_ENTITY SET REF=4 where id=5;


